T0
M107
;TYPE:Custom
M82 ;absolute extrusion mode
;Start GCode begin
M140 S65   ;Start Warming Bed
M104 S160 ;Preheat Nozzle
G28 ; home all axes
G90 ;absolute positioning
G92 E0
G92 E0
G1 Z0.5 F1800
M109 S210 ;Wait for Hotend Temperature
M190 S65   ;Wait For Bed Temperature
G1 E-2 F300
G92 E0
;Start GCode end
G1 F3600 E-2
G21 ; set units to millimeters
G90 ; use absolute coordinates
M82 ; use absolute distances for extrusion
G92 E0
; set parameter gcode
M205 V5 ; set_junction_value
M593 P1 F50 ; reset_input_shaper
M201 X20000 Y20000 Z500 E6000
; Filament gcode
M107
;LAYER_CHANGE
;Z:0.28
;HEIGHT:0.28
G1 Z.28 F600
G1 E-1 F2400
G92 E0
G1 X121.52 Y86.605 F6000
G1 E1 F2400
M204 S1000
;TYPE:Skirt/Brim
;WIDTH:0.45
G1 F2100
G1 X122.381 Y85.49 E1.06394
G1 X123.379 Y84.357 E1.13246
G1 X124.386 Y83.352 E1.19702
G1 X125.442 Y82.421 E1.26093
G1 X126.563 Y81.55 E1.32539
G1 X127.749 Y80.742 E1.3905
G1 X129.005 Y79.999 E1.45675
G1 X130.271 Y79.353 E1.52124
G1 X131.585 Y78.784 E1.58625
G1 X132.934 Y78.297 E1.65135
G1 X134.304 Y77.898 E1.71612
G1 X135.76 Y77.573 E1.78383
G1 X137.151 Y77.354 E1.84775
G1 X138.553 Y77.222 E1.91166
G1 X139.98 Y77.176 E1.97647
G1 X180.359 Y77.184 E3.80928
G1 X181.094 Y77.393 E3.84394
G1 X181.515 Y77.623 E3.86573
G1 X182.205 Y78.269 E3.9086
G1 X182.576 Y78.837 E3.93941
G1 X182.824 Y79.696 E3.97999
G1 X182.824 Y120.3 E5.82301
G1 X182.606 Y121.097 E5.86054
G1 X182.305 Y121.609 E5.88747
G1 X181.727 Y122.209 E5.92528
G1 X181.393 Y122.46 E5.94426
G1 X180.307 Y122.824 E5.99624
G1 X139.98 Y122.824 E7.82668
G1 X138.53 Y122.777 E7.89255
G1 X137.127 Y122.643 E7.95649
G1 X135.747 Y122.425 E8.0199
G1 X134.3 Y122.101 E8.08721
G1 X132.936 Y121.704 E8.1517
G1 X131.599 Y121.222 E8.21621
G1 X130.283 Y120.652 E8.28129
G1 X129.017 Y120.008 E8.34578
G1 X127.783 Y119.279 E8.41084
G1 X126.596 Y118.473 E8.47595
G1 X125.461 Y117.595 E8.54109
G1 X124.384 Y116.646 E8.60622
G1 X123.378 Y115.642 E8.67074
G1 X122.43 Y114.568 E8.73577
G1 X121.558 Y113.447 E8.80025
G1 X120.756 Y112.273 E8.86477
G1 X119.993 Y110.985 E8.93274
G1 X119.358 Y109.74 E8.99615
G1 X118.797 Y108.449 E9.06005
G1 X118.277 Y107.006 E9.12968
G1 X117.893 Y105.676 E9.19249
G1 X117.59 Y104.326 E9.2553
G1 X117.35 Y102.811 E9.32493
G1 X117.221 Y101.433 E9.38774
G1 X117.176 Y100.05 E9.45055
G1 X117.224 Y98.517 E9.52018
G1 X117.356 Y97.139 E9.58299
G1 X117.571 Y95.772 E9.6458
G1 X117.905 Y94.275 E9.71543
G1 X118.297 Y92.935 E9.7788
G1 X118.765 Y91.632 E9.84163
G1 X119.37 Y90.236 E9.9107
G1 X120.011 Y88.982 E9.97464
G1 X120.729 Y87.77 E10.03857
G1 X121.486 Y86.654 E10.09977
M204 S1000
G1 X121.809 Y86.873 F6000
M204 S1000
G1 F2100
G1 X122.686 Y85.734 E10.16505
G1 X123.659 Y84.629 E10.23188
G1 X124.657 Y83.633 E10.29587
G1 X125.695 Y82.718 E10.35869
G1 X126.798 Y81.862 E10.42204
G1 X127.963 Y81.068 E10.48604
G1 X129.198 Y80.337 E10.55118
G1 X130.442 Y79.703 E10.61455
G1 X131.723 Y79.148 E10.6779
G1 X133.049 Y78.67 E10.74189
G1 X134.407 Y78.275 E10.80609
G1 X135.827 Y77.957 E10.87213
G1 X137.194 Y77.742 E10.93494
G1 X138.572 Y77.611 E10.99776
G1 X139.983 Y77.566 E11.06186
G1 X180.33 Y77.574 E12.89321
G1 X180.961 Y77.761 E12.92306
G1 X181.303 Y77.951 E12.94084
G1 X181.92 Y78.536 E12.97943
G1 X182.211 Y78.977 E13.00342
G1 X182.434 Y79.725 E13.03884
G1 X182.434 Y120.272 E14.87927
G1 X182.238 Y120.964 E14.91193
G1 X181.984 Y121.387 E14.93433
G1 X181.459 Y121.925 E14.96841
G1 X181.185 Y122.129 E14.98392
G1 X180.275 Y122.434 E15.02748
G1 X139.983 Y122.434 E16.85634
G1 X138.56 Y122.388 E16.92095
G1 X137.182 Y122.257 E16.9838
G1 X135.814 Y122.04 E17.04665
G1 X134.403 Y121.725 E17.11229
G1 X133.062 Y121.335 E17.17567
G1 X131.748 Y120.861 E17.23908
G1 X130.454 Y120.302 E17.30305
G1 X129.21 Y119.669 E17.36643
G1 X127.996 Y118.953 E17.43039
G1 X126.83 Y118.161 E17.49437
G1 X125.705 Y117.29 E17.55895
G1 X124.647 Y116.358 E17.62297
G1 X123.658 Y115.37 E17.68638
G1 X122.726 Y114.315 E17.7503
G1 X121.869 Y113.212 E17.81368
G1 X121.082 Y112.058 E17.87709
G1 X120.332 Y110.791 E17.94393
G1 X119.709 Y109.568 E18.00622
G1 X119.157 Y108.299 E18.06903
G1 X118.65 Y106.891 E18.13696
G1 X118.272 Y105.585 E18.19868
G1 X117.971 Y104.247 E18.26094
G1 X117.737 Y102.768 E18.32887
G1 X117.61 Y101.403 E18.39113
G1 X117.566 Y100.044 E18.45285
G1 X117.613 Y98.548 E18.52079
G1 X117.742 Y97.194 E18.58252
G1 X117.955 Y95.839 E18.64477
G1 X118.281 Y94.378 E18.7127
G1 X118.666 Y93.061 E18.77498
G1 X119.13 Y91.77 E18.83726
G1 X119.72 Y90.408 E18.90463
G1 X120.35 Y89.175 E18.96748
G1 X121.055 Y87.984 E19.0303
G1 X121.775 Y86.923 E19.08851
M204 S1000
G1 X122.098 Y87.142 F6000
M204 S1000
G1 F2100
G1 X122.991 Y85.977 E19.15513
G1 X123.939 Y84.9 E19.22027
G1 X124.928 Y83.913 E19.2837
G1 X125.948 Y83.014 E19.34541
G1 X127.022 Y82.181 E19.40712
G1 X128.177 Y81.394 E19.47055
G1 X129.391 Y80.676 E19.53457
G1 X130.603 Y80.059 E19.59629
G1 X131.861 Y79.513 E19.65854
G1 X133.164 Y79.042 E19.7214
G1 X134.51 Y78.651 E19.78504
G1 X135.894 Y78.341 E19.8494
G1 X137.237 Y78.129 E19.91112
G1 X138.59 Y78.001 E19.97283
G1 X139.986 Y77.955 E20.03622
G1 X180.3 Y77.964 E21.86604
G1 X180.824 Y78.126 E21.89092
G1 X181.088 Y78.277 E21.90474
G1 X181.635 Y78.802 E21.93916
G1 X181.848 Y79.121 E21.95657
G1 X182.045 Y79.755 E21.98671
G1 X182.045 Y120.243 E23.82445
G1 X181.873 Y120.827 E23.85207
G1 X181.665 Y121.162 E23.86994
G1 X181.194 Y121.639 E23.90039
G1 X180.979 Y121.796 E23.91247
G1 X180.244 Y122.045 E23.94771
G1 X139.986 Y122.045 E25.77498
G1 X138.591 Y121.999 E25.83833
G1 X137.237 Y121.871 E25.90008
G1 X135.881 Y121.656 E25.96238
G1 X134.506 Y121.349 E26.02634
G1 X133.189 Y120.966 E26.08862
G1 X131.897 Y120.501 E26.15092
G1 X130.626 Y119.952 E26.21378
G1 X129.403 Y119.33 E26.27606
G1 X128.21 Y118.627 E26.3389
G1 X127.063 Y117.849 E26.40178
G1 X125.958 Y116.993 E26.46523
G1 X124.909 Y116.069 E26.52869
G1 X123.938 Y115.099 E26.59099
G1 X123.023 Y114.061 E26.6538
G1 X122.181 Y112.978 E26.71608
G1 X121.408 Y111.844 E26.77838
G1 X120.67 Y110.598 E26.84408
G1 X120.059 Y109.397 E26.90527
G1 X119.517 Y108.15 E26.96697
G1 X119.023 Y106.777 E27.03322
G1 X118.648 Y105.482 E27.09438
G1 X118.353 Y104.167 E27.15555
G1 X118.125 Y102.726 E27.22179
G1 X117.999 Y101.384 E27.28296
G1 X117.956 Y100.037 E27.34412
G1 X118.001 Y98.578 E27.41038
G1 X118.129 Y97.237 E27.47155
G1 X118.339 Y95.906 E27.53271
G1 X118.658 Y94.482 E27.59895
G1 X119.035 Y93.188 E27.66013
G1 X119.495 Y91.908 E27.72185
G1 X120.07 Y90.58 E27.78754
G1 X120.689 Y89.369 E27.84928
G1 X121.387 Y88.188 E27.91156
G1 X122.064 Y87.192 E27.96621
M204 S1000
G1 X122.386 Y87.411 F6000
M204 S1000
G1 F2100
G1 X123.295 Y86.221 E28.03417
G1 X124.219 Y85.172 E28.09761
G1 X125.199 Y84.193 E28.16048
G1 X126.202 Y83.311 E28.22108
G1 X127.247 Y82.499 E28.28115
G1 X128.392 Y81.72 E28.34403
G1 X129.584 Y81.015 E28.40691
G1 X130.775 Y80.409 E28.46753
G1 X132 Y79.878 E28.52813
G1 X133.279 Y79.415 E28.58988
G1 X134.613 Y79.027 E28.65295
G1 X135.961 Y78.726 E28.71563
G1 X137.28 Y78.517 E28.77625
G1 X138.609 Y78.39 E28.83686
G1 X139.989 Y78.345 E28.89954
G1 X180.213 Y78.345 E30.72527
G1 X180.685 Y78.491 E30.74772
G1 X180.868 Y78.599 E30.75735
G1 X181.349 Y79.068 E30.78783
G1 X181.486 Y79.27 E30.79892
G1 X181.655 Y79.787 E30.82362
G1 X181.655 Y120.213 E32.65852
G1 X181.509 Y120.684 E32.68091
G1 X181.35 Y120.931 E32.69427
G1 X180.93 Y121.351 E32.72121
G1 X180.775 Y121.463 E32.72988
G1 X180.211 Y121.655 E32.75691
G1 X139.989 Y121.655 E34.58258
G1 X138.622 Y121.611 E34.64467
G1 X137.28 Y121.483 E34.70586
G1 X135.948 Y121.272 E34.76706
G1 X134.609 Y120.973 E34.82936
G1 X133.315 Y120.597 E34.89053
G1 X132.046 Y120.141 E34.95173
G1 X130.797 Y119.601 E35.01348
G1 X129.595 Y118.991 E35.07466
G1 X128.424 Y118.3 E35.13639
G1 X127.297 Y117.537 E35.19814
G1 X126.202 Y116.689 E35.26103
G1 X125.172 Y115.781 E35.32336
G1 X124.218 Y114.828 E35.38455
G1 X123.319 Y113.808 E35.44626
G1 X122.492 Y112.744 E35.50743
G1 X121.733 Y111.63 E35.56862
G1 X121.009 Y110.405 E35.6332
G1 X120.409 Y109.225 E35.69327
G1 X119.878 Y108 E35.75388
G1 X119.396 Y106.662 E35.81844
G1 X119.027 Y105.391 E35.87851
G1 X118.735 Y104.088 E35.93912
G1 X118.512 Y102.683 E36.00368
G1 X118.389 Y101.366 E36.06375
G1 X118.346 Y100.031 E36.12436
G1 X118.39 Y98.609 E36.18892
G1 X118.517 Y97.28 E36.24954
G1 X118.723 Y95.973 E36.3096
G1 X119.034 Y94.585 E36.37416
G1 X119.407 Y93.302 E36.43478
G1 X119.859 Y92.046 E36.49541
G1 X120.42 Y90.752 E36.55941
G1 X121.027 Y89.562 E36.62005
G1 X121.713 Y88.402 E36.68123
G1 X122.353 Y87.46 E36.73288
M204 S1000
G1 X122.675 Y87.679 F6000
M204 S1000
G1 F2100
G1 X123.6 Y86.464 E36.80217
G1 X124.507 Y85.434 E36.86449
G1 X125.461 Y84.482 E36.92568
G1 X126.445 Y83.615 E36.98519
G1 X127.481 Y82.811 E37.04471
G1 X128.606 Y82.046 E37.10646
G1 X129.777 Y81.354 E37.16822
G1 X130.946 Y80.759 E37.22773
G1 X132.149 Y80.238 E37.28724
G1 X133.405 Y79.784 E37.34788
G1 X134.716 Y79.403 E37.40983
G1 X136.04 Y79.108 E37.47139
G1 X137.335 Y78.903 E37.5309
G1 X138.64 Y78.779 E37.59041
G1 X139.992 Y78.735 E37.65183
G1 X159.916 Y78.739 E38.55614
G1 X160.003 Y78.756 E38.56016
G1 X160.108 Y78.735 E38.56506
G1 X180.18 Y78.735 E39.4761
G1 X180.538 Y78.853 E39.49322
G1 X180.642 Y78.917 E39.49877
G1 X181.063 Y79.333 E39.52564
G1 X181.128 Y79.426 E39.53077
G1 X181.265 Y79.822 E39.54977
G1 X181.265 Y99.891 E40.46073
G1 X181.243 Y100 E40.46576
G1 X181.265 Y100.109 E40.4708
G1 X181.265 Y120.18 E41.38182
G1 X181.148 Y120.536 E41.39883
G1 X181.06 Y120.67 E41.40608
G1 X180.667 Y121.063 E41.43132
G1 X180.574 Y121.128 E41.43648
G1 X180.178 Y121.265 E41.45548
G1 X139.992 Y121.265 E43.27952
G1 X138.653 Y121.222 E43.34035
G1 X137.335 Y121.097 E43.40044
G1 X136.015 Y120.888 E43.46108
G1 X134.712 Y120.596 E43.52171
G1 X133.441 Y120.228 E43.58179
G1 X132.183 Y119.776 E43.64242
G1 X130.957 Y119.246 E43.70306
G1 X129.777 Y118.646 E43.76313
G1 X128.627 Y117.968 E43.82376
G1 X127.521 Y117.218 E43.88439
G1 X126.445 Y116.385 E43.94616
G1 X125.434 Y115.492 E44.00737
G1 X124.499 Y114.556 E44.06745
G1 X123.623 Y113.564 E44.12751
G1 X122.811 Y112.519 E44.18757
G1 X122.059 Y111.415 E44.2482
G1 X121.354 Y110.223 E44.31109
G1 X120.759 Y109.054 E44.3706
G1 X120.238 Y107.851 E44.43012
G1 X119.769 Y106.548 E44.49299
G1 X119.404 Y105.288 E44.55251
G1 X119.117 Y104.009 E44.61202
G1 X118.9 Y102.641 E44.6749
G1 X118.777 Y101.335 E44.73441
G1 X118.735 Y100.025 E44.79393
G1 X118.779 Y98.64 E44.85681
G1 X118.903 Y97.335 E44.91632
G1 X119.108 Y96.04 E44.97583
G1 X119.41 Y94.688 E45.03871
G1 X119.776 Y93.429 E45.09823
G1 X120.224 Y92.183 E45.1583
G1 X120.77 Y90.923 E45.22062
G1 X121.372 Y89.745 E45.2807
G1 X122.046 Y88.606 E45.34077
G1 X122.641 Y87.729 E45.38888
M204 S1000
G1 X122.964 Y87.948 F6000
M204 S1000
G1 F2100
G1 X123.109 Y87.735 E45.40057
G1 X123.904 Y86.708 E45.45953
G1 X124.796 Y85.697 E45.52073
G1 X125.724 Y84.77 E45.58025
G1 X126.689 Y83.92 E45.63866
G1 X127.715 Y83.123 E45.69762
G1 X128.82 Y82.372 E45.75826
G1 X129.96 Y81.699 E45.81833
G1 X131.117 Y81.11 E45.87729
G1 X132.298 Y80.598 E45.93571
G1 X133.532 Y80.153 E45.99523
G1 X134.807 Y79.782 E46.05551
G1 X136.107 Y79.492 E46.11595
G1 X137.378 Y79.291 E46.17436
G1 X138.671 Y79.168 E46.23332
G1 X139.995 Y79.125 E46.29348
G1 X159.858 Y79.125 E47.19505
G1 X159.989 Y79.171 E47.20135
G1 X160.145 Y79.125 E47.20874
G1 X180.144 Y79.125 E48.11645
G1 X180.379 Y79.209 E48.12779
G1 X180.772 Y79.593 E48.15273
G1 X180.875 Y79.856 E48.16555
G1 X180.875 Y99.855 E49.07326
G1 X180.832 Y100 E49.08015
G1 X180.875 Y100.145 E49.08704
G1 X180.875 Y120.144 E49.99475
G1 X180.791 Y120.379 E50.00608
G1 X180.407 Y120.772 E50.03102
G1 X180.144 Y120.875 E50.04384
G1 X139.996 Y120.875 E51.86616
G1 X138.683 Y120.833 E51.92575
G1 X137.39 Y120.711 E51.98472
G1 X136.082 Y120.504 E52.0448
G1 X134.803 Y120.217 E52.10432
G1 X133.555 Y119.855 E52.16328
G1 X132.321 Y119.411 E52.22281
G1 X131.117 Y118.89 E52.28234
G1 X129.96 Y118.301 E52.3413
G1 X128.83 Y117.635 E52.40082
G1 X127.745 Y116.899 E52.46034
G1 X126.689 Y116.08 E52.52099
G1 X125.697 Y115.204 E52.58107
G1 X124.779 Y114.285 E52.64004
G1 X123.92 Y113.311 E52.699
G1 X123.123 Y112.285 E52.75796
G1 X122.385 Y111.201 E52.81748
G1 X121.699 Y110.04 E52.87868
G1 X121.11 Y108.883 E52.93764
G1 X120.598 Y107.702 E52.99605
G1 X120.141 Y106.433 E53.05726
G1 X119.783 Y105.197 E53.11567
G1 X119.499 Y103.93 E53.17463
G1 X119.288 Y102.598 E53.23582
G1 X119.166 Y101.305 E53.29478
G1 X119.125 Y100.019 E53.35319
G1 X119.168 Y98.671 E53.41439
G1 X119.291 Y97.378 E53.47335
G1 X119.492 Y96.107 E53.53176
G1 X119.786 Y94.791 E53.59296
G1 X120.149 Y93.544 E53.65192
G1 X120.589 Y92.321 E53.71089
G1 X121.12 Y91.095 E53.77153
G1 X121.716 Y89.927 E53.83105
G1 X122.378 Y88.81 E53.89002
G1 X122.93 Y87.998 E53.93458
M204 S1000
G1 X123.253 Y88.217 F6000
M204 S1000
G1 F2100
G1 X123.428 Y87.959 E53.94871
G1 X124.208 Y86.952 E54.00656
G1 X125.076 Y85.968 E54.06609
G1 X125.986 Y85.059 E54.1245
G1 X126.943 Y84.216 E54.18235
G1 X127.949 Y83.435 E54.24021
G1 X129.024 Y82.704 E54.29917
G1 X130.142 Y82.043 E54.35814
G1 X131.278 Y81.465 E54.41599
G1 X132.448 Y80.958 E54.47385
G1 X133.658 Y80.522 E54.53227
G1 X134.91 Y80.158 E54.59142
G1 X136.174 Y79.876 E54.65019
G1 X137.432 Y79.677 E54.70805
G1 X138.701 Y79.556 E54.7659
G1 X139.999 Y79.515 E54.82481
G1 X159.8 Y79.515 E55.7236
G1 X159.872 Y79.545 E55.72712
G1 X159.96 Y79.633 E55.73276
G1 X160.205 Y79.515 E55.74511
G1 X180.1 Y79.515 E56.64814
G1 X180.172 Y79.545 E56.65166
G1 X180.455 Y79.828 E56.66985
G1 X180.485 Y79.9 E56.67337
G1 X180.485 Y99.795 E57.5764
G1 X180.387 Y100 E57.58672
G1 X180.485 Y100.205 E57.59705
G1 X180.485 Y120.1 E58.50008
G1 X180.455 Y120.172 E58.5036
G1 X180.172 Y120.455 E58.52178
G1 X180.1 Y120.485 E58.52531
G1 X139.999 Y120.485 E60.34551
G1 X138.714 Y120.444 E60.40386
G1 X137.445 Y120.325 E60.46171
G1 X136.15 Y120.12 E60.52124
G1 X134.906 Y119.841 E60.57909
G1 X133.682 Y119.486 E60.63695
G1 X132.459 Y119.046 E60.69592
G1 X131.278 Y118.535 E60.75433
G1 X130.142 Y117.957 E60.81219
G1 X129.034 Y117.302 E60.87059
G1 X127.969 Y116.58 E60.929
G1 X126.943 Y115.784 E60.98797
G1 X125.968 Y114.924 E61.04694
G1 X125.059 Y114.014 E61.10535
G1 X124.216 Y113.058 E61.1632
G1 X123.435 Y112.051 E61.22106
G1 X122.711 Y110.987 E61.27947
G1 X122.043 Y109.858 E61.33899
G1 X121.465 Y108.722 E61.39685
G1 X120.958 Y107.552 E61.4547
G1 X120.514 Y106.318 E61.51423
G1 X120.159 Y105.094 E61.57209
G1 X119.88 Y103.85 E61.62994
G1 X119.675 Y102.555 E61.68946
G1 X119.556 Y101.286 E61.74732
G1 X119.515 Y100.012 E61.80517
G1 X119.556 Y98.701 E61.8647
G1 X119.677 Y97.432 E61.92256
G1 X119.876 Y96.174 E61.98041
G1 X120.162 Y94.894 E62.03993
G1 X120.518 Y93.67 E62.09779
G1 X120.949 Y92.47 E62.15564
G1 X121.47 Y91.267 E62.21517
G1 X122.055 Y90.121 E62.27358
G1 X122.704 Y89.024 E62.33143
G1 X123.219 Y88.266 E62.37299
M204 S1000
G1 X123.541 Y88.486 F6000
M204 S1000
G1 F2100
G1 X123.747 Y88.184 E62.38957
G1 X124.513 Y87.196 E62.44631
G1 X125.356 Y86.24 E62.50417
G1 X126.249 Y85.347 E62.56147
G1 X127.196 Y84.513 E62.61876
G1 X128.184 Y83.747 E62.67551
G1 X129.228 Y83.037 E62.73281
G1 X130.325 Y82.388 E62.79067
G1 X131.439 Y81.82 E62.84741
G1 X132.597 Y81.319 E62.90471
G1 X133.785 Y80.891 E62.96201
G1 X135.013 Y80.534 E63.02004
G1 X136.241 Y80.26 E63.07716
G1 X137.475 Y80.064 E63.13391
G1 X138.732 Y79.945 E63.19121
G1 X140.002 Y79.905 E63.24885
G1 X159.681 Y79.905 E64.14209
G1 X159.795 Y80.019 E64.14942
G1 X159.795 Y80.545 E64.17328
G1 X160.205 Y80.545 E64.1919
G1 X160.205 Y80.019 E64.21576
G1 X160.319 Y79.905 E64.22309
G1 X179.981 Y79.905 E65.11553
G1 X180.095 Y80.019 E65.12286
G1 X180.095 Y99.681 E66.01529
G1 X179.981 Y99.795 E66.02262
G1 X179.455 Y99.795 E66.04648
G1 X179.455 Y100.205 E66.0651
G1 X179.981 Y100.205 E66.08896
G1 X180.095 Y100.319 E66.09629
G1 X180.095 Y119.981 E66.98873
G1 X179.981 Y120.095 E66.99606
G1 X140.002 Y120.095 E68.8107
G1 X138.744 Y120.056 E68.8678
G1 X137.487 Y119.937 E68.9251
G1 X136.229 Y119.738 E68.98295
G1 X135.009 Y119.465 E69.0397
G1 X133.796 Y119.113 E69.09699
G1 X132.597 Y118.681 E69.15485
G1 X131.439 Y118.18 E69.21215
G1 X130.325 Y117.612 E69.26889
G1 X129.238 Y116.97 E69.3262
G1 X128.193 Y116.261 E69.38349
G1 X127.196 Y115.487 E69.44079
G1 X126.24 Y114.644 E69.49864
G1 X125.347 Y113.751 E69.55594
G1 X124.521 Y112.814 E69.61269
G1 X123.747 Y111.816 E69.66999
G1 X123.037 Y110.772 E69.72729
G1 X122.388 Y109.675 E69.78514
G1 X121.82 Y108.561 E69.84189
G1 X121.319 Y107.403 E69.89919
G1 X120.887 Y106.204 E69.95704
G1 X120.535 Y104.991 E70.01434
G1 X120.262 Y103.771 E70.07108
G1 X120.063 Y102.512 E70.12894
G1 X119.945 Y101.268 E70.18568
G1 X119.905 Y100.006 E70.24298
G1 X119.945 Y98.732 E70.30084
G1 X120.064 Y97.475 E70.35814
G1 X120.26 Y96.241 E70.41488
G1 X120.538 Y94.997 E70.47274
G1 X120.891 Y93.785 E70.53003
G1 X121.314 Y92.608 E70.58678
G1 X121.82 Y91.439 E70.64463
G1 X122.394 Y90.314 E70.70193
G1 X123.037 Y89.228 E70.75923
G1 X123.507 Y88.535 E70.79723
M204 S1000
G1 X123.855 Y88.771 F6000
M204 S1000
;TYPE:External perimeter
G1 F2100
G1 X124.083 Y88.435 E70.81566
G1 X124.84 Y87.459 E70.87176
G1 X125.658 Y86.532 E70.92786
G1 X126.532 Y85.658 E70.98396
G1 X127.459 Y84.84 E71.04006
G1 X128.435 Y84.083 E71.09617
G1 X129.458 Y83.388 E71.15227
G1 X130.522 Y82.759 E71.20837
G1 X131.623 Y82.198 E71.26447
G1 X132.757 Y81.707 E71.32057
G1 X133.92 Y81.288 E71.37668
G1 X135.107 Y80.943 E71.43278
G1 X136.313 Y80.674 E71.48888
G1 X137.534 Y80.48 E71.54498
G1 X138.765 Y80.364 E71.60108
G1 X140.005 Y80.325 E71.65742
G1 X159.375 Y80.325 E72.53661
G1 X159.375 Y80.965 E72.56566
G1 X160.625 Y80.965 E72.6224
G1 X160.625 Y80.325 E72.65145
G1 X179.675 Y80.325 E73.51612
G1 X179.675 Y99.375 E74.3808
G1 X179.035 Y99.375 E74.40985
G1 X179.035 Y100.625 E74.46659
G1 X179.675 Y100.625 E74.49564
G1 X179.675 Y119.675 E75.36031
G1 X140.005 Y119.675 E77.16092
G1 X138.765 Y119.636 E77.21725
G1 X137.534 Y119.52 E77.27335
G1 X136.313 Y119.326 E77.32946
G1 X135.107 Y119.057 E77.38556
G1 X133.92 Y118.712 E77.44166
G1 X132.757 Y118.293 E77.49776
G1 X131.623 Y117.802 E77.55386
G1 X130.522 Y117.241 E77.60997
G1 X129.458 Y116.612 E77.66607
G1 X128.435 Y115.917 E77.72217
G1 X127.459 Y115.16 E77.77827
G1 X126.532 Y114.342 E77.83437
G1 X125.658 Y113.468 E77.89048
G1 X124.84 Y112.541 E77.94658
G1 X124.083 Y111.565 E78.00268
G1 X123.388 Y110.542 E78.05878
G1 X122.759 Y109.478 E78.11488
G1 X122.198 Y108.377 E78.17099
G1 X121.707 Y107.243 E78.22709
G1 X121.288 Y106.08 E78.28319
G1 X120.943 Y104.893 E78.33929
G1 X120.674 Y103.687 E78.39539
G1 X120.48 Y102.466 E78.45149
G1 X120.364 Y101.235 E78.5076
G1 X120.325 Y100 E78.5637
G1 X120.364 Y98.765 E78.6198
G1 X120.48 Y97.534 E78.6759
G1 X120.674 Y96.313 E78.732
G1 X120.943 Y95.107 E78.78811
G1 X121.288 Y93.92 E78.84421
G1 X121.707 Y92.757 E78.90031
G1 X122.198 Y91.623 E78.95641
G1 X122.759 Y90.522 E79.01251
G1 X123.388 Y89.458 E79.06862
G1 X123.821 Y88.821 E79.10357
M204 S1000
M106 S255
;LAYER_CHANGE
;Z:0.48
;HEIGHT:0.2
M593 P1 F50 ; reset_input_shaper
M220 S50
G1 Z0.280 F600
G1 F5915
G1 Z0.281 X124.002 Y88.377 E79.11945
G1 Z0.282 X124.763 Y87.395 E79.1615
G1 Z0.283 X125.585 Y86.463 E79.20355
G1 Z0.285 X126.463 Y85.585 E79.2456
G1 Z0.286 X127.395 Y84.763 E79.28765
G1 Z0.287 X128.377 Y84.002 E79.3297
G1 Z0.289 X129.404 Y83.304 E79.37175
G1 Z0.290 X130.473 Y82.671 E79.4138
G1 Z0.291 X131.58 Y82.107 E79.45585
G1 Z0.293 X132.72 Y81.614 E79.4979
G1 Z0.294 X133.889 Y81.193 E79.53994
G1 Z0.295 X135.133 Y80.835 E79.58375
G1 Z0.297 X136.295 Y80.575 E79.62404
G1 Z0.298 X137.522 Y80.381 E79.66609
G1 Z0.299 X138.758 Y80.264 E79.70814
G1 Z0.301 X140.004 Y80.225 E79.75031
G1 Z0.322 X159.475 Y80.225 E80.4094
G1 Z0.323 X159.475 Y81.105 E80.43919
G1 Z0.324 X160.525 Y81.105 E80.47473
G1 Z0.325 X160.525 Y80.225 E80.50451
G1 Z0.346 X179.775 Y80.225 E81.1561
G1 Z0.366 X179.775 Y99.475 E81.80769
G1 Z0.367 X178.895 Y99.475 E81.83748
G1 Z0.369 X178.895 Y100.525 E81.87302
G1 Z0.370 X179.775 Y100.525 E81.90281
G1 Z0.390 X179.775 Y119.775 E82.5544
G1 Z0.433 X140.004 Y119.775 E83.90061
G1 Z0.435 X138.758 Y119.736 E83.94279
G1 Z0.436 X137.522 Y119.619 E83.98483
G1 Z0.437 X136.295 Y119.425 E84.02688
G1 Z0.439 X135.082 Y119.154 E84.06894
G1 Z0.440 X133.889 Y118.807 E84.11098
G1 Z0.442 X132.72 Y118.386 E84.15304
G1 Z0.443 X131.58 Y117.893 E84.19508
G1 Z0.444 X130.473 Y117.329 E84.23713
G1 Z0.446 X129.404 Y116.696 E84.27918
G1 Z0.447 X128.377 Y115.998 E84.32123
G1 Z0.448 X127.395 Y115.237 E84.36328
G1 Z0.450 X126.463 Y114.415 E84.40534
G1 Z0.451 X125.585 Y113.537 E84.44738
G1 Z0.452 X124.763 Y112.605 E84.48943
G1 Z0.454 X124.002 Y111.623 E84.53148
G1 Z0.455 X123.304 Y110.596 E84.57353
G1 Z0.456 X122.671 Y109.527 E84.61558
G1 Z0.458 X122.107 Y108.42 E84.65762
G1 Z0.459 X121.596 Y107.231 E84.70143
G1 Z0.460 X121.193 Y106.111 E84.74173
G1 Z0.462 X120.846 Y104.918 E84.78378
G1 Z0.463 X120.575 Y103.705 E84.82583
G1 Z0.464 X120.381 Y102.478 E84.86788
G1 Z0.466 X120.264 Y101.242 E84.90993
G1 Z0.467 X120.225 Y100 E84.95198
G1 Z0.468 X120.264 Y98.758 E84.99403
G1 Z0.470 X120.381 Y97.522 E85.03608
G1 Z0.471 X120.575 Y96.295 E85.07813
G1 Z0.472 X120.846 Y95.082 E85.12018
G1 Z0.474 X121.193 Y93.889 E85.16223
G1 Z0.475 X121.614 Y92.72 E85.20428
G1 Z0.476 X122.107 Y91.58 E85.24633
G1 Z0.478 X122.671 Y90.473 E85.28838
G1 Z0.479 X123.304 Y89.404 E85.33043
G1 Z0.480 X123.738 Y88.765 E85.35661
;LAYER_CHANGE
;Z:0.68
;HEIGHT:0.2
G1 Z0.480 F600
G1 F5924
G1 Z0.481 X124.002 Y88.377 E85.37248
G1 Z0.482 X124.763 Y87.395 E85.41453
G1 Z0.483 X125.585 Y86.463 E85.45658
G1 Z0.485 X126.463 Y85.585 E85.49863
G1 Z0.486 X127.395 Y84.763 E85.54068
G1 Z0.487 X128.377 Y84.002 E85.58273
G1 Z0.489 X129.404 Y83.304 E85.62478
G1 Z0.490 X130.473 Y82.671 E85.66683
G1 Z0.491 X131.58 Y82.107 E85.70888
G1 Z0.493 X132.72 Y81.614 E85.75093
G1 Z0.494 X133.889 Y81.193 E85.79297
G1 Z0.495 X135.159 Y80.829 E85.8377
G1 Z0.497 X136.295 Y80.575 E85.87708
G1 Z0.498 X137.522 Y80.381 E85.91913
G1 Z0.499 X138.758 Y80.264 E85.96118
G1 Z0.501 X140.004 Y80.225 E86.00335
G1 Z0.522 X159.475 Y80.225 E86.66243
G1 Z0.523 X159.475 Y81.305 E86.69899
G1 Z0.524 X160.525 Y81.305 E86.73453
G1 Z0.525 X160.525 Y80.225 E86.77109
G1 Z0.546 X179.775 Y80.225 E87.42268
G1 Z0.567 X179.775 Y99.475 E88.07427
G1 Z0.568 X178.695 Y99.475 E88.11082
G1 Z0.569 X178.695 Y100.525 E88.14636
G1 Z0.570 X179.775 Y100.525 E88.18292
G1 Z0.591 X179.775 Y119.775 E88.83451
G1 Z0.634 X140.004 Y119.775 E90.18073
G1 Z0.635 X138.758 Y119.736 E90.2229
G1 Z0.636 X137.522 Y119.619 E90.26495
G1 Z0.638 X136.295 Y119.425 E90.307
G1 Z0.639 X135.082 Y119.154 E90.34905
G1 Z0.640 X133.889 Y118.807 E90.3911
G1 Z0.642 X132.72 Y118.386 E90.43315
G1 Z0.643 X131.58 Y117.893 E90.4752
G1 Z0.644 X130.473 Y117.329 E90.51725
G1 Z0.646 X129.404 Y116.696 E90.5593
G1 Z0.647 X128.377 Y115.998 E90.60135
G1 Z0.648 X127.395 Y115.237 E90.6434
G1 Z0.650 X126.463 Y114.415 E90.68545
G1 Z0.651 X125.585 Y113.537 E90.7275
G1 Z0.652 X124.763 Y112.605 E90.76955
G1 Z0.654 X124.002 Y111.623 E90.8116
G1 Z0.655 X123.304 Y110.596 E90.85365
G1 Z0.656 X122.671 Y109.527 E90.8957
G1 Z0.658 X122.107 Y108.42 E90.93773
G1 Z0.659 X121.587 Y107.205 E90.98246
G1 Z0.660 X121.193 Y106.111 E91.02184
G1 Z0.662 X120.846 Y104.918 E91.06389
G1 Z0.663 X120.575 Y103.705 E91.10594
G1 Z0.664 X120.381 Y102.478 E91.14799
G1 Z0.666 X120.264 Y101.242 E91.19004
G1 Z0.667 X120.225 Y100 E91.23209
G1 Z0.668 X120.264 Y98.758 E91.27414
G1 Z0.670 X120.381 Y97.522 E91.31619
G1 Z0.671 X120.575 Y96.295 E91.35824
G1 Z0.672 X120.846 Y95.082 E91.40029
G1 Z0.674 X121.193 Y93.889 E91.44234
G1 Z0.675 X121.614 Y92.72 E91.48439
G1 Z0.676 X122.107 Y91.58 E91.52644
G1 Z0.678 X122.671 Y90.473 E91.56849
G1 Z0.679 X123.304 Y89.404 E91.61054
G1 Z0.680 X123.738 Y88.765 E91.63672
;LAYER_CHANGE
;Z:0.88
;HEIGHT:0.2
G1 Z0.680 F600
G1 F5934
G1 Z0.681 X124.001 Y88.377 E91.65257
G1 Z0.682 X124.833 Y87.315 E91.69823
G1 Z0.683 X125.585 Y86.463 E91.73668
G1 Z0.685 X126.463 Y85.585 E91.77873
G1 Z0.686 X127.395 Y84.763 E91.82078
G1 Z0.687 X128.377 Y84.002 E91.86283
G1 Z0.689 X129.404 Y83.304 E91.90488
G1 Z0.690 X130.473 Y82.671 E91.94693
G1 Z0.691 X131.58 Y82.107 E91.98898
G1 Z0.693 X132.72 Y81.614 E92.03103
G1 Z0.694 X133.889 Y81.193 E92.07308
G1 Z0.695 X135.082 Y80.846 E92.11513
G1 Z0.697 X136.295 Y80.575 E92.15718
G1 Z0.698 X137.522 Y80.381 E92.19923
G1 Z0.699 X138.758 Y80.264 E92.24128
G1 Z0.701 X140.004 Y80.225 E92.28345
G1 Z0.721 X159.475 Y80.225 E92.94254
G1 Z0.723 X159.475 Y81.505 E92.98587
G1 Z0.724 X160.525 Y81.505 E93.02141
G1 Z0.725 X160.525 Y80.225 E93.06473
G1 Z0.746 X179.775 Y80.225 E93.71632
G1 Z0.767 X179.775 Y99.475 E94.36791
G1 Z0.768 X178.495 Y99.475 E94.41124
G1 Z0.769 X178.495 Y100.525 E94.44678
G1 Z0.770 X179.775 Y100.525 E94.49011
G1 Z0.791 X179.775 Y119.775 E95.1417
G1 Z0.834 X140.004 Y119.775 E96.48791
G1 Z0.835 X138.758 Y119.736 E96.53008
G1 Z0.837 X137.522 Y119.619 E96.57213
G1 Z0.838 X136.295 Y119.425 E96.61418
G1 Z0.839 X135.082 Y119.154 E96.65623
G1 Z0.841 X133.889 Y118.807 E96.69828
G1 Z0.842 X132.72 Y118.386 E96.74033
G1 Z0.843 X131.58 Y117.893 E96.78238
G1 Z0.845 X130.473 Y117.329 E96.82443
G1 Z0.846 X129.404 Y116.696 E96.86648
G1 Z0.847 X128.377 Y115.999 E96.90851
G1 Z0.849 X127.315 Y115.167 E96.95417
G1 Z0.850 X126.463 Y114.415 E96.99263
G1 Z0.851 X125.585 Y113.537 E97.03468
G1 Z0.853 X124.763 Y112.605 E97.07673
G1 Z0.854 X124.002 Y111.623 E97.11878
G1 Z0.855 X123.304 Y110.596 E97.16083
G1 Z0.857 X122.671 Y109.527 E97.20288
G1 Z0.858 X122.107 Y108.42 E97.24493
G1 Z0.859 X121.614 Y107.28 E97.28698
G1 Z0.861 X121.193 Y106.111 E97.32903
G1 Z0.862 X120.846 Y104.918 E97.37108
G1 Z0.863 X120.575 Y103.705 E97.41313
G1 Z0.865 X120.381 Y102.478 E97.45518
G1 Z0.866 X120.264 Y101.242 E97.49723
G1 Z0.867 X120.225 Y100 E97.53928
G1 Z0.869 X120.264 Y98.758 E97.58133
G1 Z0.870 X120.381 Y97.522 E97.62338
G1 Z0.871 X120.575 Y96.295 E97.66543
G1 Z0.873 X120.846 Y95.082 E97.70748
G1 Z0.874 X121.193 Y93.889 E97.74953
G1 Z0.875 X121.614 Y92.72 E97.79158
G1 Z0.877 X122.107 Y91.58 E97.83363
G1 Z0.878 X122.671 Y90.473 E97.87568
G1 Z0.879 X123.304 Y89.404 E97.91773
G1 Z0.880 X123.738 Y88.765 E97.9439
;LAYER_CHANGE
;Z:1.08
;HEIGHT:0.2
G1 Z0.880 F600
G1 F5943
G1 Z0.881 X124.002 Y88.377 E97.95978
G1 Z0.882 X124.763 Y87.395 E98.00183
G1 Z0.883 X125.585 Y86.463 E98.04388
G1 Z0.884 X126.463 Y85.585 E98.08593
G1 Z0.886 X127.395 Y84.763 E98.12798
G1 Z0.887 X128.377 Y84.002 E98.17003
G1 Z0.888 X129.404 Y83.304 E98.21208
G1 Z0.890 X130.473 Y82.671 E98.25413
G1 Z0.891 X131.58 Y82.107 E98.29618
G1 Z0.892 X132.72 Y81.614 E98.33823
G1 Z0.894 X133.889 Y81.193 E98.38028
G1 Z0.895 X135.082 Y80.846 E98.42233
G1 Z0.896 X136.295 Y80.575 E98.46438
G1 Z0.898 X137.522 Y80.381 E98.50643
G1 Z0.899 X138.758 Y80.264 E98.54848
G1 Z0.900 X140.004 Y80.225 E98.59065
G1 Z0.921 X159.475 Y80.225 E99.24973
G1 Z0.923 X159.475 Y81.705 E99.29983
G1 Z0.924 X160.525 Y81.705 E99.33537
G1 Z0.926 X160.525 Y80.225 E99.38547
G1 Z0.946 X179.775 Y80.225 E100.03706
G1 Z0.967 X179.775 Y99.475 E100.68864
G1 Z0.968 X178.295 Y99.475 E100.73874
G1 Z0.969 X178.295 Y100.525 E100.77428
G1 Z0.971 X179.775 Y100.525 E100.82438
G1 Z0.992 X179.775 Y119.775 E101.47597
G1 Z1.034 X140.004 Y119.775 E102.82218
G1 Z1.035 X138.758 Y119.736 E102.86436
G1 Z1.037 X137.522 Y119.619 E102.9064
G1 Z1.038 X136.295 Y119.425 E102.94845
G1 Z1.039 X135.082 Y119.154 E102.9905
G1 Z1.041 X133.889 Y118.807 E103.03255
G1 Z1.042 X132.72 Y118.386 E103.0746
G1 Z1.043 X131.58 Y117.893 E103.11665
G1 Z1.045 X130.473 Y117.329 E103.1587
G1 Z1.046 X129.404 Y116.696 E103.20075
G1 Z1.047 X128.377 Y115.998 E103.2428
G1 Z1.049 X127.395 Y115.237 E103.28485
G1 Z1.050 X126.463 Y114.415 E103.3269
G1 Z1.051 X125.585 Y113.537 E103.36895
G1 Z1.053 X124.763 Y112.605 E103.411
G1 Z1.054 X124.002 Y111.623 E103.45305
G1 Z1.055 X123.304 Y110.596 E103.4951
G1 Z1.057 X122.671 Y109.527 E103.53715
G1 Z1.058 X122.107 Y108.42 E103.57918
G1 Z1.059 X121.569 Y107.154 E103.62576
G1 Z1.061 X121.193 Y106.111 E103.6633
G1 Z1.062 X120.846 Y104.918 E103.70535
G1 Z1.063 X120.575 Y103.705 E103.7474
G1 Z1.065 X120.381 Y102.478 E103.78945
G1 Z1.066 X120.264 Y101.242 E103.8315
G1 Z1.067 X120.225 Y100 E103.87355
G1 Z1.069 X120.264 Y98.758 E103.9156
G1 Z1.070 X120.381 Y97.522 E103.95765
G1 Z1.071 X120.575 Y96.295 E103.9997
G1 Z1.073 X120.846 Y95.082 E104.04175
G1 Z1.074 X121.193 Y93.889 E104.0838
G1 Z1.075 X121.614 Y92.72 E104.12585
G1 Z1.077 X122.107 Y91.58 E104.1679
G1 Z1.078 X122.671 Y90.473 E104.20995
G1 Z1.079 X123.304 Y89.404 E104.252
G1 Z1.080 X123.738 Y88.765 E104.27817
;LAYER_CHANGE
;Z:1.28
;HEIGHT:0.2
G1 Z1.080 F600
G1 F5953
G1 Z1.080 X124.002 Y88.377 E104.29405
G1 Z1.082 X124.763 Y87.395 E104.3361
G1 Z1.083 X125.585 Y86.463 E104.37815
G1 Z1.084 X126.463 Y85.585 E104.4202
G1 Z1.086 X127.395 Y84.763 E104.46225
G1 Z1.087 X128.377 Y84.002 E104.5043
G1 Z1.088 X129.404 Y83.304 E104.54635
G1 Z1.090 X130.473 Y82.671 E104.5884
G1 Z1.091 X131.58 Y82.107 E104.63045
G1 Z1.092 X132.72 Y81.614 E104.6725
G1 Z1.094 X133.888 Y81.193 E104.71452
G1 Z1.095 X135.239 Y80.811 E104.76203
G1 Z1.096 X136.295 Y80.575 E104.79864
G1 Z1.098 X137.522 Y80.381 E104.84069
G1 Z1.099 X138.758 Y80.264 E104.88274
G1 Z1.100 X140.004 Y80.225 E104.92491
G1 Z1.121 X159.475 Y80.225 E105.58399
G1 Z1.123 X159.475 Y81.905 E105.64086
G1 Z1.124 X160.525 Y81.905 E105.6764
G1 Z1.126 X160.525 Y80.225 E105.73327
G1 Z1.146 X179.775 Y80.225 E106.38485
G1 Z1.167 X179.775 Y99.475 E107.03644
G1 Z1.169 X178.095 Y99.475 E107.09331
G1 Z1.170 X178.095 Y100.525 E107.12885
G1 Z1.171 X179.775 Y100.525 E107.18572
G1 Z1.192 X179.775 Y119.775 E107.83731
G1 Z1.234 X140.004 Y119.775 E109.18352
G1 Z1.236 X138.758 Y119.736 E109.22569
G1 Z1.237 X137.522 Y119.619 E109.26774
G1 Z1.238 X136.295 Y119.425 E109.30979
G1 Z1.240 X135.082 Y119.154 E109.35184
G1 Z1.241 X133.889 Y118.807 E109.39389
G1 Z1.242 X132.721 Y118.387 E109.43592
G1 Z1.244 X131.437 Y117.82 E109.48343
G1 Z1.245 X130.473 Y117.329 E109.52003
G1 Z1.246 X129.404 Y116.696 E109.56208
G1 Z1.247 X128.377 Y115.998 E109.60413
G1 Z1.249 X127.395 Y115.237 E109.64618
G1 Z1.250 X126.463 Y114.415 E109.68823
G1 Z1.251 X125.585 Y113.537 E109.73028
G1 Z1.253 X124.763 Y112.605 E109.77233
G1 Z1.254 X124.002 Y111.623 E109.81438
G1 Z1.255 X123.304 Y110.596 E109.85643
G1 Z1.257 X122.671 Y109.527 E109.89848
G1 Z1.258 X122.107 Y108.42 E109.94053
G1 Z1.259 X121.614 Y107.28 E109.98258
G1 Z1.261 X121.193 Y106.111 E110.02463
G1 Z1.262 X120.846 Y104.918 E110.06668
G1 Z1.263 X120.575 Y103.705 E110.10873
G1 Z1.265 X120.381 Y102.478 E110.15078
G1 Z1.266 X120.264 Y101.242 E110.19283
G1 Z1.267 X120.225 Y100 E110.23488
G1 Z1.269 X120.264 Y98.758 E110.27693
G1 Z1.270 X120.381 Y97.522 E110.31898
G1 Z1.271 X120.575 Y96.295 E110.36103
G1 Z1.273 X120.846 Y95.082 E110.40308
G1 Z1.274 X121.193 Y93.889 E110.44513
G1 Z1.275 X121.614 Y92.72 E110.48718
G1 Z1.277 X122.107 Y91.58 E110.52923
G1 Z1.278 X122.671 Y90.473 E110.57128
G1 Z1.279 X123.304 Y89.404 E110.61333
G1 Z1.280 X123.738 Y88.765 E110.63951
;LAYER_CHANGE
;Z:1.48
;HEIGHT:0.2
G1 Z1.280 F600
G1 X123.738 Y88.765 F6000
G1 F5963
G1 Z1.280 X124.002 Y88.377 E110.65538
G1 Z1.282 X124.763 Y87.395 E110.69743
G1 Z1.283 X125.585 Y86.463 E110.73948
G1 Z1.284 X126.463 Y85.585 E110.78153
G1 Z1.286 X127.395 Y84.763 E110.82358
G1 Z1.287 X128.377 Y84.002 E110.86563
G1 Z1.288 X129.404 Y83.304 E110.90768
G1 Z1.290 X130.473 Y82.671 E110.94973
G1 Z1.291 X131.58 Y82.107 E110.99178
G1 Z1.292 X132.72 Y81.614 E111.03383
G1 Z1.294 X133.889 Y81.193 E111.07588
G1 Z1.295 X135.082 Y80.846 E111.11793
G1 Z1.296 X136.295 Y80.575 E111.15998
G1 Z1.298 X137.522 Y80.381 E111.20203
G1 Z1.299 X138.758 Y80.264 E111.24408
G1 Z1.300 X140.004 Y80.225 E111.28625
G1 Z1.321 X159.475 Y80.225 E111.94534
G1 Z1.323 X159.475 Y82.105 E112.00898
G1 Z1.324 X160.525 Y82.105 E112.04452
G1 Z1.326 X160.525 Y80.225 E112.10815
G1 Z1.346 X179.775 Y80.225 E112.75974
G1 Z1.367 X179.775 Y99.475 E113.41133
G1 Z1.369 X177.895 Y99.475 E113.47497
G1 Z1.370 X177.895 Y100.525 E113.51051
G1 Z1.372 X179.775 Y100.525 E113.57414
G1 Z1.392 X179.775 Y119.775 E114.22573
G1 Z1.434 X140.004 Y119.775 E115.57195
G1 Z1.436 X138.758 Y119.736 E115.61412
G1 Z1.437 X137.522 Y119.619 E115.65617
G1 Z1.438 X136.295 Y119.425 E115.69822
G1 Z1.440 X135.082 Y119.154 E115.74027
G1 Z1.441 X133.889 Y118.807 E115.78232
G1 Z1.442 X132.72 Y118.386 E115.82437
G1 Z1.444 X131.58 Y117.893 E115.86642
G1 Z1.445 X130.473 Y117.329 E115.90847
G1 Z1.446 X129.404 Y116.696 E115.95052
G1 Z1.448 X128.377 Y115.998 E115.99257
G1 Z1.449 X127.395 Y115.237 E116.03462
G1 Z1.450 X126.463 Y114.415 E116.07667
G1 Z1.452 X125.585 Y113.537 E116.11872
G1 Z1.453 X124.763 Y112.605 E116.16077
G1 Z1.454 X124.002 Y111.623 E116.20282
G1 Z1.455 X123.304 Y110.596 E116.24487
G1 Z1.457 X122.671 Y109.527 E116.28692
G1 Z1.458 X122.107 Y108.42 E116.32897
G1 Z1.459 X121.614 Y107.28 E116.37102
G1 Z1.461 X121.193 Y106.111 E116.41307
G1 Z1.462 X120.847 Y104.919 E116.45509
G1 Z1.464 X120.546 Y103.52 E116.50352
G1 Z1.465 X120.381 Y102.478 E116.53921
G1 Z1.466 X120.264 Y101.242 E116.58126
G1 Z1.467 X120.225 Y100 E116.62331
G1 Z1.469 X120.264 Y98.758 E116.66536
G1 Z1.470 X120.381 Y97.522 E116.70741
G1 Z1.471 X120.575 Y96.295 E116.74946
G1 Z1.473 X120.846 Y95.082 E116.79151
G1 Z1.474 X121.193 Y93.889 E116.83356
G1 Z1.475 X121.614 Y92.72 E116.87561
G1 Z1.477 X122.107 Y91.58 E116.91766
G1 Z1.478 X122.671 Y90.473 E116.95971
G1 Z1.479 X123.304 Y89.404 E117.00176
G1 Z1.480 X123.738 Y88.765 E117.02793
;LAYER_CHANGE
;Z:1.68
;HEIGHT:0.2
G1 Z1.480 F600
G1 X123.738 Y88.765 F6000
G1 F5972
G1 Z1.480 X124.001 Y88.377 E117.04377
G1 Z1.482 X124.906 Y87.234 E117.09313
G1 Z1.483 X125.585 Y86.463 E117.1279
G1 Z1.484 X126.463 Y85.585 E117.16995
G1 Z1.486 X127.395 Y84.763 E117.212
G1 Z1.487 X128.377 Y84.002 E117.25405
G1 Z1.488 X129.404 Y83.304 E117.2961
G1 Z1.490 X130.473 Y82.671 E117.33815
G1 Z1.491 X131.58 Y82.107 E117.3802
G1 Z1.492 X132.72 Y81.614 E117.42225
G1 Z1.494 X133.889 Y81.193 E117.4643
G1 Z1.495 X135.082 Y80.846 E117.50635
G1 Z1.496 X136.295 Y80.575 E117.5484
G1 Z1.498 X137.522 Y80.381 E117.59045
G1 Z1.499 X138.758 Y80.264 E117.6325
G1 Z1.500 X140.004 Y80.225 E117.67467
G1 Z1.521 X159.475 Y80.225 E118.33375
G1 Z1.523 X159.475 Y82.305 E118.40416
G1 Z1.524 X160.525 Y82.305 E118.4397
G1 Z1.526 X160.525 Y80.225 E118.5101
G1 Z1.547 X179.775 Y80.225 E119.16169
G1 Z1.567 X179.775 Y99.475 E119.81328
G1 Z1.569 X177.695 Y99.475 E119.88369
G1 Z1.570 X177.695 Y100.525 E119.91923
G1 Z1.572 X179.775 Y100.525 E119.98964
G1 Z1.593 X179.775 Y119.775 E120.64123
G1 Z1.635 X140.004 Y119.775 E121.98744
G1 Z1.636 X138.758 Y119.736 E122.02961
G1 Z1.637 X137.522 Y119.619 E122.07166
G1 Z1.639 X136.295 Y119.425 E122.11371
G1 Z1.640 X135.082 Y119.154 E122.15576
G1 Z1.641 X133.889 Y118.807 E122.19781
G1 Z1.642 X132.72 Y118.386 E122.23986
G1 Z1.644 X131.58 Y117.893 E122.28191
G1 Z1.645 X130.473 Y117.329 E122.32396
G1 Z1.646 X129.404 Y116.696 E122.36601
G1 Z1.648 X128.377 Y115.999 E122.40803
G1 Z1.649 X127.234 Y115.094 E122.45739
G1 Z1.650 X126.463 Y114.415 E122.49215
G1 Z1.652 X125.585 Y113.537 E122.5342
G1 Z1.653 X124.763 Y112.605 E122.57625
G1 Z1.654 X124.002 Y111.623 E122.6183
G1 Z1.656 X123.304 Y110.596 E122.66035
G1 Z1.657 X122.671 Y109.527 E122.7024
G1 Z1.658 X122.107 Y108.42 E122.74445
G1 Z1.660 X121.614 Y107.28 E122.7865
G1 Z1.661 X121.193 Y106.111 E122.82855
G1 Z1.662 X120.847 Y104.919 E122.87056
G1 Z1.664 X120.542 Y103.493 E122.91992
G1 Z1.665 X120.381 Y102.478 E122.95469
G1 Z1.666 X120.264 Y101.242 E122.99674
G1 Z1.667 X120.225 Y100 E123.03879
G1 Z1.669 X120.264 Y98.758 E123.08084
G1 Z1.670 X120.381 Y97.522 E123.12289
G1 Z1.671 X120.575 Y96.295 E123.16494
G1 Z1.673 X120.846 Y95.082 E123.20699
G1 Z1.674 X121.193 Y93.889 E123.24904
G1 Z1.675 X121.614 Y92.72 E123.29109
G1 Z1.677 X122.107 Y91.58 E123.33314
G1 Z1.678 X122.671 Y90.473 E123.37519
G1 Z1.679 X123.304 Y89.404 E123.41724
G1 Z1.680 X123.738 Y88.765 E123.44341
;LAYER_CHANGE
;Z:1.88
;HEIGHT:0.2
G1 Z1.680 F600
G1 F5982
G1 Z1.680 X124.002 Y88.377 E123.45929
G1 Z1.682 X124.763 Y87.395 E123.50134
G1 Z1.683 X125.585 Y86.463 E123.54339
G1 Z1.684 X126.463 Y85.585 E123.58544
G1 Z1.686 X127.395 Y84.763 E123.62749
G1 Z1.687 X128.377 Y84.002 E123.66954
G1 Z1.688 X129.404 Y83.304 E123.71159
G1 Z1.690 X130.473 Y82.671 E123.75364
G1 Z1.691 X131.58 Y82.107 E123.79569
G1 Z1.692 X132.72 Y81.614 E123.83774
G1 Z1.694 X133.889 Y81.193 E123.87979
G1 Z1.695 X135.082 Y80.846 E123.92184
G1 Z1.696 X136.295 Y80.575 E123.96389
G1 Z1.697 X137.522 Y80.381 E124.00594
G1 Z1.699 X138.758 Y80.264 E124.04799
G1 Z1.700 X140.004 Y80.225 E124.09016
G1 Z1.721 X159.475 Y80.225 E124.74924
G1 Z1.723 X159.475 Y82.505 E124.82642
G1 Z1.724 X160.525 Y82.505 E124.86196
G1 Z1.726 X160.525 Y80.225 E124.93913
G1 Z1.747 X179.775 Y80.225 E125.59072
G1 Z1.767 X179.775 Y99.475 E126.24231
G1 Z1.769 X177.495 Y99.475 E126.31949
G1 Z1.770 X177.495 Y100.525 E126.35503
G1 Z1.773 X179.775 Y100.525 E126.43221
G1 Z1.793 X179.775 Y119.775 E127.08379
G1 Z1.835 X140.004 Y119.775 E128.43001
G1 Z1.836 X138.758 Y119.736 E128.47218
G1 Z1.837 X137.522 Y119.619 E128.51423
G1 Z1.839 X136.295 Y119.425 E128.55628
G1 Z1.840 X135.082 Y119.154 E128.59833
G1 Z1.841 X133.889 Y118.807 E128.64038
G1 Z1.843 X132.72 Y118.386 E128.68243
G1 Z1.844 X131.58 Y117.893 E128.72448
G1 Z1.845 X130.473 Y117.329 E128.76653
G1 Z1.847 X129.404 Y116.696 E128.80858
G1 Z1.848 X128.377 Y115.998 E128.85063
G1 Z1.849 X127.395 Y115.237 E128.89268
G1 Z1.850 X126.463 Y114.415 E128.93473
G1 Z1.852 X125.585 Y113.537 E128.97678
G1 Z1.853 X124.763 Y112.605 E129.01883
G1 Z1.854 X124.002 Y111.623 E129.06088
G1 Z1.856 X123.304 Y110.596 E129.10293
G1 Z1.857 X122.671 Y109.527 E129.14498
G1 Z1.858 X122.107 Y108.42 E129.18703
G1 Z1.860 X121.614 Y107.28 E129.22908
G1 Z1.861 X121.193 Y106.111 E129.27113
G1 Z1.862 X120.846 Y104.918 E129.31318
G1 Z1.864 X120.575 Y103.705 E129.35523
G1 Z1.865 X120.381 Y102.478 E129.39728
G1 Z1.866 X120.264 Y101.242 E129.43933
G1 Z1.867 X120.225 Y100 E129.48138
G1 Z1.869 X120.264 Y98.758 E129.52343
G1 Z1.870 X120.381 Y97.522 E129.56548
G1 Z1.871 X120.575 Y96.295 E129.60753
G1 Z1.873 X120.846 Y95.082 E129.64958
G1 Z1.874 X121.193 Y93.889 E129.69163
G1 Z1.875 X121.614 Y92.72 E129.73368
G1 Z1.877 X122.107 Y91.58 E129.77573
G1 Z1.878 X122.671 Y90.473 E129.81778
G1 Z1.879 X123.304 Y89.404 E129.85983
G1 Z1.880 X123.738 Y88.765 E129.88601
;LAYER_CHANGE
;Z:2.08
;HEIGHT:0.2
G1 Z1.880 F600
G1 F5991
G1 Z1.880 X124.002 Y88.377 E129.90188
G1 Z1.882 X124.763 Y87.395 E129.94393
G1 Z1.883 X125.585 Y86.463 E129.98598
G1 Z1.884 X126.463 Y85.585 E130.02803
G1 Z1.886 X127.395 Y84.763 E130.07008
G1 Z1.887 X128.377 Y84.002 E130.11213
G1 Z1.888 X129.404 Y83.304 E130.15418
G1 Z1.890 X130.473 Y82.671 E130.19623
G1 Z1.891 X131.58 Y82.107 E130.23828
G1 Z1.892 X132.72 Y81.614 E130.28033
G1 Z1.893 X133.889 Y81.193 E130.32238
G1 Z1.895 X135.082 Y80.846 E130.36443
G1 Z1.896 X136.295 Y80.575 E130.40648
G1 Z1.897 X137.522 Y80.381 E130.44853
G1 Z1.899 X138.758 Y80.264 E130.49058
G1 Z1.900 X140.004 Y80.225 E130.53275
G1 Z1.920 X159.475 Y80.225 E131.19184
G1 Z1.923 X159.475 Y82.705 E131.27578
G1 Z1.924 X160.525 Y82.705 E131.31132
G1 Z1.927 X160.525 Y80.225 E131.39527
G1 Z1.947 X179.775 Y80.225 E132.04686
G1 Z1.967 X179.775 Y99.475 E132.69845
G1 Z1.970 X177.295 Y99.475 E132.78239
G1 Z1.971 X177.295 Y100.525 E132.81793
G1 Z1.973 X179.775 Y100.525 E132.90188
G1 Z1.993 X179.775 Y119.775 E133.55347
G1 Z2.035 X140.004 Y119.775 E134.89968
G1 Z2.036 X138.758 Y119.736 E134.94185
G1 Z2.038 X137.522 Y119.619 E134.9839
G1 Z2.039 X136.295 Y119.425 E135.02595
G1 Z2.040 X135.082 Y119.154 E135.068
G1 Z2.041 X133.889 Y118.807 E135.11005
G1 Z2.043 X132.72 Y118.386 E135.1521
G1 Z2.044 X131.58 Y117.893 E135.19415
G1 Z2.045 X130.473 Y117.329 E135.2362
G1 Z2.047 X129.404 Y116.696 E135.27825
G1 Z2.048 X128.377 Y115.998 E135.3203
G1 Z2.049 X127.395 Y115.237 E135.36235
G1 Z2.051 X126.463 Y114.415 E135.4044
G1 Z2.052 X125.585 Y113.537 E135.44645
G1 Z2.053 X124.763 Y112.605 E135.4885
G1 Z2.054 X124.002 Y111.623 E135.53055
G1 Z2.056 X123.304 Y110.596 E135.5726
G1 Z2.057 X122.671 Y109.527 E135.61465
G1 Z2.058 X122.107 Y108.42 E135.6567
G1 Z2.060 X121.614 Y107.28 E135.69875
G1 Z2.061 X121.193 Y106.111 E135.7408
G1 Z2.062 X120.846 Y104.918 E135.78285
G1 Z2.064 X120.575 Y103.705 E135.8249
G1 Z2.065 X120.381 Y102.478 E135.86695
G1 Z2.066 X120.264 Y101.242 E135.909
G1 Z2.067 X120.225 Y100 E135.95105
G1 Z2.069 X120.264 Y98.758 E135.9931
G1 Z2.070 X120.381 Y97.522 E136.03515
G1 Z2.071 X120.575 Y96.295 E136.0772
G1 Z2.073 X120.846 Y95.082 E136.11925
G1 Z2.074 X121.193 Y93.889 E136.1613
G1 Z2.075 X121.614 Y92.72 E136.20335
G1 Z2.077 X122.107 Y91.58 E136.2454
G1 Z2.078 X122.671 Y90.473 E136.28745
G1 Z2.079 X123.304 Y89.404 E136.3295
G1 Z2.080 X123.738 Y88.765 E136.35568
;LAYER_CHANGE
;Z:2.28
;HEIGHT:0.2
G1 Z2.080 F600
G1 F5922
G1 Z2.080 X124.002 Y88.377 E136.37155
G1 Z2.082 X124.763 Y87.395 E136.4136
G1 Z2.083 X125.585 Y86.463 E136.45565
G1 Z2.084 X126.463 Y85.585 E136.4977
G1 Z2.086 X127.395 Y84.763 E136.53975
G1 Z2.087 X128.377 Y84.002 E136.5818
G1 Z2.088 X129.404 Y83.304 E136.62385
G1 Z2.089 X130.473 Y82.671 E136.6659
G1 Z2.091 X131.58 Y82.107 E136.70795
G1 Z2.092 X132.72 Y81.614 E136.75
G1 Z2.093 X133.889 Y81.193 E136.79205
G1 Z2.095 X135.082 Y80.846 E136.8341
G1 Z2.096 X136.295 Y80.575 E136.87615
G1 Z2.097 X137.522 Y80.381 E136.9182
G1 Z2.098 X138.758 Y80.264 E136.96025
G1 Z2.100 X140.004 Y80.225 E137.00242
G1 Z2.120 X159.475 Y80.225 E137.66151
G1 Z2.123 X159.475 Y82.905 E137.75222
G1 Z2.124 X160.525 Y82.905 E137.78777
G1 Z2.126 X160.525 Y80.225 E137.87848
G1 Z2.136 X169.683 Y80.225 E138.18846
G1 Z2.136 X169.683 Y80.525 E138.19862
G1 Z2.137 X170.617 Y80.525 E138.23024
G1 Z2.137 X170.617 Y80.225 E138.24039
G1 Z2.147 X179.775 Y80.225 E138.55038
G1 Z2.167 X179.775 Y99.475 E139.20197
G1 Z2.170 X177.095 Y99.475 E139.29268
G1 Z2.171 X177.095 Y100.525 E139.32822
G1 Z2.173 X179.775 Y100.525 E139.41894
G1 Z2.181 X179.775 Y108.04 E139.67332
G1 Z2.181 X179.475 Y108.04 E139.68348
G1 Z2.182 X179.475 Y108.975 E139.7151
G1 Z2.183 X179.775 Y108.975 E139.72525
G1 Z2.185 X179.775 Y111.325 E139.80483
G1 Z2.186 X179.475 Y111.325 E139.81499
G1 Z2.186 X179.475 Y112.26 E139.84661
G1 Z2.187 X179.775 Y112.26 E139.85676
G1 Z2.195 X179.775 Y119.775 E140.11115
G1 Z2.236 X140.004 Y119.775 E141.45736
G1 Z2.237 X138.758 Y119.736 E141.49953
G1 Z2.238 X137.522 Y119.619 E141.54158
G1 Z2.239 X136.295 Y119.425 E141.58363
G1 Z2.241 X135.082 Y119.154 E141.62568
G1 Z2.242 X133.889 Y118.807 E141.66773
G1 Z2.243 X132.72 Y118.386 E141.70978
G1 Z2.245 X131.58 Y117.893 E141.75183
G1 Z2.246 X130.473 Y117.329 E141.79388
G1 Z2.247 X129.404 Y116.696 E141.83593
G1 Z2.248 X128.377 Y115.998 E141.87798
G1 Z2.250 X127.395 Y115.237 E141.92003
G1 Z2.251 X126.463 Y114.415 E141.96208
G1 Z2.252 X125.585 Y113.537 E142.00413
G1 Z2.254 X124.763 Y112.605 E142.04618
G1 Z2.255 X124.002 Y111.623 E142.08823
G1 Z2.256 X123.304 Y110.596 E142.13028
G1 Z2.257 X122.671 Y109.527 E142.17233
G1 Z2.259 X122.107 Y108.42 E142.21438
G1 Z2.260 X121.614 Y107.28 E142.25643
G1 Z2.261 X121.193 Y106.111 E142.29848
G1 Z2.263 X120.846 Y104.918 E142.34053
G1 Z2.264 X120.575 Y103.705 E142.38258
G1 Z2.265 X120.381 Y102.478 E142.42463
G1 Z2.266 X120.264 Y101.242 E142.46668
G1 Z2.268 X120.225 Y100 E142.50873
G1 Z2.269 X120.264 Y98.758 E142.55078
G1 Z2.270 X120.381 Y97.522 E142.59283
G1 Z2.272 X120.575 Y96.295 E142.63488
G1 Z2.273 X120.846 Y95.082 E142.67693
G1 Z2.274 X121.193 Y93.889 E142.71898
G1 Z2.275 X121.614 Y92.72 E142.76103
G1 Z2.277 X122.107 Y91.58 E142.80308
G1 Z2.278 X122.671 Y90.473 E142.84513
G1 Z2.279 X123.304 Y89.404 E142.88718
G1 Z2.280 X123.738 Y88.765 E142.91336
;LAYER_CHANGE
;Z:2.48
;HEIGHT:0.2
G1 Z2.280 F600
G1 F5932
G1 Z2.280 X124.002 Y88.377 E142.92923
G1 Z2.282 X124.763 Y87.395 E142.97128
G1 Z2.283 X125.585 Y86.463 E143.01333
G1 Z2.284 X126.463 Y85.585 E143.05538
G1 Z2.286 X127.395 Y84.763 E143.09743
G1 Z2.287 X128.377 Y84.002 E143.13948
G1 Z2.288 X129.404 Y83.304 E143.18153
G1 Z2.289 X130.473 Y82.671 E143.22358
G1 Z2.291 X131.58 Y82.107 E143.26563
G1 Z2.292 X132.72 Y81.614 E143.30768
G1 Z2.293 X133.889 Y81.193 E143.34973
G1 Z2.295 X135.082 Y80.846 E143.39178
G1 Z2.296 X136.295 Y80.575 E143.43383
G1 Z2.297 X137.522 Y80.381 E143.47588
G1 Z2.298 X138.758 Y80.264 E143.51793
G1 Z2.300 X140.004 Y80.225 E143.5601
G1 Z2.320 X159.475 Y80.225 E144.21919
G1 Z2.323 X159.475 Y83.105 E144.31667
G1 Z2.324 X160.525 Y83.105 E144.35221
G1 Z2.327 X160.525 Y80.225 E144.4497
G1 Z2.336 X169.683 Y80.225 E144.75968
G1 Z2.336 X169.683 Y80.525 E144.76984
G1 Z2.337 X170.617 Y80.525 E144.80146
G1 Z2.338 X170.617 Y80.225 E144.81161
G1 Z2.347 X179.775 Y80.225 E145.1216
G1 Z2.367 X179.775 Y99.475 E145.77319
G1 Z2.370 X176.895 Y99.475 E145.87067
G1 Z2.371 X176.895 Y100.525 E145.90621
G1 Z2.374 X179.775 Y100.525 E146.0037
G1 Z2.382 X179.775 Y108.177 E146.2627
G1 Z2.382 X179.475 Y108.177 E146.27286
G1 Z2.383 X179.475 Y109.111 E146.30448
G1 Z2.383 X179.775 Y109.111 E146.31463
G1 Z2.385 X179.775 Y111.189 E146.38497
G1 Z2.386 X179.475 Y111.189 E146.39513
G1 Z2.387 X179.475 Y112.123 E146.42675
G1 Z2.387 X179.775 Y112.123 E146.4369
G1 Z2.395 X179.775 Y119.775 E146.69591
G1 Z2.436 X140.004 Y119.775 E148.04212
G1 Z2.437 X138.758 Y119.736 E148.08429
G1 Z2.438 X137.522 Y119.619 E148.12634
G1 Z2.440 X136.295 Y119.425 E148.16839
G1 Z2.441 X135.082 Y119.154 E148.21044
G1 Z2.442 X133.889 Y118.807 E148.25249
G1 Z2.443 X132.72 Y118.386 E148.29454
G1 Z2.445 X131.58 Y117.893 E148.33659
G1 Z2.446 X130.473 Y117.329 E148.37864
G1 Z2.447 X129.404 Y116.696 E148.42069
G1 Z2.449 X128.377 Y115.998 E148.46274
G1 Z2.450 X127.395 Y115.237 E148.50479
G1 Z2.451 X126.463 Y114.415 E148.54684
G1 Z2.452 X125.585 Y113.537 E148.58889
G1 Z2.454 X124.763 Y112.605 E148.63094
G1 Z2.455 X124.002 Y111.623 E148.67299
G1 Z2.456 X123.304 Y110.596 E148.71504
G1 Z2.457 X122.671 Y109.527 E148.75709
G1 Z2.459 X122.107 Y108.42 E148.79914
G1 Z2.460 X121.614 Y107.28 E148.84119
G1 Z2.461 X121.193 Y106.111 E148.88324
G1 Z2.463 X120.846 Y104.918 E148.92529
G1 Z2.464 X120.575 Y103.705 E148.96734
G1 Z2.465 X120.381 Y102.478 E149.00939
G1 Z2.466 X120.264 Y101.242 E149.05144
G1 Z2.468 X120.225 Y100 E149.09349
G1 Z2.469 X120.264 Y98.758 E149.13554
G1 Z2.470 X120.381 Y97.522 E149.17759
G1 Z2.472 X120.575 Y96.295 E149.21964
G1 Z2.473 X120.846 Y95.082 E149.26169
G1 Z2.474 X121.193 Y93.889 E149.30374
G1 Z2.475 X121.614 Y92.72 E149.34579
G1 Z2.477 X122.107 Y91.58 E149.38784
G1 Z2.478 X122.671 Y90.473 E149.42989
G1 Z2.479 X123.304 Y89.404 E149.47194
G1 Z2.480 X123.738 Y88.765 E149.49812
;LAYER_CHANGE
;Z:2.68
;HEIGHT:0.2
G1 Z2.480 F600
G1 F5942
G1 Z2.480 X124.002 Y88.377 E149.51399
G1 Z2.482 X124.763 Y87.395 E149.55604
G1 Z2.483 X125.585 Y86.463 E149.59809
G1 Z2.484 X126.463 Y85.585 E149.64014
G1 Z2.486 X127.395 Y84.763 E149.68219
G1 Z2.487 X128.377 Y84.002 E149.72424
G1 Z2.488 X129.404 Y83.304 E149.76629
G1 Z2.489 X130.473 Y82.671 E149.80834
G1 Z2.491 X131.58 Y82.107 E149.85039
G1 Z2.492 X132.72 Y81.614 E149.89244
G1 Z2.493 X133.889 Y81.193 E149.93449
G1 Z2.494 X135.082 Y80.846 E149.97654
G1 Z2.496 X136.295 Y80.575 E150.01859
G1 Z2.497 X137.522 Y80.381 E150.06064
G1 Z2.498 X138.758 Y80.264 E150.10269
G1 Z2.500 X140.004 Y80.225 E150.14486
G1 Z2.520 X159.475 Y80.225 E150.80395
G1 Z2.523 X159.475 Y83.305 E150.9082
G1 Z2.524 X160.525 Y83.305 E150.94374
G1 Z2.527 X160.525 Y80.225 E151.048
G1 Z2.536 X169.683 Y80.225 E151.35798
G1 Z2.537 X169.683 Y80.525 E151.36814
G1 Z2.538 X170.617 Y80.525 E151.39976
G1 Z2.538 X170.617 Y80.225 E151.40991
G1 Z2.547 X179.775 Y80.225 E151.7199
G1 Z2.567 X179.775 Y99.475 E152.37149
G1 Z2.570 X176.695 Y99.475 E152.47574
G1 Z2.571 X176.695 Y100.525 E152.51128
G1 Z2.574 X179.775 Y100.525 E152.61554
G1 Z2.582 X179.775 Y108.313 E152.87916
G1 Z2.583 X179.475 Y108.313 E152.88931
G1 Z2.584 X179.475 Y109.247 E152.92093
G1 Z2.584 X179.775 Y109.247 E152.93109
G1 Z2.586 X179.775 Y111.053 E152.99219
G1 Z2.586 X179.475 Y111.053 E153.00235
G1 Z2.587 X179.475 Y111.987 E153.03397
G1 Z2.587 X179.775 Y111.987 E153.04412
G1 Z2.595 X179.775 Y119.775 E153.30774
G1 Z2.636 X140.004 Y119.775 E154.65396
G1 Z2.637 X138.758 Y119.736 E154.69613
G1 Z2.639 X137.522 Y119.619 E154.73818
G1 Z2.640 X136.295 Y119.425 E154.78023
G1 Z2.641 X135.082 Y119.154 E154.82228
G1 Z2.642 X133.889 Y118.807 E154.86433
G1 Z2.644 X132.72 Y118.386 E154.90638
G1 Z2.645 X131.58 Y117.893 E154.94843
G1 Z2.646 X130.473 Y117.329 E154.99048
G1 Z2.647 X129.404 Y116.696 E155.03253
G1 Z2.649 X128.377 Y115.998 E155.07458
G1 Z2.650 X127.395 Y115.237 E155.11663
G1 Z2.651 X126.463 Y114.415 E155.15868
G1 Z2.652 X125.585 Y113.537 E155.20073
G1 Z2.654 X124.763 Y112.605 E155.24278
G1 Z2.655 X124.002 Y111.623 E155.28483
G1 Z2.656 X123.304 Y110.596 E155.32688
G1 Z2.658 X122.671 Y109.527 E155.36893
G1 Z2.659 X122.107 Y108.42 E155.41098
G1 Z2.660 X121.614 Y107.28 E155.45303
G1 Z2.661 X121.193 Y106.111 E155.49508
G1 Z2.663 X120.846 Y104.918 E155.53713
G1 Z2.664 X120.575 Y103.705 E155.57918
G1 Z2.665 X120.381 Y102.478 E155.62123
G1 Z2.666 X120.264 Y101.242 E155.66328
G1 Z2.668 X120.225 Y100 E155.70533
G1 Z2.669 X120.264 Y98.758 E155.74738
G1 Z2.670 X120.381 Y97.522 E155.78943
G1 Z2.672 X120.575 Y96.295 E155.83148
G1 Z2.673 X120.846 Y95.082 E155.87353
G1 Z2.674 X121.193 Y93.889 E155.91558
G1 Z2.675 X121.614 Y92.72 E155.95763
G1 Z2.677 X122.107 Y91.58 E155.99968
G1 Z2.678 X122.671 Y90.473 E156.04173
G1 Z2.679 X123.304 Y89.404 E156.08378
G1 Z2.680 X123.738 Y88.765 E156.10996
;LAYER_CHANGE
;Z:2.88
;HEIGHT:0.2
G1 Z2.680 F600
G1 F5951
G1 Z2.680 X124.002 Y88.377 E156.12583
G1 Z2.682 X124.763 Y87.395 E156.16788
G1 Z2.683 X125.585 Y86.463 E156.20993
G1 Z2.684 X126.463 Y85.585 E156.25198
G1 Z2.686 X127.395 Y84.763 E156.29403
G1 Z2.687 X128.377 Y84.002 E156.33608
G1 Z2.688 X129.404 Y83.304 E156.37813
G1 Z2.689 X130.473 Y82.671 E156.42018
G1 Z2.691 X131.58 Y82.107 E156.46223
G1 Z2.692 X132.72 Y81.614 E156.50428
G1 Z2.693 X133.889 Y81.193 E156.54633
G1 Z2.694 X135.082 Y80.846 E156.58838
G1 Z2.696 X136.295 Y80.575 E156.63043
G1 Z2.697 X137.522 Y80.381 E156.67248
G1 Z2.698 X138.758 Y80.264 E156.71453
G1 Z2.699 X140.004 Y80.225 E156.7567
G1 Z2.719 X159.475 Y80.225 E157.41579
G1 Z2.723 X159.475 Y83.505 E157.52681
G1 Z2.724 X160.525 Y83.505 E157.56235
G1 Z2.727 X160.525 Y80.225 E157.67338
G1 Z2.736 X169.683 Y80.225 E157.98336
G1 Z2.737 X169.683 Y80.525 E157.99351
G1 Z2.738 X170.617 Y80.525 E158.02514
G1 Z2.738 X170.617 Y80.225 E158.03529
G1 Z2.747 X179.775 Y80.225 E158.34527
G1 Z2.767 X179.775 Y99.475 E158.99686
G1 Z2.770 X176.495 Y99.475 E159.10789
G1 Z2.771 X176.495 Y100.525 E159.14343
G1 Z2.775 X179.775 Y100.525 E159.25445
G1 Z2.783 X179.775 Y108.45 E159.52269
G1 Z2.783 X179.475 Y108.45 E159.53285
G1 Z2.784 X179.475 Y109.384 E159.56447
G1 Z2.784 X179.775 Y109.384 E159.57462
G1 Z2.786 X179.775 Y110.916 E159.62649
G1 Z2.786 X179.475 Y110.916 E159.63665
G1 Z2.787 X179.475 Y111.85 E159.66827
G1 Z2.788 X179.775 Y111.85 E159.67842
G1 Z2.796 X179.775 Y119.775 E159.94666
G1 Z2.836 X140.004 Y119.775 E161.29288
G1 Z2.837 X138.758 Y119.736 E161.33505
G1 Z2.839 X137.522 Y119.619 E161.3771
G1 Z2.840 X136.295 Y119.425 E161.41915
G1 Z2.841 X135.082 Y119.154 E161.4612
G1 Z2.842 X133.889 Y118.807 E161.50325
G1 Z2.844 X132.72 Y118.386 E161.5453
G1 Z2.845 X131.58 Y117.893 E161.58735
G1 Z2.846 X130.473 Y117.329 E161.6294
G1 Z2.848 X129.404 Y116.696 E161.67145
G1 Z2.849 X128.377 Y115.998 E161.7135
G1 Z2.850 X127.395 Y115.237 E161.75555
G1 Z2.851 X126.463 Y114.415 E161.7976
G1 Z2.853 X125.585 Y113.537 E161.83965
G1 Z2.854 X124.763 Y112.605 E161.8817
G1 Z2.855 X124.002 Y111.623 E161.92375
G1 Z2.856 X123.304 Y110.596 E161.9658
G1 Z2.858 X122.671 Y109.527 E162.00785
G1 Z2.859 X122.107 Y108.42 E162.0499
G1 Z2.860 X121.614 Y107.28 E162.09195
G1 Z2.861 X121.193 Y106.111 E162.134
G1 Z2.863 X120.846 Y104.918 E162.17605
G1 Z2.864 X120.575 Y103.705 E162.2181
G1 Z2.865 X120.381 Y102.478 E162.26015
G1 Z2.867 X120.264 Y101.242 E162.3022
G1 Z2.868 X120.225 Y100 E162.34425
G1 Z2.869 X120.264 Y98.758 E162.3863
G1 Z2.870 X120.381 Y97.522 E162.42835
G1 Z2.872 X120.575 Y96.295 E162.4704
G1 Z2.873 X120.846 Y95.082 E162.51245
G1 Z2.874 X121.193 Y93.889 E162.5545
G1 Z2.875 X121.614 Y92.72 E162.59655
G1 Z2.877 X122.107 Y91.58 E162.6386
G1 Z2.878 X122.671 Y90.473 E162.68065
G1 Z2.879 X123.304 Y89.404 E162.7227
G1 Z2.880 X123.738 Y88.765 E162.74887
;LAYER_CHANGE
;Z:3.08
;HEIGHT:0.2
G1 Z2.880 F600
G1 F5961
G1 Z2.880 X124.002 Y88.377 E162.76475
G1 Z2.882 X124.763 Y87.395 E162.8068
G1 Z2.883 X125.585 Y86.463 E162.84885
G1 Z2.884 X126.463 Y85.585 E162.8909
G1 Z2.886 X127.395 Y84.763 E162.93295
G1 Z2.887 X128.377 Y84.002 E162.975
G1 Z2.888 X129.404 Y83.304 E163.01705
G1 Z2.889 X130.473 Y82.671 E163.0591
G1 Z2.891 X131.58 Y82.107 E163.10115
G1 Z2.892 X132.72 Y81.614 E163.1432
G1 Z2.893 X133.889 Y81.193 E163.18525
G1 Z2.894 X135.082 Y80.846 E163.2273
G1 Z2.896 X136.295 Y80.575 E163.26935
G1 Z2.897 X137.522 Y80.381 E163.3114
G1 Z2.898 X138.758 Y80.264 E163.35345
G1 Z2.899 X140.004 Y80.225 E163.39562
G1 Z2.919 X159.475 Y80.225 E164.0547
G1 Z2.923 X159.475 Y83.705 E164.1725
G1 Z2.924 X160.525 Y83.705 E164.20804
G1 Z2.927 X160.525 Y80.225 E164.32583
G1 Z2.937 X169.683 Y80.225 E164.63582
G1 Z2.937 X169.683 Y80.525 E164.64597
G1 Z2.938 X170.617 Y80.525 E164.67759
G1 Z2.938 X170.617 Y80.225 E164.68775
G1 Z2.947 X179.775 Y80.225 E164.99773
G1 Z2.967 X179.775 Y99.475 E165.64932
G1 Z2.971 X176.295 Y99.475 E165.76711
G1 Z2.972 X176.295 Y100.525 E165.80266
G1 Z2.975 X179.775 Y100.525 E165.92045
G1 Z2.983 X179.775 Y108.586 E166.19331
G1 Z2.984 X179.475 Y108.586 E166.20346
G1 Z2.985 X179.475 Y109.52 E166.23508
G1 Z2.985 X179.775 Y109.52 E166.24524
G1 Z2.986 X179.775 Y110.78 E166.28787
G1 Z2.986 X179.475 Y110.78 E166.29803
G1 Z2.987 X179.475 Y111.714 E166.32965
G1 Z2.988 X179.775 Y111.714 E166.3398
G1 Z2.996 X179.775 Y119.775 E166.61266
G1 Z3.036 X140.004 Y119.775 E167.95887
G1 Z3.038 X138.758 Y119.736 E168.00104
G1 Z3.039 X137.522 Y119.619 E168.04309
G1 Z3.040 X136.295 Y119.425 E168.08514
G1 Z3.041 X135.082 Y119.154 E168.12719
G1 Z3.043 X133.889 Y118.807 E168.16924
G1 Z3.044 X132.72 Y118.386 E168.21129
G1 Z3.045 X131.58 Y117.893 E168.25334
G1 Z3.046 X130.473 Y117.329 E168.29539
G1 Z3.048 X129.404 Y116.696 E168.33744
G1 Z3.049 X128.377 Y115.998 E168.37949
G1 Z3.050 X127.395 Y115.237 E168.42154
G1 Z3.051 X126.463 Y114.415 E168.46359
G1 Z3.053 X125.585 Y113.537 E168.50564
G1 Z3.054 X124.763 Y112.605 E168.54769
G1 Z3.055 X124.002 Y111.623 E168.58974
G1 Z3.057 X123.304 Y110.596 E168.63179
G1 Z3.058 X122.671 Y109.527 E168.67384
G1 Z3.059 X122.107 Y108.42 E168.71589
G1 Z3.060 X121.614 Y107.28 E168.75794
G1 Z3.062 X121.193 Y106.111 E168.79999
G1 Z3.063 X120.846 Y104.918 E168.84204
G1 Z3.064 X120.575 Y103.705 E168.88409
G1 Z3.065 X120.381 Y102.478 E168.92614
G1 Z3.067 X120.264 Y101.242 E168.96819
G1 Z3.068 X120.225 Y100 E169.01024
G1 Z3.069 X120.264 Y98.758 E169.05229
G1 Z3.070 X120.381 Y97.522 E169.09434
G1 Z3.072 X120.575 Y96.295 E169.13639
G1 Z3.073 X120.846 Y95.082 E169.17844
G1 Z3.074 X121.193 Y93.889 E169.22049
G1 Z3.075 X121.614 Y92.72 E169.26254
G1 Z3.077 X122.107 Y91.58 E169.30459
G1 Z3.078 X122.671 Y90.473 E169.34664
G1 Z3.079 X123.304 Y89.404 E169.38869
G1 Z3.080 X123.738 Y88.765 E169.41487
;LAYER_CHANGE
;Z:3.28
;HEIGHT:0.2
G1 Z3.080 F600
G1 F5970
G1 Z3.080 X124.002 Y88.377 E169.43074
G1 Z3.082 X124.763 Y87.395 E169.47279
G1 Z3.083 X125.585 Y86.463 E169.51484
G1 Z3.084 X126.463 Y85.585 E169.55689
G1 Z3.086 X127.395 Y84.763 E169.59894
G1 Z3.087 X128.377 Y84.002 E169.64099
G1 Z3.088 X129.404 Y83.304 E169.68304
G1 Z3.089 X130.473 Y82.671 E169.72509
G1 Z3.091 X131.58 Y82.107 E169.76714
G1 Z3.092 X132.72 Y81.614 E169.80919
G1 Z3.093 X133.889 Y81.193 E169.85124
G1 Z3.094 X135.082 Y80.846 E169.89329
G1 Z3.096 X136.295 Y80.575 E169.93534
G1 Z3.097 X137.522 Y80.381 E169.97739
G1 Z3.098 X138.758 Y80.264 E170.01944
G1 Z3.099 X140.004 Y80.225 E170.06161
G1 Z3.119 X159.475 Y80.225 E170.7207
G1 Z3.123 X159.475 Y83.905 E170.84526
G1 Z3.124 X160.525 Y83.905 E170.8808
G1 Z3.128 X160.525 Y80.225 E171.00537
G1 Z3.137 X169.683 Y80.225 E171.31535
G1 Z3.137 X169.683 Y80.525 E171.32551
G1 Z3.138 X170.617 Y80.525 E171.35713
G1 Z3.138 X170.617 Y80.225 E171.36728
G1 Z3.148 X179.775 Y80.225 E171.67727
G1 Z3.167 X179.775 Y99.475 E172.32886
G1 Z3.171 X176.095 Y99.475 E172.45342
G1 Z3.172 X176.095 Y100.525 E172.48896
G1 Z3.176 X179.775 Y100.525 E172.61352
G1 Z3.184 X179.775 Y108.722 E172.891
G1 Z3.184 X179.475 Y108.722 E172.90115
G1 Z3.185 X179.475 Y109.657 E172.93277
G1 Z3.185 X179.775 Y109.657 E172.94293
G1 Z3.186 X179.775 Y110.643 E172.97633
G1 Z3.187 X179.475 Y110.643 E172.98648
G1 Z3.188 X179.475 Y111.578 E173.01811
G1 Z3.188 X179.775 Y111.578 E173.02826
G1 Z3.196 X179.775 Y119.775 E173.30573
G1 Z3.236 X140.004 Y119.775 E174.65195
G1 Z3.238 X138.758 Y119.736 E174.69412
G1 Z3.239 X137.522 Y119.619 E174.73617
G1 Z3.240 X136.295 Y119.425 E174.77822
G1 Z3.242 X135.082 Y119.154 E174.82027
G1 Z3.243 X133.889 Y118.807 E174.86232
G1 Z3.244 X132.72 Y118.386 E174.90437
G1 Z3.245 X131.58 Y117.893 E174.94642
G1 Z3.247 X130.473 Y117.329 E174.98847
G1 Z3.248 X129.404 Y116.696 E175.03052
G1 Z3.249 X128.377 Y115.998 E175.07257
G1 Z3.250 X127.395 Y115.237 E175.11462
G1 Z3.252 X126.463 Y114.415 E175.15667
G1 Z3.253 X125.585 Y113.537 E175.19872
G1 Z3.254 X124.763 Y112.605 E175.24077
G1 Z3.255 X124.002 Y111.623 E175.28282
G1 Z3.257 X123.304 Y110.596 E175.32487
G1 Z3.258 X122.671 Y109.527 E175.36692
G1 Z3.259 X122.107 Y108.42 E175.40897
G1 Z3.260 X121.614 Y107.28 E175.45102
G1 Z3.262 X121.193 Y106.111 E175.49307
G1 Z3.263 X120.846 Y104.918 E175.53512
G1 Z3.264 X120.575 Y103.705 E175.57717
G1 Z3.265 X120.381 Y102.478 E175.61922
G1 Z3.267 X120.264 Y101.242 E175.66127
G1 Z3.268 X120.225 Y100 E175.70332
G1 Z3.269 X120.264 Y98.758 E175.74537
G1 Z3.270 X120.381 Y97.522 E175.78742
G1 Z3.272 X120.575 Y96.295 E175.82947
G1 Z3.273 X120.846 Y95.082 E175.87152
G1 Z3.274 X121.193 Y93.889 E175.91357
G1 Z3.275 X121.614 Y92.72 E175.95562
G1 Z3.277 X122.107 Y91.58 E175.99767
G1 Z3.278 X122.671 Y90.473 E176.03972
G1 Z3.279 X123.304 Y89.404 E176.08177
G1 Z3.280 X123.738 Y88.765 E176.10794
;LAYER_CHANGE
;Z:3.48
;HEIGHT:0.2
G1 Z3.280 F600
G1 F5980
G1 Z3.280 X124.002 Y88.377 E176.12382
G1 Z3.282 X124.763 Y87.395 E176.16587
G1 Z3.283 X125.585 Y86.463 E176.20792
G1 Z3.284 X126.463 Y85.585 E176.24997
G1 Z3.285 X127.395 Y84.763 E176.29202
G1 Z3.287 X128.377 Y84.002 E176.33407
G1 Z3.288 X129.404 Y83.304 E176.37612
G1 Z3.289 X130.473 Y82.671 E176.41817
G1 Z3.290 X131.58 Y82.107 E176.46022
G1 Z3.292 X132.72 Y81.614 E176.50227
G1 Z3.293 X133.889 Y81.193 E176.54432
G1 Z3.294 X135.082 Y80.846 E176.58637
G1 Z3.295 X136.295 Y80.575 E176.62842
G1 Z3.297 X137.522 Y80.381 E176.67047
G1 Z3.298 X138.758 Y80.264 E176.71252
G1 Z3.299 X140.004 Y80.225 E176.75469
G1 Z3.319 X159.475 Y80.225 E177.41377
G1 Z3.323 X159.475 Y84.105 E177.54511
G1 Z3.324 X160.525 Y84.105 E177.58065
G1 Z3.328 X160.525 Y80.225 E177.71198
G1 Z3.337 X169.683 Y80.225 E178.02197
G1 Z3.337 X169.683 Y80.525 E178.03212
G1 Z3.338 X170.617 Y80.525 E178.06374
G1 Z3.339 X170.617 Y80.225 E178.0739
G1 Z3.348 X179.775 Y80.225 E178.38388
G1 Z3.367 X179.775 Y99.475 E179.03547
G1 Z3.371 X175.895 Y99.475 E179.1668
G1 Z3.372 X175.895 Y100.525 E179.20235
G1 Z3.376 X179.775 Y100.525 E179.33368
G1 Z3.384 X179.775 Y108.859 E179.61577
G1 Z3.385 X179.475 Y108.859 E179.62592
G1 Z3.386 X179.475 Y109.793 E179.65755
G1 Z3.386 X179.775 Y109.793 E179.6677
G1 Z3.387 X179.775 Y110.507 E179.69187
G1 Z3.387 X179.475 Y110.507 E179.70202
G1 Z3.388 X179.475 Y111.441 E179.73364
G1 Z3.388 X179.775 Y111.441 E179.7438
G1 Z3.397 X179.775 Y119.775 E180.02589
G1 Z3.437 X140.004 Y119.775 E181.3721
G1 Z3.438 X138.758 Y119.736 E181.41427
G1 Z3.439 X137.522 Y119.619 E181.45632
G1 Z3.440 X136.295 Y119.425 E181.49837
G1 Z3.442 X135.082 Y119.154 E181.54042
G1 Z3.443 X133.889 Y118.807 E181.58247
G1 Z3.444 X132.72 Y118.386 E181.62452
G1 Z3.445 X131.58 Y117.893 E181.66657
G1 Z3.447 X130.473 Y117.329 E181.70862
G1 Z3.448 X129.404 Y116.696 E181.75067
G1 Z3.449 X128.377 Y115.998 E181.79272
G1 Z3.450 X127.395 Y115.237 E181.83477
G1 Z3.452 X126.463 Y114.415 E181.87682
G1 Z3.453 X125.585 Y113.537 E181.91887
G1 Z3.454 X124.763 Y112.605 E181.96092
G1 Z3.455 X124.002 Y111.623 E182.00297
G1 Z3.457 X123.304 Y110.596 E182.04502
G1 Z3.458 X122.671 Y109.527 E182.08707
G1 Z3.459 X122.107 Y108.42 E182.12912
G1 Z3.460 X121.614 Y107.28 E182.17117
G1 Z3.462 X121.193 Y106.111 E182.21322
G1 Z3.463 X120.846 Y104.918 E182.25527
G1 Z3.464 X120.575 Y103.705 E182.29732
G1 Z3.465 X120.381 Y102.478 E182.33937
G1 Z3.467 X120.264 Y101.242 E182.38142
G1 Z3.468 X120.225 Y100 E182.42347
G1 Z3.469 X120.264 Y98.758 E182.46552
G1 Z3.470 X120.381 Y97.522 E182.50757
G1 Z3.472 X120.575 Y96.295 E182.54962
G1 Z3.473 X120.846 Y95.082 E182.59167
G1 Z3.474 X121.193 Y93.889 E182.63372
G1 Z3.475 X121.614 Y92.72 E182.67577
G1 Z3.477 X122.107 Y91.58 E182.71782
G1 Z3.478 X122.671 Y90.473 E182.75987
G1 Z3.479 X123.304 Y89.404 E182.80192
G1 Z3.480 X123.738 Y88.765 E182.8281
;LAYER_CHANGE
;Z:3.68
;HEIGHT:0.2
G1 Z3.480 F600
G1 X123.738 Y88.765 F6000
G1 F5990
G1 Z3.480 X124.002 Y88.377 E182.84397
G1 Z3.482 X124.763 Y87.395 E182.88602
G1 Z3.483 X125.585 Y86.463 E182.92807
G1 Z3.484 X126.463 Y85.585 E182.97012
G1 Z3.485 X127.395 Y84.763 E183.01217
G1 Z3.487 X128.377 Y84.002 E183.05422
G1 Z3.488 X129.404 Y83.304 E183.09627
G1 Z3.489 X130.473 Y82.671 E183.13832
G1 Z3.490 X131.58 Y82.107 E183.18037
G1 Z3.492 X132.72 Y81.614 E183.22242
G1 Z3.493 X133.889 Y81.193 E183.26447
G1 Z3.494 X135.082 Y80.846 E183.30652
G1 Z3.495 X136.295 Y80.575 E183.34857
G1 Z3.497 X137.522 Y80.381 E183.39062
G1 Z3.498 X138.758 Y80.264 E183.43267
G1 Z3.499 X140.004 Y80.225 E183.47484
G1 Z3.519 X159.475 Y80.225 E184.13393
G1 Z3.523 X159.475 Y84.305 E184.27203
G1 Z3.524 X160.525 Y84.305 E184.30757
G1 Z3.528 X160.525 Y80.225 E184.44568
G1 Z3.537 X169.683 Y80.225 E184.75566
G1 Z3.537 X169.683 Y80.525 E184.76582
G1 Z3.538 X170.617 Y80.525 E184.79744
G1 Z3.539 X170.617 Y80.225 E184.80759
G1 Z3.548 X179.775 Y80.225 E185.11758
G1 Z3.567 X179.775 Y99.475 E185.76916
G1 Z3.571 X175.695 Y99.475 E185.90727
G1 Z3.572 X175.695 Y100.525 E185.94281
G1 Z3.576 X179.775 Y100.525 E186.08091
G1 Z3.585 X179.775 Y108.995 E186.36762
G1 Z3.585 X179.475 Y108.995 E186.37778
G1 Z3.586 X179.475 Y109.929 E186.4094
G1 Z3.586 X179.775 Y109.929 E186.41955
G1 Z3.587 X179.775 Y110.371 E186.43448
G1 Z3.587 X179.475 Y110.371 E186.44464
G1 Z3.588 X179.475 Y111.305 E186.47626
G1 Z3.588 X179.775 Y111.305 E186.48641
G1 Z3.597 X179.775 Y119.775 E186.77312
G1 Z3.637 X140.004 Y119.775 E188.11934
G1 Z3.638 X138.758 Y119.736 E188.16151
G1 Z3.639 X137.522 Y119.619 E188.20356
G1 Z3.641 X136.295 Y119.425 E188.24561
G1 Z3.642 X135.082 Y119.154 E188.28766
G1 Z3.643 X133.889 Y118.807 E188.32971
G1 Z3.644 X132.72 Y118.386 E188.37176
G1 Z3.646 X131.58 Y117.893 E188.41381
G1 Z3.647 X130.473 Y117.329 E188.45586
G1 Z3.648 X129.404 Y116.696 E188.49791
G1 Z3.649 X128.377 Y115.998 E188.53996
G1 Z3.651 X127.395 Y115.237 E188.58201
G1 Z3.652 X126.463 Y114.415 E188.62406
G1 Z3.653 X125.585 Y113.537 E188.66611
G1 Z3.654 X124.763 Y112.605 E188.70816
G1 Z3.656 X124.002 Y111.623 E188.75021
G1 Z3.657 X123.304 Y110.596 E188.79226
G1 Z3.658 X122.671 Y109.527 E188.83431
G1 Z3.659 X122.107 Y108.42 E188.87636
G1 Z3.661 X121.614 Y107.28 E188.91841
G1 Z3.662 X121.193 Y106.111 E188.96046
G1 Z3.663 X120.846 Y104.918 E189.00251
G1 Z3.664 X120.575 Y103.705 E189.04456
G1 Z3.666 X120.381 Y102.478 E189.08661
G1 Z3.667 X120.264 Y101.242 E189.12866
G1 Z3.668 X120.225 Y100 E189.17071
G1 Z3.669 X120.264 Y98.758 E189.21276
G1 Z3.670 X120.381 Y97.522 E189.25481
G1 Z3.672 X120.575 Y96.295 E189.29686
G1 Z3.673 X120.846 Y95.082 E189.33891
G1 Z3.674 X121.193 Y93.889 E189.38096
G1 Z3.675 X121.614 Y92.72 E189.42301
G1 Z3.677 X122.107 Y91.58 E189.46506
G1 Z3.678 X122.671 Y90.473 E189.50711
G1 Z3.679 X123.304 Y89.404 E189.54916
G1 Z3.680 X123.738 Y88.765 E189.57533
;LAYER_CHANGE
;Z:3.88
;HEIGHT:0.2
G1 Z3.680 F600
G1 X123.738 Y88.765 F6000
G1 F5999
G1 Z3.680 X124.002 Y88.377 E189.59121
G1 Z3.682 X124.763 Y87.395 E189.63326
G1 Z3.683 X125.585 Y86.463 E189.67531
G1 Z3.684 X126.463 Y85.585 E189.71736
G1 Z3.685 X127.395 Y84.763 E189.75941
G1 Z3.687 X128.377 Y84.002 E189.80146
G1 Z3.688 X129.404 Y83.304 E189.84351
G1 Z3.689 X130.473 Y82.671 E189.88556
G1 Z3.690 X131.58 Y82.107 E189.92761
G1 Z3.692 X132.72 Y81.614 E189.96966
G1 Z3.693 X133.889 Y81.193 E190.01171
G1 Z3.694 X135.082 Y80.846 E190.05376
G1 Z3.695 X136.295 Y80.575 E190.09581
G1 Z3.697 X137.522 Y80.381 E190.13786
G1 Z3.698 X138.758 Y80.264 E190.17991
G1 Z3.699 X140.004 Y80.225 E190.22208
G1 Z3.719 X159.475 Y80.225 E190.88116
G1 Z3.723 X159.475 Y84.505 E191.02604
G1 Z3.724 X160.525 Y84.505 E191.06158
G1 Z3.728 X160.525 Y80.225 E191.20645
G1 Z3.737 X169.683 Y80.225 E191.51643
G1 Z3.738 X169.683 Y80.525 E191.52659
G1 Z3.739 X170.617 Y80.525 E191.55821
G1 Z3.739 X170.617 Y80.225 E191.56836
G1 Z3.748 X179.775 Y80.225 E191.87835
G1 Z3.767 X179.775 Y99.475 E192.52994
G1 Z3.772 X175.495 Y99.475 E192.67481
G1 Z3.773 X175.495 Y100.525 E192.71035
G1 Z3.777 X179.775 Y100.525 E192.85522
G1 Z3.785 X179.775 Y109.132 E193.14655
G1 Z3.786 X179.475 Y109.132 E193.15671
G1 Z3.787 X179.475 Y110.066 E193.18833
G1 Z3.787 X179.775 Y110.066 E193.19848
G1 Z3.787 X179.775 Y110.234 E193.20418
G1 Z3.787 X179.475 Y110.234 E193.21433
G1 Z3.788 X179.475 Y111.168 E193.24595
G1 Z3.789 X179.775 Y111.168 E193.25611
G1 Z3.797 X179.775 Y119.775 E193.54743
G1 Z3.837 X140.004 Y119.775 E194.89365
G1 Z3.838 X138.758 Y119.736 E194.93582
G1 Z3.840 X137.522 Y119.619 E194.97787
G1 Z3.841 X136.295 Y119.425 E195.01992
G1 Z3.842 X135.082 Y119.154 E195.06197
G1 Z3.843 X133.889 Y118.807 E195.10402
G1 Z3.844 X132.72 Y118.386 E195.14607
G1 Z3.846 X131.58 Y117.893 E195.18812
G1 Z3.847 X130.473 Y117.329 E195.23017
G1 Z3.848 X129.404 Y116.696 E195.27222
G1 Z3.849 X128.377 Y115.998 E195.31427
G1 Z3.851 X127.395 Y115.237 E195.35632
G1 Z3.852 X126.463 Y114.415 E195.39837
G1 Z3.853 X125.585 Y113.537 E195.44042
G1 Z3.854 X124.763 Y112.605 E195.48247
G1 Z3.856 X124.002 Y111.623 E195.52452
G1 Z3.857 X123.304 Y110.596 E195.56657
G1 Z3.858 X122.671 Y109.527 E195.60862
G1 Z3.859 X122.107 Y108.42 E195.65067
G1 Z3.861 X121.614 Y107.28 E195.69272
G1 Z3.862 X121.193 Y106.111 E195.73477
G1 Z3.863 X120.846 Y104.918 E195.77682
G1 Z3.864 X120.575 Y103.705 E195.81887
G1 Z3.866 X120.381 Y102.478 E195.86092
G1 Z3.867 X120.264 Y101.242 E195.90297
G1 Z3.868 X120.225 Y100 E195.94502
G1 Z3.869 X120.264 Y98.758 E195.98707
G1 Z3.871 X120.381 Y97.522 E196.02912
G1 Z3.872 X120.575 Y96.295 E196.07117
G1 Z3.873 X120.846 Y95.082 E196.11322
G1 Z3.874 X121.193 Y93.889 E196.15527
G1 Z3.876 X121.614 Y92.72 E196.19732
G1 Z3.877 X122.107 Y91.58 E196.23937
G1 Z3.878 X122.671 Y90.473 E196.28142
G1 Z3.879 X123.304 Y89.404 E196.32347
G1 Z3.880 X123.738 Y88.765 E196.34964
;LAYER_CHANGE
;Z:4.08
;HEIGHT:0.2
G1 Z3.880 F600
G1 F6002
G1 Z3.880 X124.002 Y88.377 E196.36552
G1 Z3.882 X124.763 Y87.395 E196.40757
G1 Z3.883 X125.585 Y86.463 E196.44962
G1 Z3.884 X126.463 Y85.585 E196.49167
G1 Z3.885 X127.395 Y84.763 E196.53372
G1 Z3.887 X128.377 Y84.002 E196.57577
G1 Z3.888 X129.404 Y83.304 E196.61782
G1 Z3.889 X130.473 Y82.671 E196.65987
G1 Z3.890 X131.58 Y82.107 E196.70192
G1 Z3.892 X132.72 Y81.614 E196.74397
G1 Z3.893 X133.889 Y81.193 E196.78602
G1 Z3.894 X135.082 Y80.846 E196.82807
G1 Z3.895 X136.295 Y80.575 E196.87012
G1 Z3.897 X137.522 Y80.381 E196.91217
G1 Z3.898 X138.758 Y80.264 E196.95422
G1 Z3.899 X140.004 Y80.225 E196.99639
G1 Z3.919 X159.475 Y80.225 E197.65547
G1 Z3.923 X159.475 Y84.705 E197.80712
G1 Z3.924 X160.525 Y84.705 E197.84266
G1 Z3.929 X160.525 Y80.225 E197.9943
G1 Z3.938 X169.683 Y80.225 E198.30429
G1 Z3.938 X169.683 Y80.525 E198.31444
G1 Z3.939 X170.617 Y80.525 E198.34606
G1 Z3.939 X170.617 Y80.225 E198.35622
G1 Z3.948 X179.775 Y80.225 E198.6662
G1 Z3.968 X179.775 Y99.475 E199.31779
G1 Z3.972 X175.295 Y99.475 E199.46943
G1 Z3.973 X175.295 Y100.525 E199.50497
G1 Z3.978 X179.775 Y100.525 E199.65662
G1 Z3.986 X179.775 Y109.268 E199.95256
G1 Z3.987 X179.475 Y109.268 E199.96271
G1 Z3.988 X179.475 Y111.032 E200.02242
G1 Z3.989 X179.775 Y111.032 E200.03257
G1 Z3.997 X179.775 Y119.775 E200.32852
G1 Z4.037 X140.004 Y119.775 E201.67473
G1 Z4.038 X138.758 Y119.736 E201.7169
G1 Z4.040 X137.522 Y119.619 E201.75895
G1 Z4.041 X136.295 Y119.425 E201.801
G1 Z4.042 X135.082 Y119.154 E201.84305
G1 Z4.043 X133.889 Y118.807 E201.8851
G1 Z4.045 X132.72 Y118.386 E201.92715
G1 Z4.046 X131.58 Y117.893 E201.9692
G1 Z4.047 X130.473 Y117.329 E202.01125
G1 Z4.048 X129.404 Y116.696 E202.0533
G1 Z4.049 X128.377 Y115.998 E202.09535
G1 Z4.051 X127.395 Y115.237 E202.1374
G1 Z4.052 X126.463 Y114.415 E202.17945
G1 Z4.053 X125.585 Y113.537 E202.2215
G1 Z4.054 X124.763 Y112.605 E202.26355
G1 Z4.056 X124.002 Y111.623 E202.3056
G1 Z4.057 X123.304 Y110.596 E202.34765
G1 Z4.058 X122.671 Y109.527 E202.3897
G1 Z4.059 X122.107 Y108.42 E202.43175
G1 Z4.061 X121.614 Y107.28 E202.4738
G1 Z4.062 X121.193 Y106.111 E202.51585
G1 Z4.063 X120.846 Y104.918 E202.5579
G1 Z4.064 X120.575 Y103.705 E202.59995
G1 Z4.066 X120.381 Y102.478 E202.642
G1 Z4.067 X120.264 Y101.242 E202.68405
G1 Z4.068 X120.225 Y100 E202.7261
G1 Z4.069 X120.264 Y98.758 E202.76815
G1 Z4.071 X120.381 Y97.522 E202.8102
G1 Z4.072 X120.575 Y96.295 E202.85225
G1 Z4.073 X120.846 Y95.082 E202.8943
G1 Z4.074 X121.193 Y93.889 E202.93635
G1 Z4.076 X121.614 Y92.72 E202.9784
G1 Z4.077 X122.107 Y91.58 E203.02045
G1 Z4.078 X122.671 Y90.473 E203.0625
G1 Z4.079 X123.304 Y89.404 E203.10455
G1 Z4.080 X123.738 Y88.765 E203.13073
;LAYER_CHANGE
;Z:4.28
;HEIGHT:0.2
G1 Z4.080 F600
G1 F6011
G1 Z4.080 X124.002 Y88.377 E203.1466
G1 Z4.082 X124.763 Y87.395 E203.18865
G1 Z4.083 X125.585 Y86.463 E203.2307
G1 Z4.084 X126.463 Y85.585 E203.27275
G1 Z4.085 X127.395 Y84.763 E203.3148
G1 Z4.087 X128.377 Y84.002 E203.35685
G1 Z4.088 X129.404 Y83.304 E203.3989
G1 Z4.089 X130.473 Y82.671 E203.44095
G1 Z4.090 X131.58 Y82.107 E203.483
G1 Z4.092 X132.72 Y81.614 E203.52505
G1 Z4.093 X133.889 Y81.193 E203.5671
G1 Z4.094 X135.082 Y80.846 E203.60915
G1 Z4.095 X136.295 Y80.575 E203.6512
G1 Z4.097 X137.522 Y80.381 E203.69325
G1 Z4.098 X138.758 Y80.264 E203.7353
G1 Z4.099 X140.004 Y80.225 E203.77747
G1 Z4.118 X159.475 Y80.225 E204.43656
G1 Z4.123 X159.475 Y84.905 E204.59497
G1 Z4.124 X160.525 Y84.905 E204.63051
G1 Z4.129 X160.525 Y80.225 E204.78892
G1 Z4.138 X169.683 Y80.225 E205.09891
G1 Z4.138 X169.683 Y80.525 E205.10906
G1 Z4.139 X170.617 Y80.525 E205.14068
G1 Z4.139 X170.617 Y80.225 E205.15084
G1 Z4.148 X179.775 Y80.225 E205.46082
G1 Z4.168 X179.775 Y99.475 E206.11241
G1 Z4.172 X175.095 Y99.475 E206.27082
G1 Z4.173 X175.095 Y100.525 E206.30636
G1 Z4.178 X179.775 Y100.525 E206.46478
G1 Z4.187 X179.775 Y109.405 E206.76534
G1 Z4.187 X179.475 Y109.405 E206.77549
G1 Z4.189 X179.475 Y110.895 E206.82596
G1 Z4.189 X179.775 Y110.895 E206.83612
G1 Z4.198 X179.775 Y119.775 E207.13668
G1 Z4.237 X140.004 Y119.775 E208.48289
G1 Z4.238 X138.758 Y119.736 E208.52506
G1 Z4.240 X137.522 Y119.619 E208.56711
G1 Z4.241 X136.295 Y119.425 E208.60916
G1 Z4.242 X135.082 Y119.154 E208.65121
G1 Z4.243 X133.889 Y118.807 E208.69326
G1 Z4.245 X132.72 Y118.386 E208.73531
G1 Z4.246 X131.58 Y117.893 E208.77736
G1 Z4.247 X130.473 Y117.329 E208.81941
G1 Z4.248 X129.404 Y116.696 E208.86146
G1 Z4.250 X128.377 Y115.998 E208.90351
G1 Z4.251 X127.395 Y115.237 E208.94556
G1 Z4.252 X126.463 Y114.415 E208.98761
G1 Z4.253 X125.585 Y113.537 E209.02966
G1 Z4.255 X124.763 Y112.605 E209.07171
G1 Z4.256 X124.002 Y111.623 E209.11376
G1 Z4.257 X123.304 Y110.596 E209.15581
G1 Z4.258 X122.671 Y109.527 E209.19786
G1 Z4.259 X122.107 Y108.42 E209.23991
G1 Z4.261 X121.614 Y107.28 E209.28196
G1 Z4.262 X121.193 Y106.111 E209.32401
G1 Z4.263 X120.846 Y104.918 E209.36606
G1 Z4.264 X120.575 Y103.705 E209.40811
G1 Z4.266 X120.381 Y102.478 E209.45016
G1 Z4.267 X120.264 Y101.242 E209.49221
G1 Z4.268 X120.225 Y100 E209.53426
G1 Z4.269 X120.264 Y98.758 E209.57631
G1 Z4.271 X120.381 Y97.522 E209.61836
G1 Z4.272 X120.575 Y96.295 E209.66041
G1 Z4.273 X120.846 Y95.082 E209.70246
G1 Z4.274 X121.193 Y93.889 E209.74451
G1 Z4.276 X121.614 Y92.72 E209.78656
G1 Z4.277 X122.107 Y91.58 E209.82861
G1 Z4.278 X122.671 Y90.473 E209.87066
G1 Z4.279 X123.304 Y89.404 E209.91271
G1 Z4.280 X123.738 Y88.765 E209.93889
;LAYER_CHANGE
;Z:4.48
;HEIGHT:0.2
G1 Z4.280 F600
G1 F6021
G1 Z4.280 X124.002 Y88.377 E209.95476
G1 Z4.282 X124.763 Y87.395 E209.99681
G1 Z4.283 X125.585 Y86.463 E210.03886
G1 Z4.284 X126.463 Y85.585 E210.08091
G1 Z4.285 X127.395 Y84.763 E210.12296
G1 Z4.287 X128.377 Y84.002 E210.16501
G1 Z4.288 X129.404 Y83.304 E210.20706
G1 Z4.289 X130.473 Y82.671 E210.24911
G1 Z4.290 X131.58 Y82.107 E210.29116
G1 Z4.292 X132.72 Y81.614 E210.33321
G1 Z4.293 X133.889 Y81.193 E210.37526
G1 Z4.294 X135.082 Y80.846 E210.41731
G1 Z4.295 X136.295 Y80.575 E210.45936
G1 Z4.296 X137.522 Y80.381 E210.50141
G1 Z4.298 X138.758 Y80.264 E210.54346
G1 Z4.299 X140.004 Y80.225 E210.58563
G1 Z4.318 X159.475 Y80.225 E211.24472
G1 Z4.323 X159.475 Y85.105 E211.4099
G1 Z4.324 X160.525 Y85.105 E211.44544
G1 Z4.329 X160.525 Y80.225 E211.61062
G1 Z4.338 X169.683 Y80.225 E211.92061
G1 Z4.338 X169.683 Y80.525 E211.93076
G1 Z4.339 X170.617 Y80.525 E211.96238
G1 Z4.340 X170.617 Y80.225 E211.97254
G1 Z4.349 X179.775 Y80.225 E212.28252
G1 Z4.368 X179.775 Y99.475 E212.93411
G1 Z4.372 X174.895 Y99.475 E213.09929
G1 Z4.374 X174.895 Y100.525 E213.13484
G1 Z4.378 X179.775 Y100.525 E213.30002
G1 Z4.387 X179.775 Y109.541 E213.6052
G1 Z4.388 X179.475 Y109.541 E213.61535
G1 Z4.389 X179.475 Y110.759 E213.65658
G1 Z4.389 X179.775 Y110.759 E213.66674
G1 Z4.398 X179.775 Y119.775 E213.97192
G1 Z4.437 X140.004 Y119.775 E215.31813
G1 Z4.439 X138.758 Y119.736 E215.3603
G1 Z4.440 X137.522 Y119.619 E215.40235
G1 Z4.441 X136.295 Y119.425 E215.4444
G1 Z4.442 X135.082 Y119.154 E215.48645
G1 Z4.444 X133.889 Y118.807 E215.5285
G1 Z4.445 X132.72 Y118.386 E215.57055
G1 Z4.446 X131.58 Y117.893 E215.6126
G1 Z4.447 X130.473 Y117.329 E215.65465
G1 Z4.448 X129.404 Y116.696 E215.6967
G1 Z4.450 X128.377 Y115.998 E215.73875
G1 Z4.451 X127.395 Y115.237 E215.7808
G1 Z4.452 X126.463 Y114.415 E215.82285
G1 Z4.453 X125.585 Y113.537 E215.8649
G1 Z4.455 X124.763 Y112.605 E215.90695
G1 Z4.456 X124.002 Y111.623 E215.949
G1 Z4.457 X123.304 Y110.596 E215.99105
G1 Z4.458 X122.671 Y109.527 E216.0331
G1 Z4.460 X122.107 Y108.42 E216.07515
G1 Z4.461 X121.614 Y107.28 E216.1172
G1 Z4.462 X121.193 Y106.111 E216.15925
G1 Z4.463 X120.846 Y104.918 E216.2013
G1 Z4.464 X120.575 Y103.705 E216.24335
G1 Z4.466 X120.381 Y102.478 E216.2854
G1 Z4.467 X120.264 Y101.242 E216.32745
G1 Z4.468 X120.225 Y100 E216.3695
G1 Z4.469 X120.264 Y98.758 E216.41155
G1 Z4.471 X120.381 Y97.522 E216.4536
G1 Z4.472 X120.575 Y96.295 E216.49565
G1 Z4.473 X120.846 Y95.082 E216.5377
G1 Z4.474 X121.193 Y93.889 E216.57975
G1 Z4.476 X121.614 Y92.72 E216.6218
G1 Z4.477 X122.107 Y91.58 E216.66385
G1 Z4.478 X122.671 Y90.473 E216.7059
G1 Z4.479 X123.304 Y89.404 E216.74795
G1 Z4.480 X123.738 Y88.765 E216.77413
;LAYER_CHANGE
;Z:4.68
;HEIGHT:0.2
G1 Z4.480 F600
G1 F6030
G1 Z4.480 X124.002 Y88.377 E216.79
G1 Z4.482 X124.763 Y87.395 E216.83205
G1 Z4.483 X125.585 Y86.463 E216.8741
G1 Z4.484 X126.463 Y85.585 E216.91615
G1 Z4.485 X127.395 Y84.763 E216.9582
G1 Z4.487 X128.377 Y84.002 E217.00025
G1 Z4.488 X129.404 Y83.304 E217.0423
G1 Z4.489 X130.473 Y82.671 E217.08435
G1 Z4.490 X131.58 Y82.107 E217.1264
G1 Z4.491 X132.72 Y81.614 E217.16845
G1 Z4.493 X133.889 Y81.193 E217.2105
G1 Z4.494 X135.082 Y80.846 E217.25255
G1 Z4.495 X136.295 Y80.575 E217.2946
G1 Z4.496 X137.522 Y80.381 E217.33665
G1 Z4.498 X138.758 Y80.264 E217.3787
G1 Z4.499 X140.004 Y80.225 E217.42087
G1 Z4.518 X159.475 Y80.225 E218.07996
G1 Z4.523 X159.475 Y85.305 E218.25191
G1 Z4.524 X160.525 Y85.305 E218.28745
G1 Z4.529 X160.525 Y80.225 E218.4594
G1 Z4.538 X169.683 Y80.225 E218.76939
G1 Z4.538 X169.683 Y80.525 E218.77954
G1 Z4.539 X170.617 Y80.525 E218.81116
G1 Z4.540 X170.617 Y80.225 E218.82132
G1 Z4.549 X179.775 Y80.225 E219.1313
G1 Z4.568 X179.775 Y99.475 E219.78289
G1 Z4.573 X174.695 Y99.475 E219.95484
G1 Z4.574 X174.695 Y100.525 E219.99038
G1 Z4.579 X179.775 Y100.525 E220.16234
G1 Z4.588 X179.775 Y109.677 E220.47213
G1 Z4.588 X179.475 Y109.677 E220.48229
G1 Z4.589 X179.475 Y110.623 E220.51428
G1 Z4.589 X179.775 Y110.623 E220.52444
G1 Z4.598 X179.775 Y119.775 E220.83424
G1 Z4.638 X140.004 Y119.775 E222.18045
G1 Z4.639 X138.758 Y119.736 E222.22262
G1 Z4.640 X137.522 Y119.619 E222.26467
G1 Z4.641 X136.295 Y119.425 E222.30672
G1 Z4.642 X135.082 Y119.154 E222.34877
G1 Z4.644 X133.889 Y118.807 E222.39082
G1 Z4.645 X132.72 Y118.386 E222.43287
G1 Z4.646 X131.58 Y117.893 E222.47492
G1 Z4.647 X130.473 Y117.329 E222.51697
G1 Z4.649 X129.404 Y116.696 E222.55902
G1 Z4.650 X128.377 Y115.998 E222.60107
G1 Z4.651 X127.395 Y115.237 E222.64312
G1 Z4.652 X126.463 Y114.415 E222.68517
G1 Z4.654 X125.585 Y113.537 E222.72722
G1 Z4.655 X124.763 Y112.605 E222.76927
G1 Z4.656 X124.002 Y111.623 E222.81132
G1 Z4.657 X123.304 Y110.596 E222.85337
G1 Z4.658 X122.671 Y109.527 E222.89542
G1 Z4.660 X122.107 Y108.42 E222.93747
G1 Z4.661 X121.614 Y107.28 E222.97952
G1 Z4.662 X121.193 Y106.111 E223.02157
G1 Z4.663 X120.846 Y104.918 E223.06362
G1 Z4.665 X120.575 Y103.705 E223.10567
G1 Z4.666 X120.381 Y102.478 E223.14772
G1 Z4.667 X120.264 Y101.242 E223.18977
G1 Z4.668 X120.225 Y100 E223.23182
G1 Z4.669 X120.264 Y98.758 E223.27387
G1 Z4.671 X120.381 Y97.522 E223.31592
G1 Z4.672 X120.575 Y96.295 E223.35797
G1 Z4.673 X120.846 Y95.082 E223.40002
G1 Z4.674 X121.193 Y93.889 E223.44207
G1 Z4.676 X121.614 Y92.72 E223.48412
G1 Z4.677 X122.107 Y91.58 E223.52617
G1 Z4.678 X122.671 Y90.473 E223.56822
G1 Z4.679 X123.304 Y89.404 E223.61027
G1 Z4.680 X123.738 Y88.765 E223.63645
;LAYER_CHANGE
;Z:4.88
;HEIGHT:0.2
G1 Z4.680 F600
G1 F6040
G1 Z4.680 X124.002 Y88.377 E223.65232
G1 Z4.682 X124.763 Y87.395 E223.69437
G1 Z4.683 X125.585 Y86.463 E223.73642
G1 Z4.684 X126.463 Y85.585 E223.77847
G1 Z4.685 X127.395 Y84.763 E223.82052
G1 Z4.687 X128.377 Y84.002 E223.86257
G1 Z4.688 X129.404 Y83.304 E223.90462
G1 Z4.689 X130.473 Y82.671 E223.94667
G1 Z4.690 X131.58 Y82.107 E223.98872
G1 Z4.691 X132.72 Y81.614 E224.03077
G1 Z4.693 X133.889 Y81.193 E224.07282
G1 Z4.694 X135.082 Y80.846 E224.11487
G1 Z4.695 X136.295 Y80.575 E224.15692
G1 Z4.696 X137.522 Y80.381 E224.19897
G1 Z4.698 X138.758 Y80.264 E224.24102
G1 Z4.699 X140.004 Y80.225 E224.28319
G1 Z4.718 X159.475 Y80.225 E224.94228
G1 Z4.723 X159.475 Y85.505 E225.121
G1 Z4.724 X160.525 Y85.505 E225.15654
G1 Z4.729 X160.525 Y80.225 E225.33526
G1 Z4.738 X169.552 Y80.225 E225.64082
G1 Z4.738 X169.552 Y80.525 E225.65097
G1 Z4.740 X170.748 Y80.525 E225.69145
G1 Z4.740 X170.748 Y80.225 E225.70161
G1 Z4.749 X179.775 Y80.225 E226.00716
G1 Z4.768 X179.775 Y99.475 E226.65875
G1 Z4.773 X174.495 Y99.475 E226.83747
G1 Z4.774 X174.495 Y100.525 E226.87301
G1 Z4.779 X179.775 Y100.525 E227.05174
G1 Z4.788 X179.775 Y109.552 E227.35729
G1 Z4.788 X179.475 Y109.552 E227.36744
G1 Z4.789 X179.475 Y110.748 E227.40792
G1 Z4.790 X179.775 Y110.748 E227.41808
G1 Z4.799 X179.775 Y119.775 E227.72363
G1 Z4.838 X140.004 Y119.775 E229.06985
G1 Z4.839 X138.758 Y119.736 E229.11202
G1 Z4.840 X137.522 Y119.619 E229.15407
G1 Z4.841 X136.295 Y119.425 E229.19612
G1 Z4.843 X135.082 Y119.154 E229.23817
G1 Z4.844 X133.889 Y118.807 E229.28022
G1 Z4.845 X132.72 Y118.386 E229.32227
G1 Z4.846 X131.58 Y117.893 E229.36432
G1 Z4.848 X130.473 Y117.329 E229.40637
G1 Z4.849 X129.404 Y116.696 E229.44842
G1 Z4.850 X128.377 Y115.998 E229.49047
G1 Z4.851 X127.395 Y115.237 E229.53252
G1 Z4.852 X126.463 Y114.415 E229.57457
G1 Z4.854 X125.585 Y113.537 E229.61662
G1 Z4.855 X124.763 Y112.605 E229.65867
G1 Z4.856 X124.002 Y111.623 E229.70072
G1 Z4.857 X123.304 Y110.596 E229.74277
G1 Z4.858 X122.671 Y109.527 E229.78482
G1 Z4.860 X122.107 Y108.42 E229.82687
G1 Z4.861 X121.614 Y107.28 E229.86892
G1 Z4.862 X121.193 Y106.111 E229.91097
G1 Z4.863 X120.846 Y104.918 E229.95302
G1 Z4.865 X120.575 Y103.705 E229.99507
G1 Z4.866 X120.381 Y102.478 E230.03712
G1 Z4.867 X120.264 Y101.242 E230.07917
G1 Z4.868 X120.225 Y100 E230.12122
G1 Z4.869 X120.264 Y98.758 E230.16327
G1 Z4.871 X120.381 Y97.522 E230.20532
G1 Z4.872 X120.575 Y96.295 E230.24737
G1 Z4.873 X120.846 Y95.082 E230.28942
G1 Z4.874 X121.193 Y93.889 E230.33147
G1 Z4.876 X121.614 Y92.72 E230.37352
G1 Z4.877 X122.107 Y91.58 E230.41557
G1 Z4.878 X122.671 Y90.473 E230.45762
G1 Z4.879 X123.304 Y89.404 E230.49967
G1 Z4.880 X123.738 Y88.765 E230.52585
;LAYER_CHANGE
;Z:5.08
;HEIGHT:0.2
G1 Z4.880 F600
G1 F6050
G1 Z4.880 X124.002 Y88.377 E230.54172
G1 Z4.882 X124.763 Y87.395 E230.58377
G1 Z4.883 X125.585 Y86.463 E230.62582
G1 Z4.884 X126.463 Y85.585 E230.66787
G1 Z4.885 X127.395 Y84.763 E230.70992
G1 Z4.887 X128.377 Y84.002 E230.75197
G1 Z4.888 X129.404 Y83.304 E230.79402
G1 Z4.889 X130.473 Y82.671 E230.83607
G1 Z4.890 X131.58 Y82.107 E230.87812
G1 Z4.891 X132.72 Y81.614 E230.92017
G1 Z4.893 X133.889 Y81.193 E230.96222
G1 Z4.894 X135.082 Y80.846 E231.00427
G1 Z4.895 X136.295 Y80.575 E231.04632
G1 Z4.896 X137.522 Y80.381 E231.08837
G1 Z4.897 X138.758 Y80.264 E231.13042
G1 Z4.899 X140.004 Y80.225 E231.17259
G1 Z4.918 X159.475 Y80.225 E231.83168
G1 Z4.923 X159.475 Y85.705 E232.01717
G1 Z4.924 X160.525 Y85.705 E232.05271
G1 Z4.930 X160.525 Y80.225 E232.2382
G1 Z4.938 X169.416 Y80.225 E232.53914
G1 Z4.939 X169.416 Y80.525 E232.54929
G1 Z4.940 X170.884 Y80.525 E232.59901
G1 Z4.940 X170.884 Y80.225 E232.60916
G1 Z4.949 X179.775 Y80.225 E232.9101
G1 Z4.968 X179.775 Y99.475 E233.56169
G1 Z4.973 X174.295 Y99.475 E233.74718
G1 Z4.974 X174.295 Y100.525 E233.78272
G1 Z4.980 X179.775 Y100.525 E233.96821
G1 Z4.988 X179.775 Y109.416 E234.26915
G1 Z4.989 X179.475 Y109.416 E234.2793
G1 Z4.990 X179.475 Y110.884 E234.32902
G1 Z4.990 X179.775 Y110.884 E234.33917
G1 Z4.999 X179.775 Y119.775 E234.64011
G1 Z5.038 X140.004 Y119.775 E235.98633
G1 Z5.039 X138.758 Y119.736 E236.0285
G1 Z5.040 X137.522 Y119.619 E236.07055
G1 Z5.042 X136.295 Y119.425 E236.1126
G1 Z5.043 X135.082 Y119.154 E236.15465
G1 Z5.044 X133.889 Y118.807 E236.1967
G1 Z5.045 X132.72 Y118.386 E236.23875
G1 Z5.046 X131.58 Y117.893 E236.2808
G1 Z5.048 X130.473 Y117.329 E236.32285
G1 Z5.049 X129.404 Y116.696 E236.3649
G1 Z5.050 X128.377 Y115.998 E236.40695
G1 Z5.051 X127.395 Y115.237 E236.449
G1 Z5.052 X126.463 Y114.415 E236.49105
G1 Z5.054 X125.585 Y113.537 E236.5331
G1 Z5.055 X124.763 Y112.605 E236.57515
G1 Z5.056 X124.002 Y111.623 E236.6172
G1 Z5.057 X123.304 Y110.596 E236.65925
G1 Z5.059 X122.671 Y109.527 E236.7013
G1 Z5.060 X122.107 Y108.42 E236.74335
G1 Z5.061 X121.614 Y107.28 E236.7854
G1 Z5.062 X121.193 Y106.111 E236.82745
G1 Z5.063 X120.846 Y104.918 E236.8695
G1 Z5.065 X120.575 Y103.705 E236.91155
G1 Z5.066 X120.381 Y102.478 E236.9536
G1 Z5.067 X120.264 Y101.242 E236.99565
G1 Z5.068 X120.225 Y100 E237.0377
G1 Z5.070 X120.264 Y98.758 E237.07975
G1 Z5.071 X120.381 Y97.522 E237.1218
G1 Z5.072 X120.575 Y96.295 E237.16385
G1 Z5.073 X120.846 Y95.082 E237.2059
G1 Z5.074 X121.193 Y93.889 E237.24795
G1 Z5.076 X121.614 Y92.72 E237.29
G1 Z5.077 X122.107 Y91.58 E237.33205
G1 Z5.078 X122.671 Y90.473 E237.3741
G1 Z5.079 X123.304 Y89.404 E237.41615
G1 Z5.080 X123.738 Y88.765 E237.44232
;LAYER_CHANGE
;Z:5.28
;HEIGHT:0.2
G1 Z5.080 F600
G1 F6059
G1 Z5.080 X124.002 Y88.377 E237.4582
G1 Z5.082 X124.763 Y87.395 E237.50025
G1 Z5.083 X125.585 Y86.463 E237.5423
G1 Z5.084 X126.463 Y85.585 E237.58435
G1 Z5.085 X127.395 Y84.763 E237.6264
G1 Z5.087 X128.377 Y84.002 E237.66845
G1 Z5.088 X129.404 Y83.304 E237.7105
G1 Z5.089 X130.473 Y82.671 E237.75255
G1 Z5.090 X131.58 Y82.107 E237.7946
G1 Z5.091 X132.72 Y81.614 E237.83665
G1 Z5.093 X133.889 Y81.193 E237.8787
G1 Z5.094 X135.082 Y80.846 E237.92075
G1 Z5.095 X136.295 Y80.575 E237.9628
G1 Z5.096 X137.522 Y80.381 E238.00485
G1 Z5.097 X138.758 Y80.264 E238.0469
G1 Z5.099 X140.004 Y80.225 E238.08907
G1 Z5.118 X159.475 Y80.225 E238.74815
G1 Z5.123 X159.475 Y85.905 E238.94041
G1 Z5.124 X160.525 Y85.905 E238.97596
G1 Z5.130 X160.525 Y80.225 E239.16822
G1 Z5.138 X169.279 Y80.225 E239.46454
G1 Z5.139 X169.279 Y80.525 E239.47469
G1 Z5.140 X171.021 Y80.525 E239.53364
G1 Z5.141 X171.021 Y80.225 E239.5438
G1 Z5.149 X179.775 Y80.225 E239.84012
G1 Z5.168 X179.775 Y99.475 E240.49171
G1 Z5.173 X174.095 Y99.475 E240.68397
G1 Z5.174 X174.095 Y100.525 E240.71951
G1 Z5.180 X179.775 Y100.525 E240.91177
G1 Z5.188 X179.775 Y109.279 E241.20809
G1 Z5.189 X179.475 Y109.279 E241.21824
G1 Z5.190 X179.475 Y111.021 E241.27719
G1 Z5.191 X179.775 Y111.021 E241.28735
G1 Z5.199 X179.775 Y119.775 E241.58367
G1 Z5.238 X140.004 Y119.775 E242.92988
G1 Z5.239 X138.758 Y119.736 E242.97205
G1 Z5.240 X137.522 Y119.619 E243.0141
G1 Z5.242 X136.295 Y119.425 E243.05615
G1 Z5.243 X135.082 Y119.154 E243.0982
G1 Z5.244 X133.889 Y118.807 E243.14025
G1 Z5.245 X132.72 Y118.386 E243.1823
G1 Z5.247 X131.58 Y117.893 E243.22435
G1 Z5.248 X130.473 Y117.329 E243.2664
G1 Z5.249 X129.404 Y116.696 E243.30845
G1 Z5.250 X128.377 Y115.998 E243.3505
G1 Z5.251 X127.395 Y115.237 E243.39255
G1 Z5.253 X126.463 Y114.415 E243.4346
G1 Z5.254 X125.585 Y113.537 E243.47665
G1 Z5.255 X124.763 Y112.605 E243.5187
G1 Z5.256 X124.002 Y111.623 E243.56075
G1 Z5.257 X123.304 Y110.596 E243.6028
G1 Z5.259 X122.671 Y109.527 E243.64485
G1 Z5.260 X122.107 Y108.42 E243.6869
G1 Z5.261 X121.614 Y107.28 E243.72895
G1 Z5.262 X121.193 Y106.111 E243.771
G1 Z5.264 X120.846 Y104.918 E243.81305
G1 Z5.265 X120.575 Y103.705 E243.8551
G1 Z5.266 X120.381 Y102.478 E243.89715
G1 Z5.267 X120.264 Y101.242 E243.9392
G1 Z5.268 X120.225 Y100 E243.98125
G1 Z5.270 X120.264 Y98.758 E244.0233
G1 Z5.271 X120.381 Y97.522 E244.06535
G1 Z5.272 X120.575 Y96.295 E244.1074
G1 Z5.273 X120.846 Y95.082 E244.14945
G1 Z5.274 X121.193 Y93.889 E244.1915
G1 Z5.276 X121.614 Y92.72 E244.23355
G1 Z5.277 X122.107 Y91.58 E244.2756
G1 Z5.278 X122.671 Y90.473 E244.31765
G1 Z5.279 X123.304 Y89.404 E244.3597
G1 Z5.280 X123.738 Y88.765 E244.38588
;LAYER_CHANGE
;Z:5.48
;HEIGHT:0.2
G1 Z5.280 F600
G1 F6083
G1 Z5.280 X124.002 Y88.377 E244.40175
G1 Z5.282 X124.763 Y87.395 E244.4438
G1 Z5.283 X125.585 Y86.463 E244.48585
G1 Z5.284 X126.463 Y85.585 E244.5279
G1 Z5.285 X127.395 Y84.763 E244.56995
G1 Z5.286 X128.377 Y84.002 E244.612
G1 Z5.288 X129.404 Y83.304 E244.65405
G1 Z5.289 X130.473 Y82.671 E244.6961
G1 Z5.290 X131.58 Y82.107 E244.73815
G1 Z5.291 X132.72 Y81.614 E244.7802
G1 Z5.292 X133.889 Y81.193 E244.82225
G1 Z5.294 X135.082 Y80.846 E244.8643
G1 Z5.295 X136.295 Y80.575 E244.90635
G1 Z5.296 X137.522 Y80.381 E244.9484
G1 Z5.297 X138.758 Y80.264 E244.99045
G1 Z5.298 X140.004 Y80.225 E245.03262
G1 Z5.317 X159.475 Y80.225 E245.69171
G1 Z5.323 X159.475 Y86.105 E245.89074
G1 Z5.324 X160.525 Y86.105 E245.92628
G1 Z5.330 X160.525 Y80.225 E246.12531
G1 Z5.338 X169.143 Y80.225 E246.41701
G1 Z5.338 X169.143 Y80.525 E246.42717
G1 Z5.339 X170.077 Y80.525 E246.45879
G1 Z5.339 X170.077 Y80.225 E246.46894
G1 Z5.340 X170.223 Y80.225 E246.47389
G1 Z5.340 X170.223 Y80.525 E246.48404
G1 Z5.341 X171.157 Y80.525 E246.51566
G1 Z5.341 X171.157 Y80.225 E246.52582
G1 Z5.349 X179.775 Y80.225 E246.81752
G1 Z5.368 X179.775 Y99.475 E247.46911
G1 Z5.374 X173.895 Y99.475 E247.66814
G1 Z5.375 X173.895 Y100.525 E247.70368
G1 Z5.380 X179.775 Y100.525 E247.90271
G1 Z5.389 X179.775 Y109.143 E248.19442
G1 Z5.389 X179.475 Y109.143 E248.20457
G1 Z5.390 X179.475 Y110.077 E248.23619
G1 Z5.390 X179.775 Y110.077 E248.24635
G1 Z5.390 X179.775 Y110.223 E248.25129
G1 Z5.391 X179.475 Y110.223 E248.26144
G1 Z5.391 X179.475 Y111.157 E248.29307
G1 Z5.392 X179.775 Y111.157 E248.30322
G1 Z5.400 X179.775 Y119.775 E248.59492
G1 Z5.438 X140.004 Y119.775 E249.94114
G1 Z5.440 X138.758 Y119.736 E249.98331
G1 Z5.441 X137.522 Y119.619 E250.02536
G1 Z5.442 X136.295 Y119.425 E250.06741
G1 Z5.443 X135.082 Y119.154 E250.10946
G1 Z5.444 X133.889 Y118.807 E250.15151
G1 Z5.446 X132.72 Y118.386 E250.19356
G1 Z5.447 X131.58 Y117.893 E250.23561
G1 Z5.448 X130.473 Y117.329 E250.27766
G1 Z5.449 X129.404 Y116.696 E250.31971
G1 Z5.450 X128.377 Y115.998 E250.36176
G1 Z5.452 X127.395 Y115.237 E250.40381
G1 Z5.453 X126.463 Y114.415 E250.44586
G1 Z5.454 X125.585 Y113.537 E250.48791
G1 Z5.455 X124.763 Y112.605 E250.52996
G1 Z5.456 X124.002 Y111.623 E250.57201
G1 Z5.458 X123.304 Y110.596 E250.61406
G1 Z5.459 X122.671 Y109.527 E250.65611
G1 Z5.460 X122.107 Y108.42 E250.69816
G1 Z5.461 X121.614 Y107.28 E250.74021
G1 Z5.462 X121.193 Y106.111 E250.78226
G1 Z5.464 X120.846 Y104.918 E250.82431
G1 Z5.465 X120.575 Y103.705 E250.86636
G1 Z5.466 X120.381 Y102.478 E250.90841
G1 Z5.467 X120.264 Y101.242 E250.95046
G1 Z5.468 X120.225 Y100 E250.99251
G1 Z5.470 X120.264 Y98.758 E251.03456
G1 Z5.471 X120.381 Y97.522 E251.07661
G1 Z5.472 X120.575 Y96.295 E251.11866
G1 Z5.473 X120.846 Y95.082 E251.16071
G1 Z5.474 X121.193 Y93.889 E251.20276
G1 Z5.476 X121.614 Y92.72 E251.24481
G1 Z5.477 X122.107 Y91.58 E251.28686
G1 Z5.478 X122.671 Y90.473 E251.32891
G1 Z5.479 X123.304 Y89.404 E251.37096
G1 Z5.480 X123.738 Y88.765 E251.39713
;LAYER_CHANGE
;Z:5.68
;HEIGHT:0.2
G1 Z5.480 F600
G1 F6093
G1 Z5.480 X124.002 Y88.377 E251.41301
G1 Z5.482 X124.763 Y87.395 E251.45506
G1 Z5.483 X125.585 Y86.463 E251.49711
G1 Z5.484 X126.463 Y85.585 E251.53916
G1 Z5.485 X127.395 Y84.763 E251.58121
G1 Z5.486 X128.377 Y84.002 E251.62326
G1 Z5.488 X129.404 Y83.304 E251.66531
G1 Z5.489 X130.473 Y82.671 E251.70736
G1 Z5.490 X131.58 Y82.107 E251.74941
G1 Z5.491 X132.72 Y81.614 E251.79146
G1 Z5.492 X133.889 Y81.193 E251.83351
G1 Z5.494 X135.082 Y80.846 E251.87556
G1 Z5.495 X136.295 Y80.575 E251.91761
G1 Z5.496 X137.522 Y80.381 E251.95966
G1 Z5.497 X138.758 Y80.264 E252.00171
G1 Z5.498 X140.004 Y80.225 E252.04388
G1 Z5.517 X159.475 Y80.225 E252.70296
G1 Z5.523 X159.475 Y86.305 E252.90876
G1 Z5.524 X160.525 Y86.305 E252.94431
G1 Z5.530 X160.525 Y80.225 E253.15011
G1 Z5.538 X169.006 Y80.225 E253.43719
G1 Z5.538 X169.006 Y80.525 E253.44735
G1 Z5.539 X169.941 Y80.525 E253.47897
G1 Z5.539 X169.941 Y80.225 E253.48912
G1 Z5.540 X170.359 Y80.225 E253.5033
G1 Z5.540 X170.359 Y80.525 E253.51345
G1 Z5.541 X171.294 Y80.525 E253.54508
G1 Z5.541 X171.294 Y80.225 E253.55523
G1 Z5.549 X179.775 Y80.225 E253.84231
G1 Z5.568 X179.775 Y99.475 E254.4939
G1 Z5.574 X173.695 Y99.475 E254.6997
G1 Z5.575 X173.695 Y100.525 E254.73525
G1 Z5.581 X179.775 Y100.525 E254.94105
G1 Z5.589 X179.775 Y109.006 E255.22813
G1 Z5.589 X179.475 Y109.006 E255.23829
G1 Z5.590 X179.475 Y109.941 E255.26991
G1 Z5.590 X179.775 Y109.941 E255.28006
G1 Z5.591 X179.775 Y110.359 E255.29424
G1 Z5.591 X179.475 Y110.359 E255.30439
G1 Z5.592 X179.475 Y111.294 E255.33602
G1 Z5.592 X179.775 Y111.294 E255.34617
G1 Z5.600 X179.775 Y119.775 E255.63325
G1 Z5.639 X140.004 Y119.775 E256.97947
G1 Z5.640 X138.758 Y119.736 E257.02164
G1 Z5.641 X137.522 Y119.619 E257.06369
G1 Z5.642 X136.295 Y119.425 E257.10574
G1 Z5.643 X135.082 Y119.154 E257.14779
G1 Z5.645 X133.889 Y118.807 E257.18984
G1 Z5.646 X132.72 Y118.386 E257.23189
G1 Z5.647 X131.58 Y117.893 E257.27394
G1 Z5.648 X130.473 Y117.329 E257.31599
G1 Z5.649 X129.404 Y116.696 E257.35804
G1 Z5.651 X128.377 Y115.998 E257.40009
G1 Z5.652 X127.395 Y115.237 E257.44214
G1 Z5.653 X126.463 Y114.415 E257.48419
G1 Z5.654 X125.585 Y113.537 E257.52624
G1 Z5.655 X124.763 Y112.605 E257.56829
G1 Z5.657 X124.002 Y111.623 E257.61034
G1 Z5.658 X123.304 Y110.596 E257.65239
G1 Z5.659 X122.671 Y109.527 E257.69444
G1 Z5.660 X122.107 Y108.42 E257.73649
G1 Z5.661 X121.614 Y107.28 E257.77854
G1 Z5.663 X121.193 Y106.111 E257.82059
G1 Z5.664 X120.846 Y104.918 E257.86264
G1 Z5.665 X120.575 Y103.705 E257.90469
G1 Z5.666 X120.381 Y102.478 E257.94674
G1 Z5.667 X120.264 Y101.242 E257.98879
G1 Z5.669 X120.225 Y100 E258.03084
G1 Z5.670 X120.264 Y98.758 E258.07289
G1 Z5.671 X120.381 Y97.522 E258.11494
G1 Z5.672 X120.575 Y96.295 E258.15699
G1 Z5.673 X120.846 Y95.082 E258.19904
G1 Z5.674 X121.193 Y93.889 E258.24109
G1 Z5.676 X121.614 Y92.72 E258.28314
G1 Z5.677 X122.107 Y91.58 E258.32519
G1 Z5.678 X122.671 Y90.473 E258.36724
G1 Z5.679 X123.304 Y89.404 E258.40929
G1 Z5.680 X123.738 Y88.765 E258.43547
;LAYER_CHANGE
;Z:5.88
;HEIGHT:0.2
G1 Z5.680 F600
G1 F6002
G1 Z5.680 X124.002 Y88.377 E258.45134
G1 Z5.682 X124.763 Y87.395 E258.49339
G1 Z5.683 X125.585 Y86.463 E258.53544
G1 Z5.684 X126.463 Y85.585 E258.57749
G1 Z5.685 X127.395 Y84.763 E258.61954
G1 Z5.686 X128.377 Y84.002 E258.66159
G1 Z5.688 X129.404 Y83.304 E258.70364
G1 Z5.689 X130.473 Y82.671 E258.74569
G1 Z5.690 X131.58 Y82.107 E258.78774
G1 Z5.691 X132.72 Y81.614 E258.82979
G1 Z5.692 X133.889 Y81.193 E258.87184
G1 Z5.694 X135.082 Y80.846 E258.91389
G1 Z5.695 X136.295 Y80.575 E258.95594
G1 Z5.696 X137.522 Y80.381 E258.99799
G1 Z5.697 X138.758 Y80.264 E259.04004
G1 Z5.698 X140.004 Y80.225 E259.08221
G1 Z5.717 X159.475 Y80.225 E259.7413
G1 Z5.723 X159.475 Y86.505 E259.95387
G1 Z5.724 X160.525 Y86.505 E259.98941
G1 Z5.730 X160.525 Y80.225 E260.20198
G1 Z5.738 X168.87 Y80.225 E260.48445
G1 Z5.738 X168.87 Y80.525 E260.4946
G1 Z5.739 X169.804 Y80.525 E260.52622
G1 Z5.739 X169.804 Y80.225 E260.53638
G1 Z5.740 X170.496 Y80.225 E260.55979
G1 Z5.740 X170.496 Y80.525 E260.56994
G1 Z5.741 X171.43 Y80.525 E260.60157
G1 Z5.742 X171.43 Y80.225 E260.61172
G1 Z5.750 X179.775 Y80.225 E260.89419
G1 Z5.768 X179.775 Y99.475 E261.54578
G1 Z5.774 X173.495 Y99.475 E261.75835
G1 Z5.775 X173.495 Y100.525 E261.79389
G1 Z5.781 X179.775 Y100.525 E262.00646
G1 Z5.789 X179.775 Y108.87 E262.28893
G1 Z5.789 X179.475 Y108.87 E262.29908
G1 Z5.790 X179.475 Y109.804 E262.3307
G1 Z5.791 X179.775 Y109.804 E262.34086
G1 Z5.791 X179.775 Y110.496 E262.36427
G1 Z5.792 X179.475 Y110.496 E262.37442
G1 Z5.792 X179.475 Y111.43 E262.40605
G1 Z5.793 X179.775 Y111.43 E262.4162
G1 Z5.801 X179.775 Y119.775 E262.69867
G1 Z5.839 X140.004 Y119.775 E264.04488
G1 Z5.840 X138.758 Y119.736 E264.08705
G1 Z5.841 X137.522 Y119.619 E264.1291
G1 Z5.842 X136.295 Y119.425 E264.17115
G1 Z5.844 X135.082 Y119.154 E264.2132
G1 Z5.845 X133.889 Y118.807 E264.25525
G1 Z5.846 X132.72 Y118.386 E264.2973
G1 Z5.847 X131.58 Y117.893 E264.33935
G1 Z5.848 X130.473 Y117.329 E264.3814
G1 Z5.850 X129.404 Y116.696 E264.42345
G1 Z5.851 X128.377 Y115.998 E264.4655
G1 Z5.852 X127.395 Y115.237 E264.50755
G1 Z5.853 X126.463 Y114.415 E264.5496
G1 Z5.854 X125.585 Y113.537 E264.59165
G1 Z5.855 X124.763 Y112.605 E264.6337
G1 Z5.857 X124.002 Y111.623 E264.67575
G1 Z5.858 X123.304 Y110.596 E264.7178
G1 Z5.859 X122.671 Y109.527 E264.75985
G1 Z5.860 X122.107 Y108.42 E264.8019
G1 Z5.861 X121.614 Y107.28 E264.84395
G1 Z5.863 X121.193 Y106.111 E264.886
G1 Z5.864 X120.846 Y104.918 E264.92805
G1 Z5.865 X120.575 Y103.705 E264.9701
G1 Z5.866 X120.381 Y102.478 E265.01215
G1 Z5.867 X120.264 Y101.242 E265.0542
G1 Z5.869 X120.225 Y100 E265.09625
G1 Z5.870 X120.264 Y98.758 E265.1383
G1 Z5.871 X120.381 Y97.522 E265.18035
G1 Z5.872 X120.575 Y96.295 E265.2224
G1 Z5.873 X120.846 Y95.082 E265.26445
G1 Z5.874 X121.193 Y93.889 E265.3065
G1 Z5.876 X121.614 Y92.72 E265.34855
G1 Z5.877 X122.107 Y91.58 E265.3906
G1 Z5.878 X122.671 Y90.473 E265.43265
G1 Z5.879 X123.304 Y89.404 E265.4747
G1 Z5.880 X123.738 Y88.765 E265.50088
;LAYER_CHANGE
;Z:6.08
;HEIGHT:0.2
G1 Z5.880 F600
G1 F6012
G1 Z5.880 X124.002 Y88.377 E265.51675
G1 Z5.882 X124.763 Y87.395 E265.5588
G1 Z5.883 X125.585 Y86.463 E265.60085
G1 Z5.884 X126.463 Y85.585 E265.6429
G1 Z5.885 X127.395 Y84.763 E265.68495
G1 Z5.886 X128.377 Y84.002 E265.727
G1 Z5.888 X129.404 Y83.304 E265.76905
G1 Z5.889 X130.473 Y82.671 E265.8111
G1 Z5.890 X131.58 Y82.107 E265.85315
G1 Z5.891 X132.72 Y81.614 E265.8952
G1 Z5.892 X133.889 Y81.193 E265.93725
G1 Z5.893 X135.082 Y80.846 E265.9793
G1 Z5.895 X136.295 Y80.575 E266.02135
G1 Z5.896 X137.522 Y80.381 E266.0634
G1 Z5.897 X138.758 Y80.264 E266.10545
G1 Z5.898 X140.004 Y80.225 E266.14762
G1 Z5.917 X159.475 Y80.225 E266.80671
G1 Z5.923 X159.475 Y86.705 E267.02605
G1 Z5.924 X160.525 Y86.705 E267.06159
G1 Z5.930 X160.525 Y80.225 E267.28093
G1 Z5.938 X168.734 Y80.225 E267.55878
G1 Z5.938 X168.734 Y80.525 E267.56893
G1 Z5.939 X169.668 Y80.525 E267.60056
G1 Z5.939 X169.668 Y80.225 E267.61071
G1 Z5.940 X170.632 Y80.225 E267.64336
G1 Z5.941 X170.632 Y80.525 E267.65351
G1 Z5.942 X171.566 Y80.525 E267.68513
G1 Z5.942 X171.566 Y80.225 E267.69529
G1 Z5.950 X179.775 Y80.225 E267.97314
G1 Z5.968 X179.775 Y99.475 E268.62473
G1 Z5.974 X173.295 Y99.475 E268.84407
G1 Z5.975 X173.295 Y100.525 E268.87961
G1 Z5.981 X179.775 Y100.525 E269.09895
G1 Z5.989 X179.775 Y108.734 E269.3768
G1 Z5.990 X179.475 Y108.734 E269.38695
G1 Z5.990 X179.475 Y109.668 E269.41857
G1 Z5.991 X179.775 Y109.668 E269.42873
G1 Z5.992 X179.775 Y110.632 E269.46138
G1 Z5.992 X179.475 Y110.632 E269.47153
G1 Z5.993 X179.475 Y111.566 E269.50315
G1 Z5.993 X179.775 Y111.566 E269.51331
G1 Z6.001 X179.775 Y119.775 E269.79116
G1 Z6.039 X140.004 Y119.775 E271.13737
G1 Z6.040 X138.758 Y119.736 E271.17954
G1 Z6.041 X137.522 Y119.619 E271.2216
G1 Z6.043 X136.295 Y119.425 E271.26364
G1 Z6.044 X135.082 Y119.154 E271.3057
G1 Z6.045 X133.889 Y118.807 E271.34774
G1 Z6.046 X132.72 Y118.386 E271.38979
G1 Z6.047 X131.58 Y117.893 E271.43184
G1 Z6.048 X130.473 Y117.329 E271.47389
G1 Z6.050 X129.404 Y116.696 E271.51594
G1 Z6.051 X128.377 Y115.998 E271.55799
G1 Z6.052 X127.395 Y115.237 E271.60004
G1 Z6.053 X126.463 Y114.415 E271.64209
G1 Z6.054 X125.585 Y113.537 E271.68414
G1 Z6.056 X124.763 Y112.605 E271.72619
G1 Z6.057 X124.002 Y111.623 E271.76825
G1 Z6.058 X123.304 Y110.596 E271.81029
G1 Z6.059 X122.671 Y109.527 E271.85234
G1 Z6.060 X122.107 Y108.42 E271.89439
G1 Z6.061 X121.614 Y107.28 E271.93644
G1 Z6.063 X121.193 Y106.111 E271.97849
G1 Z6.064 X120.846 Y104.918 E272.02054
G1 Z6.065 X120.575 Y103.705 E272.06259
G1 Z6.066 X120.381 Y102.478 E272.10464
G1 Z6.067 X120.264 Y101.242 E272.14669
G1 Z6.069 X120.225 Y100 E272.18874
G1 Z6.070 X120.264 Y98.758 E272.23079
G1 Z6.071 X120.381 Y97.522 E272.27284
G1 Z6.072 X120.575 Y96.295 E272.31489
G1 Z6.073 X120.846 Y95.082 E272.35694
G1 Z6.075 X121.193 Y93.889 E272.39899
G1 Z6.076 X121.614 Y92.72 E272.44104
G1 Z6.077 X122.107 Y91.58 E272.48309
G1 Z6.078 X122.671 Y90.473 E272.52514
G1 Z6.079 X123.304 Y89.404 E272.56719
G1 Z6.080 X123.738 Y88.765 E272.59337
;LAYER_CHANGE
;Z:6.28
;HEIGHT:0.2
G1 Z6.080 F600
G1 F6021
G1 Z6.080 X124.002 Y88.377 E272.60924
G1 Z6.082 X124.763 Y87.395 E272.6513
G1 Z6.083 X125.585 Y86.463 E272.69334
G1 Z6.084 X126.463 Y85.585 E272.73539
G1 Z6.085 X127.395 Y84.763 E272.77744
G1 Z6.086 X128.377 Y84.002 E272.81949
G1 Z6.088 X129.404 Y83.304 E272.86154
G1 Z6.089 X130.473 Y82.671 E272.90359
G1 Z6.090 X131.58 Y82.107 E272.94564
G1 Z6.091 X132.72 Y81.614 E272.98769
G1 Z6.092 X133.889 Y81.193 E273.02974
G1 Z6.093 X135.082 Y80.846 E273.07179
G1 Z6.095 X136.295 Y80.575 E273.11384
G1 Z6.096 X137.522 Y80.381 E273.15589
G1 Z6.097 X138.758 Y80.264 E273.19794
G1 Z6.098 X140.004 Y80.225 E273.24011
G1 Z6.117 X159.475 Y80.225 E273.8992
G1 Z6.123 X159.475 Y86.905 E274.12531
G1 Z6.124 X160.525 Y86.905 E274.16085
G1 Z6.130 X160.525 Y80.225 E274.38696
G1 Z6.138 X168.597 Y80.225 E274.66019
G1 Z6.138 X168.597 Y80.525 E274.67035
G1 Z6.139 X169.531 Y80.525 E274.70197
G1 Z6.140 X169.531 Y80.225 E274.71212
G1 Z6.141 X170.769 Y80.225 E274.75401
G1 Z6.141 X170.769 Y80.525 E274.76416
G1 Z6.142 X171.703 Y80.525 E274.79578
G1 Z6.142 X171.703 Y80.225 E274.80594
G1 Z6.150 X179.775 Y80.225 E275.07917
G1 Z6.168 X179.775 Y99.475 E275.73076
G1 Z6.174 X173.095 Y99.475 E275.95687
G1 Z6.175 X173.095 Y100.525 E275.99241
G1 Z6.182 X179.775 Y100.525 E276.21852
G1 Z6.190 X179.775 Y108.597 E276.49175
G1 Z6.190 X179.475 Y108.597 E276.50191
G1 Z6.191 X179.475 Y109.531 E276.53353
G1 Z6.191 X179.775 Y109.531 E276.54368
G1 Z6.192 X179.775 Y110.769 E276.58557
G1 Z6.192 X179.475 Y110.769 E276.59572
G1 Z6.193 X179.475 Y111.703 E276.62734
G1 Z6.194 X179.775 Y111.703 E276.6375
G1 Z6.201 X179.775 Y119.775 E276.91073
G1 Z6.239 X140.004 Y119.775 E278.25694
G1 Z6.240 X138.758 Y119.736 E278.29911
G1 Z6.241 X137.522 Y119.619 E278.34117
G1 Z6.243 X136.295 Y119.425 E278.38321
G1 Z6.244 X135.082 Y119.154 E278.42527
G1 Z6.245 X133.889 Y118.807 E278.46731
G1 Z6.246 X132.72 Y118.386 E278.50937
G1 Z6.247 X131.58 Y117.893 E278.55141
G1 Z6.249 X130.473 Y117.329 E278.59346
G1 Z6.250 X129.404 Y116.696 E278.63551
G1 Z6.251 X128.377 Y115.998 E278.67756
G1 Z6.252 X127.395 Y115.237 E278.71962
G1 Z6.253 X126.463 Y114.415 E278.76166
G1 Z6.254 X125.585 Y113.537 E278.80371
G1 Z6.256 X124.763 Y112.605 E278.84576
G1 Z6.257 X124.002 Y111.623 E278.88781
G1 Z6.258 X123.304 Y110.596 E278.92986
G1 Z6.259 X122.671 Y109.527 E278.97191
G1 Z6.260 X122.107 Y108.42 E279.01396
G1 Z6.262 X121.614 Y107.28 E279.05601
G1 Z6.263 X121.193 Y106.111 E279.09806
G1 Z6.264 X120.846 Y104.918 E279.14011
G1 Z6.265 X120.575 Y103.705 E279.18216
G1 Z6.266 X120.381 Y102.478 E279.22421
G1 Z6.267 X120.264 Y101.242 E279.26626
G1 Z6.269 X120.225 Y100 E279.30831
G1 Z6.270 X120.264 Y98.758 E279.35036
G1 Z6.271 X120.381 Y97.522 E279.39241
G1 Z6.272 X120.575 Y96.295 E279.43446
G1 Z6.273 X120.846 Y95.082 E279.47651
G1 Z6.275 X121.193 Y93.889 E279.51856
G1 Z6.276 X121.614 Y92.72 E279.56061
G1 Z6.277 X122.107 Y91.58 E279.60266
G1 Z6.278 X122.671 Y90.473 E279.64471
G1 Z6.279 X123.304 Y89.404 E279.68676
G1 Z6.280 X123.738 Y88.765 E279.71294
;LAYER_CHANGE
;Z:6.48
;HEIGHT:0.2
G1 Z6.280 F600
G1 F6031
G1 Z6.280 X124.002 Y88.377 E279.72881
G1 Z6.282 X124.763 Y87.395 E279.77086
G1 Z6.283 X125.585 Y86.463 E279.81291
G1 Z6.284 X126.463 Y85.585 E279.85496
G1 Z6.285 X127.395 Y84.763 E279.89701
G1 Z6.286 X128.377 Y84.002 E279.93906
G1 Z6.288 X129.404 Y83.304 E279.98111
G1 Z6.289 X130.473 Y82.671 E280.02316
G1 Z6.290 X131.58 Y82.107 E280.06521
G1 Z6.291 X132.72 Y81.614 E280.10726
G1 Z6.292 X133.889 Y81.193 E280.14931
G1 Z6.293 X135.082 Y80.846 E280.19136
G1 Z6.295 X136.295 Y80.575 E280.23341
G1 Z6.296 X137.522 Y80.381 E280.27546
G1 Z6.297 X138.758 Y80.264 E280.31751
G1 Z6.298 X140.004 Y80.225 E280.35969
G1 Z6.317 X159.475 Y80.225 E281.01877
G1 Z6.323 X159.475 Y87.105 E281.25165
G1 Z6.324 X160.525 Y87.105 E281.28719
G1 Z6.331 X160.525 Y80.225 E281.52007
G1 Z6.338 X168.461 Y80.225 E281.78868
G1 Z6.338 X168.461 Y80.525 E281.79884
G1 Z6.339 X169.395 Y80.525 E281.83046
G1 Z6.340 X169.395 Y80.225 E281.84061
G1 Z6.341 X170.905 Y80.225 E281.89173
G1 Z6.341 X170.905 Y80.525 E281.90189
G1 Z6.342 X171.839 Y80.525 E281.93351
G1 Z6.342 X171.839 Y80.225 E281.94367
G1 Z6.350 X179.775 Y80.225 E282.21228
G1 Z6.368 X179.775 Y99.475 E282.86387
G1 Z6.375 X172.895 Y99.475 E283.09675
G1 Z6.376 X172.895 Y100.525 E283.13229
G1 Z6.382 X179.775 Y100.525 E283.36517
G1 Z6.390 X179.775 Y108.461 E283.63378
G1 Z6.390 X179.475 Y108.461 E283.64394
G1 Z6.391 X179.475 Y109.395 E283.67556
G1 Z6.391 X179.775 Y109.395 E283.68571
G1 Z6.393 X179.775 Y110.905 E283.73683
G1 Z6.393 X179.475 Y110.905 E283.74699
G1 Z6.394 X179.475 Y111.839 E283.77861
G1 Z6.394 X179.775 Y111.839 E283.78876
G1 Z6.402 X179.775 Y119.775 E284.05738
G1 Z6.439 X140.004 Y119.775 E285.40359
G1 Z6.440 X138.758 Y119.736 E285.44576
G1 Z6.442 X137.522 Y119.619 E285.48781
G1 Z6.443 X136.295 Y119.425 E285.52986
G1 Z6.444 X135.082 Y119.154 E285.57191
G1 Z6.445 X133.889 Y118.807 E285.61396
G1 Z6.446 X132.72 Y118.386 E285.65601
G1 Z6.447 X131.58 Y117.893 E285.69806
G1 Z6.449 X130.473 Y117.329 E285.74011
G1 Z6.450 X129.404 Y116.696 E285.78216
G1 Z6.451 X128.377 Y115.998 E285.82421
G1 Z6.452 X127.395 Y115.237 E285.86626
G1 Z6.453 X126.463 Y114.415 E285.90831
G1 Z6.455 X125.585 Y113.537 E285.95036
G1 Z6.456 X124.763 Y112.605 E285.99241
G1 Z6.457 X124.002 Y111.623 E286.03446
G1 Z6.458 X123.304 Y110.596 E286.07651
G1 Z6.459 X122.671 Y109.527 E286.11856
G1 Z6.460 X122.107 Y108.42 E286.16061
G1 Z6.462 X121.614 Y107.28 E286.20266
G1 Z6.463 X121.193 Y106.111 E286.24471
G1 Z6.464 X120.846 Y104.918 E286.28676
G1 Z6.465 X120.575 Y103.705 E286.32881
G1 Z6.466 X120.381 Y102.478 E286.37086
G1 Z6.467 X120.264 Y101.242 E286.41291
G1 Z6.469 X120.225 Y100 E286.45496
G1 Z6.470 X120.264 Y98.758 E286.49701
G1 Z6.471 X120.381 Y97.522 E286.53906
G1 Z6.472 X120.575 Y96.295 E286.58111
G1 Z6.473 X120.846 Y95.082 E286.62316
G1 Z6.475 X121.193 Y93.889 E286.66521
G1 Z6.476 X121.614 Y92.72 E286.70726
G1 Z6.477 X122.107 Y91.58 E286.74931
G1 Z6.478 X122.671 Y90.473 E286.79136
G1 Z6.479 X123.304 Y89.404 E286.83341
G1 Z6.480 X123.738 Y88.765 E286.85959
;LAYER_CHANGE
;Z:6.68
;HEIGHT:0.2
G1 Z6.480 F600
G1 F6041
G1 Z6.480 X124.002 Y88.377 E286.87546
G1 Z6.482 X124.763 Y87.395 E286.91751
G1 Z6.483 X125.585 Y86.463 E286.95956
G1 Z6.484 X126.463 Y85.585 E287.00161
G1 Z6.485 X127.395 Y84.763 E287.04366
G1 Z6.486 X128.377 Y84.002 E287.08571
G1 Z6.487 X129.404 Y83.304 E287.12776
G1 Z6.489 X130.473 Y82.671 E287.16981
G1 Z6.490 X131.58 Y82.107 E287.21186
G1 Z6.491 X132.72 Y81.614 E287.25391
G1 Z6.492 X133.889 Y81.193 E287.29596
G1 Z6.493 X135.082 Y80.846 E287.33801
G1 Z6.495 X136.295 Y80.575 E287.38006
G1 Z6.496 X137.522 Y80.381 E287.42211
G1 Z6.497 X138.758 Y80.264 E287.46416
G1 Z6.498 X140.004 Y80.225 E287.50633
G1 Z6.516 X159.475 Y80.225 E288.16542
G1 Z6.523 X159.475 Y87.305 E288.40507
G1 Z6.524 X160.525 Y87.305 E288.44061
G1 Z6.531 X160.525 Y80.225 E288.68026
G1 Z6.538 X168.324 Y80.225 E288.94426
G1 Z6.538 X168.324 Y80.525 E288.95441
G1 Z6.539 X169.258 Y80.525 E288.98603
G1 Z6.540 X169.258 Y80.225 E288.99619
G1 Z6.541 X171.042 Y80.225 E289.05654
G1 Z6.542 X171.042 Y80.525 E289.0667
G1 Z6.542 X171.976 Y80.525 E289.09832
G1 Z6.543 X171.976 Y80.225 E289.10847
G1 Z6.550 X179.775 Y80.225 E289.37247
G1 Z6.568 X179.775 Y99.475 E290.02406
G1 Z6.575 X172.695 Y99.475 E290.26371
G1 Z6.576 X172.695 Y100.525 E290.29925
G1 Z6.583 X179.775 Y100.525 E290.5389
G1 Z6.590 X179.775 Y108.324 E290.80289
G1 Z6.590 X179.475 Y108.324 E290.81305
G1 Z6.591 X179.475 Y109.258 E290.84467
G1 Z6.591 X179.775 Y109.258 E290.85482
G1 Z6.593 X179.775 Y111.042 E290.91518
G1 Z6.593 X179.475 Y111.042 E290.92533
G1 Z6.594 X179.475 Y111.976 E290.95696
G1 Z6.595 X179.775 Y111.976 E290.96711
G1 Z6.602 X179.775 Y119.775 E291.23111
G1 Z6.639 X140.004 Y119.775 E292.57732
G1 Z6.641 X138.758 Y119.736 E292.61949
G1 Z6.642 X137.522 Y119.619 E292.66154
G1 Z6.643 X136.295 Y119.425 E292.70359
G1 Z6.644 X135.082 Y119.154 E292.74564
G1 Z6.645 X133.889 Y118.807 E292.78769
G1 Z6.646 X132.72 Y118.386 E292.82974
G1 Z6.648 X131.58 Y117.893 E292.87179
G1 Z6.649 X130.473 Y117.329 E292.91384
G1 Z6.650 X129.404 Y116.696 E292.95589
G1 Z6.651 X128.377 Y115.998 E292.99794
G1 Z6.652 X127.395 Y115.237 E293.03999
G1 Z6.653 X126.463 Y114.415 E293.08204
G1 Z6.655 X125.585 Y113.537 E293.12409
G1 Z6.656 X124.763 Y112.605 E293.16614
G1 Z6.657 X124.002 Y111.623 E293.20819
G1 Z6.658 X123.304 Y110.596 E293.25024
G1 Z6.659 X122.671 Y109.527 E293.29229
G1 Z6.661 X122.107 Y108.42 E293.33434
G1 Z6.662 X121.614 Y107.28 E293.37639
G1 Z6.663 X121.193 Y106.111 E293.41844
G1 Z6.664 X120.846 Y104.918 E293.46049
G1 Z6.665 X120.575 Y103.705 E293.50254
G1 Z6.666 X120.381 Y102.478 E293.54459
G1 Z6.668 X120.264 Y101.242 E293.58664
G1 Z6.669 X120.225 Y100 E293.62869
G1 Z6.670 X120.264 Y98.758 E293.67074
G1 Z6.671 X120.381 Y97.522 E293.71279
G1 Z6.672 X120.575 Y96.295 E293.75484
G1 Z6.673 X120.846 Y95.082 E293.79689
G1 Z6.675 X121.193 Y93.889 E293.83894
G1 Z6.676 X121.614 Y92.72 E293.88099
G1 Z6.677 X122.107 Y91.58 E293.92304
G1 Z6.678 X122.671 Y90.473 E293.96509
G1 Z6.679 X123.304 Y89.404 E294.00714
G1 Z6.680 X123.738 Y88.765 E294.03332
;LAYER_CHANGE
;Z:6.88
;HEIGHT:0.2
G1 Z6.680 F600
G1 F6050
G1 Z6.680 X124.002 Y88.377 E294.04919
G1 Z6.682 X124.763 Y87.395 E294.09124
G1 Z6.683 X125.585 Y86.463 E294.13329
G1 Z6.684 X126.463 Y85.585 E294.17534
G1 Z6.685 X127.395 Y84.763 E294.21739
G1 Z6.686 X128.377 Y84.002 E294.25944
G1 Z6.687 X129.404 Y83.304 E294.30149
G1 Z6.689 X130.473 Y82.671 E294.34354
G1 Z6.690 X131.58 Y82.107 E294.38559
G1 Z6.691 X132.72 Y81.614 E294.42764
G1 Z6.692 X133.889 Y81.193 E294.46969
G1 Z6.693 X135.082 Y80.846 E294.51174
G1 Z6.694 X136.295 Y80.575 E294.55379
G1 Z6.696 X137.522 Y80.381 E294.59584
G1 Z6.697 X138.758 Y80.264 E294.63789
G1 Z6.698 X140.004 Y80.225 E294.68006
G1 Z6.716 X159.475 Y80.225 E295.33915
G1 Z6.723 X159.475 Y87.505 E295.58557
G1 Z6.724 X160.525 Y87.505 E295.62111
G1 Z6.731 X160.525 Y80.225 E295.86753
G1 Z6.738 X168.188 Y80.225 E296.12691
G1 Z6.738 X168.188 Y80.525 E296.13706
G1 Z6.739 X169.122 Y80.525 E296.16868
G1 Z6.740 X169.122 Y80.225 E296.17884
G1 Z6.742 X171.178 Y80.225 E296.24843
G1 Z6.742 X171.178 Y80.525 E296.25858
G1 Z6.743 X172.112 Y80.525 E296.2902
G1 Z6.743 X172.112 Y80.225 E296.30036
G1 Z6.750 X179.775 Y80.225 E296.55974
G1 Z6.768 X179.775 Y99.475 E297.21133
G1 Z6.775 X172.495 Y99.475 E297.45774
G1 Z6.776 X172.495 Y100.525 E297.49329
G1 Z6.783 X179.775 Y100.525 E297.73971
G1 Z6.790 X179.775 Y108.188 E297.99908
G1 Z6.790 X179.475 Y108.188 E298.00924
G1 Z6.791 X179.475 Y109.122 E298.04086
G1 Z6.792 X179.775 Y109.122 E298.05101
G1 Z6.794 X179.775 Y111.178 E298.1206
G1 Z6.794 X179.475 Y111.178 E298.13076
G1 Z6.795 X179.475 Y112.112 E298.16238
G1 Z6.795 X179.775 Y112.112 E298.17253
G1 Z6.802 X179.775 Y119.775 E298.43191
G1 Z6.840 X140.004 Y119.775 E299.77813
G1 Z6.841 X138.758 Y119.736 E299.8203
G1 Z6.842 X137.522 Y119.619 E299.86235
G1 Z6.843 X136.295 Y119.425 E299.9044
G1 Z6.844 X135.082 Y119.154 E299.94645
G1 Z6.845 X133.889 Y118.807 E299.9885
G1 Z6.847 X132.72 Y118.386 E300.03055
G1 Z6.848 X131.58 Y117.893 E300.0726
G1 Z6.849 X130.473 Y117.329 E300.11465
G1 Z6.850 X129.404 Y116.696 E300.1567
G1 Z6.851 X128.377 Y115.998 E300.19875
G1 Z6.852 X127.395 Y115.237 E300.2408
G1 Z6.854 X126.463 Y114.415 E300.28285
G1 Z6.855 X125.585 Y113.537 E300.3249
G1 Z6.856 X124.763 Y112.605 E300.36695
G1 Z6.857 X124.002 Y111.623 E300.409
G1 Z6.858 X123.304 Y110.596 E300.45105
G1 Z6.859 X122.671 Y109.527 E300.4931
G1 Z6.861 X122.107 Y108.42 E300.53515
G1 Z6.862 X121.614 Y107.28 E300.5772
G1 Z6.863 X121.193 Y106.111 E300.61925
G1 Z6.864 X120.846 Y104.918 E300.6613
G1 Z6.865 X120.575 Y103.705 E300.70335
G1 Z6.866 X120.381 Y102.478 E300.7454
G1 Z6.868 X120.264 Y101.242 E300.78745
G1 Z6.869 X120.225 Y100 E300.8295
G1 Z6.870 X120.264 Y98.758 E300.87155
G1 Z6.871 X120.381 Y97.522 E300.9136
G1 Z6.872 X120.575 Y96.295 E300.95565
G1 Z6.873 X120.846 Y95.082 E300.9977
G1 Z6.875 X121.193 Y93.889 E301.03975
G1 Z6.876 X121.614 Y92.72 E301.0818
G1 Z6.877 X122.107 Y91.58 E301.12385
G1 Z6.878 X122.671 Y90.473 E301.1659
G1 Z6.879 X123.304 Y89.404 E301.20795
G1 Z6.880 X123.738 Y88.765 E301.23412
;LAYER_CHANGE
;Z:7.08
;HEIGHT:0.2
G1 Z6.880 F600
G1 F6031
G1 Z6.880 X124.002 Y88.377 E301.25
G1 Z6.882 X124.763 Y87.395 E301.29205
G1 Z6.883 X125.585 Y86.463 E301.3341
G1 Z6.884 X126.463 Y85.585 E301.37615
G1 Z6.885 X127.395 Y84.763 E301.4182
G1 Z6.886 X128.377 Y84.002 E301.46025
G1 Z6.888 X129.404 Y83.304 E301.5023
G1 Z6.889 X130.473 Y82.671 E301.54435
G1 Z6.890 X131.58 Y82.107 E301.5864
G1 Z6.891 X132.72 Y81.614 E301.62845
G1 Z6.892 X133.889 Y81.193 E301.6705
G1 Z6.893 X135.082 Y80.846 E301.71255
G1 Z6.895 X136.295 Y80.575 E301.7546
G1 Z6.896 X137.522 Y80.381 E301.79665
G1 Z6.897 X138.758 Y80.264 E301.8387
G1 Z6.898 X140.004 Y80.225 E301.88087
G1 Z6.917 X159.475 Y80.225 E302.53995
G1 Z6.924 X159.475 Y87.705 E302.79314
G1 Z6.925 X160.525 Y87.705 E302.82869
G1 Z6.932 X160.525 Y80.225 E303.08187
G1 Z6.950 X179.775 Y80.225 E303.73346
G1 Z6.968 X179.775 Y99.475 E304.38505
G1 Z6.975 X172.295 Y99.475 E304.63824
G1 Z6.976 X172.295 Y100.525 E304.67378
G1 Z6.983 X179.775 Y100.525 E304.92697
G1 Z7.002 X179.775 Y119.775 E305.57856
G1 Z7.039 X140.004 Y119.775 E306.92478
G1 Z7.040 X138.758 Y119.736 E306.96695
G1 Z7.042 X137.522 Y119.619 E307.009
G1 Z7.043 X136.295 Y119.425 E307.05105
G1 Z7.044 X135.082 Y119.154 E307.0931
G1 Z7.045 X133.889 Y118.807 E307.13515
G1 Z7.046 X132.72 Y118.386 E307.1772
G1 Z7.047 X131.58 Y117.893 E307.21925
G1 Z7.049 X130.473 Y117.329 E307.2613
G1 Z7.050 X129.404 Y116.696 E307.30335
G1 Z7.051 X128.377 Y115.998 E307.3454
G1 Z7.052 X127.395 Y115.237 E307.38745
G1 Z7.053 X126.463 Y114.415 E307.4295
G1 Z7.055 X125.585 Y113.537 E307.47155
G1 Z7.056 X124.763 Y112.605 E307.5136
G1 Z7.057 X124.002 Y111.623 E307.55565
G1 Z7.058 X123.304 Y110.596 E307.5977
G1 Z7.059 X122.671 Y109.527 E307.63975
G1 Z7.060 X122.107 Y108.42 E307.6818
G1 Z7.062 X121.614 Y107.28 E307.72385
G1 Z7.063 X121.193 Y106.111 E307.7659
G1 Z7.064 X120.846 Y104.918 E307.80795
G1 Z7.065 X120.575 Y103.705 E307.85
G1 Z7.066 X120.381 Y102.478 E307.89205
G1 Z7.067 X120.264 Y101.242 E307.9341
G1 Z7.069 X120.225 Y100 E307.97615
G1 Z7.070 X120.264 Y98.758 E308.0182
G1 Z7.071 X120.381 Y97.522 E308.06025
G1 Z7.072 X120.575 Y96.295 E308.1023
G1 Z7.073 X120.846 Y95.082 E308.14435
G1 Z7.075 X121.193 Y93.889 E308.1864
G1 Z7.076 X121.614 Y92.72 E308.22845
G1 Z7.077 X122.107 Y91.58 E308.2705
G1 Z7.078 X122.671 Y90.473 E308.31255
G1 Z7.079 X123.304 Y89.404 E308.3546
G1 Z7.080 X123.738 Y88.765 E308.38077
;LAYER_CHANGE
;Z:7.28
;HEIGHT:0.2
G1 Z7.080 F600
G1 X123.738 Y88.765 F6000
G1 F6041
G1 Z7.080 X124.002 Y88.377 E308.39665
G1 Z7.082 X124.763 Y87.395 E308.4387
G1 Z7.083 X125.585 Y86.463 E308.48075
G1 Z7.084 X126.463 Y85.585 E308.5228
G1 Z7.085 X127.395 Y84.763 E308.56485
G1 Z7.086 X128.377 Y84.002 E308.6069
G1 Z7.087 X129.404 Y83.304 E308.64895
G1 Z7.089 X130.473 Y82.671 E308.691
G1 Z7.090 X131.58 Y82.107 E308.73305
G1 Z7.091 X132.72 Y81.614 E308.7751
G1 Z7.092 X133.889 Y81.193 E308.81715
G1 Z7.093 X135.082 Y80.846 E308.8592
G1 Z7.095 X136.295 Y80.575 E308.90125
G1 Z7.096 X137.522 Y80.381 E308.9433
G1 Z7.097 X138.758 Y80.264 E308.98535
G1 Z7.098 X140.004 Y80.225 E309.02752
G1 Z7.116 X159.475 Y80.225 E309.6866
G1 Z7.124 X159.475 Y87.905 E309.94656
G1 Z7.125 X160.525 Y87.905 E309.9821
G1 Z7.132 X160.525 Y80.225 E310.24206
G1 Z7.150 X179.775 Y80.225 E310.89365
G1 Z7.168 X179.775 Y99.475 E311.54524
G1 Z7.175 X172.095 Y99.475 E311.8052
G1 Z7.176 X172.095 Y100.525 E311.84074
G1 Z7.184 X179.775 Y100.525 E312.1007
G1 Z7.202 X179.775 Y119.775 E312.75229
G1 Z7.239 X140.004 Y119.775 E314.09851
G1 Z7.241 X138.758 Y119.736 E314.14068
G1 Z7.242 X137.522 Y119.619 E314.18273
G1 Z7.243 X136.295 Y119.425 E314.22478
G1 Z7.244 X135.082 Y119.154 E314.26683
G1 Z7.245 X133.889 Y118.807 E314.30888
G1 Z7.246 X132.72 Y118.386 E314.35093
G1 Z7.248 X131.58 Y117.893 E314.39298
G1 Z7.249 X130.473 Y117.329 E314.43503
G1 Z7.250 X129.404 Y116.696 E314.47708
G1 Z7.251 X128.377 Y115.998 E314.51913
G1 Z7.252 X127.395 Y115.237 E314.56118
G1 Z7.253 X126.463 Y114.415 E314.60323
G1 Z7.255 X125.585 Y113.537 E314.64528
G1 Z7.256 X124.763 Y112.605 E314.68733
G1 Z7.257 X124.002 Y111.623 E314.72938
G1 Z7.258 X123.304 Y110.596 E314.77143
G1 Z7.259 X122.671 Y109.527 E314.81348
G1 Z7.261 X122.107 Y108.42 E314.85553
G1 Z7.262 X121.614 Y107.28 E314.89758
G1 Z7.263 X121.193 Y106.111 E314.93963
G1 Z7.264 X120.846 Y104.918 E314.98168
G1 Z7.265 X120.575 Y103.705 E315.02373
G1 Z7.266 X120.381 Y102.478 E315.06578
G1 Z7.268 X120.264 Y101.242 E315.10783
G1 Z7.269 X120.225 Y100 E315.14988
G1 Z7.270 X120.264 Y98.758 E315.19193
G1 Z7.271 X120.381 Y97.522 E315.23398
G1 Z7.272 X120.575 Y96.295 E315.27603
G1 Z7.273 X120.846 Y95.082 E315.31808
G1 Z7.275 X121.193 Y93.889 E315.36013
G1 Z7.276 X121.614 Y92.72 E315.40218
G1 Z7.277 X122.107 Y91.58 E315.44423
G1 Z7.278 X122.671 Y90.473 E315.48628
G1 Z7.279 X123.304 Y89.404 E315.52833
G1 Z7.280 X123.738 Y88.765 E315.5545
;LAYER_CHANGE
;Z:7.48
;HEIGHT:0.2
G1 Z7.280 F600
G1 X123.738 Y88.765 F6000
G1 F6050
G1 Z7.280 X124.002 Y88.377 E315.57038
G1 Z7.282 X124.763 Y87.395 E315.61243
G1 Z7.283 X125.585 Y86.463 E315.65448
G1 Z7.284 X126.463 Y85.585 E315.69653
G1 Z7.285 X127.395 Y84.763 E315.73858
G1 Z7.286 X128.377 Y84.002 E315.78063
G1 Z7.287 X129.404 Y83.304 E315.82268
G1 Z7.289 X130.473 Y82.671 E315.86473
G1 Z7.290 X131.58 Y82.107 E315.90678
G1 Z7.291 X132.72 Y81.614 E315.94883
G1 Z7.292 X133.889 Y81.193 E315.99088
G1 Z7.293 X135.082 Y80.846 E316.03293
G1 Z7.294 X136.295 Y80.575 E316.07498
G1 Z7.296 X137.522 Y80.381 E316.11703
G1 Z7.297 X138.758 Y80.264 E316.15908
G1 Z7.298 X140.004 Y80.225 E316.20125
G1 Z7.316 X159.475 Y80.225 E316.86033
G1 Z7.324 X159.475 Y88.105 E317.12706
G1 Z7.325 X160.525 Y88.105 E317.1626
G1 Z7.332 X160.525 Y80.225 E317.42933
G1 Z7.350 X179.775 Y80.225 E318.08092
G1 Z7.368 X179.775 Y99.475 E318.73251
G1 Z7.376 X171.895 Y99.475 E318.99924
G1 Z7.377 X171.895 Y100.525 E319.03478
G1 Z7.384 X179.775 Y100.525 E319.30151
G1 Z7.402 X179.775 Y119.775 E319.9531
G1 Z7.440 X140.004 Y119.775 E321.29931
G1 Z7.441 X138.758 Y119.736 E321.34148
G1 Z7.442 X137.522 Y119.619 E321.38354
G1 Z7.443 X136.295 Y119.425 E321.42558
G1 Z7.444 X135.082 Y119.154 E321.46763
G1 Z7.445 X133.889 Y118.807 E321.50968
G1 Z7.447 X132.72 Y118.386 E321.55173
G1 Z7.448 X131.58 Y117.893 E321.59378
G1 Z7.449 X130.473 Y117.329 E321.63583
G1 Z7.450 X129.404 Y116.696 E321.67788
G1 Z7.451 X128.377 Y115.998 E321.71993
G1 Z7.452 X127.395 Y115.237 E321.76198
G1 Z7.454 X126.463 Y114.415 E321.80403
G1 Z7.455 X125.585 Y113.537 E321.84608
G1 Z7.456 X124.763 Y112.605 E321.88813
G1 Z7.457 X124.002 Y111.623 E321.93018
G1 Z7.458 X123.304 Y110.596 E321.97223
G1 Z7.459 X122.671 Y109.527 E322.01428
G1 Z7.461 X122.107 Y108.42 E322.05633
G1 Z7.462 X121.614 Y107.28 E322.09838
G1 Z7.463 X121.193 Y106.111 E322.14043
G1 Z7.464 X120.846 Y104.918 E322.18248
G1 Z7.465 X120.575 Y103.705 E322.22453
G1 Z7.466 X120.381 Y102.478 E322.26658
G1 Z7.468 X120.264 Y101.242 E322.30863
G1 Z7.469 X120.225 Y100 E322.35068
G1 Z7.470 X120.264 Y98.758 E322.39273
G1 Z7.471 X120.381 Y97.522 E322.43478
G1 Z7.472 X120.575 Y96.295 E322.47683
G1 Z7.473 X120.846 Y95.082 E322.51888
G1 Z7.475 X121.193 Y93.889 E322.56093
G1 Z7.476 X121.614 Y92.72 E322.60298
G1 Z7.477 X122.107 Y91.58 E322.64503
G1 Z7.478 X122.671 Y90.473 E322.68708
G1 Z7.479 X123.304 Y89.404 E322.72913
G1 Z7.480 X123.738 Y88.765 E322.75531
;LAYER_CHANGE
;Z:7.68
;HEIGHT:0.2
G1 Z7.480 F600
G1 X123.738 Y88.765 F6000
G1 F6060
G1 Z7.480 X124.002 Y88.377 E322.77118
G1 Z7.482 X124.763 Y87.395 E322.81324
G1 Z7.483 X125.585 Y86.463 E322.85528
G1 Z7.484 X126.463 Y85.585 E322.89733
G1 Z7.485 X127.395 Y84.763 E322.93938
G1 Z7.486 X128.377 Y84.002 E322.98143
G1 Z7.487 X129.404 Y83.304 E323.02348
G1 Z7.489 X130.473 Y82.671 E323.06553
G1 Z7.490 X131.58 Y82.107 E323.10758
G1 Z7.491 X132.72 Y81.614 E323.14963
G1 Z7.492 X133.685 Y81.267 E323.18432
G1 Z7.493 X135.083 Y80.846 E323.23376
G1 Z7.494 X136.295 Y80.575 E323.27577
G1 Z7.496 X137.522 Y80.381 E323.31782
G1 Z7.497 X138.758 Y80.264 E323.35987
G1 Z7.498 X140.004 Y80.225 E323.40204
G1 Z7.516 X159.475 Y80.225 E324.06113
G1 Z7.524 X159.475 Y88.305 E324.33463
G1 Z7.525 X160.525 Y88.305 E324.37017
G1 Z7.532 X160.525 Y80.225 E324.64367
G1 Z7.550 X179.775 Y80.225 E325.29525
G1 Z7.568 X179.775 Y99.475 E325.94684
G1 Z7.576 X171.695 Y99.475 E326.22034
G1 Z7.577 X171.695 Y100.525 E326.25588
G1 Z7.584 X179.775 Y100.525 E326.52938
G1 Z7.602 X179.775 Y119.775 E327.18097
G1 Z7.640 X140.004 Y119.775 E328.52719
G1 Z7.641 X138.758 Y119.736 E328.56936
G1 Z7.642 X137.522 Y119.619 E328.61141
G1 Z7.643 X136.295 Y119.425 E328.65346
G1 Z7.644 X135.082 Y119.154 E328.69551
G1 Z7.646 X133.889 Y118.807 E328.73756
G1 Z7.647 X132.72 Y118.386 E328.77961
G1 Z7.648 X131.58 Y117.893 E328.82166
G1 Z7.649 X130.473 Y117.329 E328.86371
G1 Z7.650 X129.404 Y116.696 E328.90576
G1 Z7.651 X128.377 Y115.998 E328.94781
G1 Z7.653 X127.395 Y115.237 E328.98986
G1 Z7.654 X126.463 Y114.415 E329.03191
G1 Z7.655 X125.585 Y113.537 E329.07396
G1 Z7.656 X124.763 Y112.605 E329.11601
G1 Z7.657 X124.002 Y111.623 E329.15806
G1 Z7.658 X123.304 Y110.596 E329.20011
G1 Z7.659 X122.671 Y109.527 E329.24216
G1 Z7.661 X122.107 Y108.42 E329.28421
G1 Z7.662 X121.614 Y107.28 E329.32626
G1 Z7.663 X121.193 Y106.111 E329.36831
G1 Z7.664 X120.846 Y104.918 E329.41036
G1 Z7.665 X120.575 Y103.705 E329.45241
G1 Z7.666 X120.415 Y102.693 E329.4871
G1 Z7.668 X120.264 Y101.241 E329.53653
G1 Z7.669 X120.225 Y100 E329.57855
G1 Z7.670 X120.264 Y98.758 E329.6206
G1 Z7.671 X120.381 Y97.522 E329.66265
G1 Z7.672 X120.575 Y96.295 E329.7047
G1 Z7.673 X120.846 Y95.082 E329.74675
G1 Z7.675 X121.193 Y93.889 E329.7888
G1 Z7.676 X121.614 Y92.72 E329.83085
G1 Z7.677 X122.107 Y91.58 E329.8729
G1 Z7.678 X122.671 Y90.473 E329.91495
G1 Z7.679 X123.304 Y89.404 E329.957
G1 Z7.680 X123.738 Y88.765 E329.98317
;LAYER_CHANGE
;Z:7.88
;HEIGHT:0.2
G1 Z7.680 F600
G1 X123.738 Y88.765 F6000
G1 F6069
G1 Z7.680 X124.002 Y88.377 E329.99905
G1 Z7.682 X124.763 Y87.395 E330.0411
G1 Z7.683 X125.585 Y86.463 E330.08315
G1 Z7.684 X126.463 Y85.585 E330.1252
G1 Z7.685 X127.395 Y84.763 E330.16725
G1 Z7.686 X128.377 Y84.002 E330.2093
G1 Z7.687 X129.404 Y83.304 E330.25135
G1 Z7.689 X130.473 Y82.671 E330.2934
G1 Z7.690 X131.58 Y82.107 E330.33545
G1 Z7.691 X132.72 Y81.614 E330.3775
G1 Z7.692 X133.71 Y81.257 E330.41311
G1 Z7.693 X135.083 Y80.846 E330.46162
G1 Z7.694 X136.295 Y80.575 E330.50363
G1 Z7.696 X137.522 Y80.381 E330.54568
G1 Z7.697 X138.758 Y80.264 E330.58773
G1 Z7.698 X140.004 Y80.225 E330.62991
G1 Z7.716 X159.475 Y80.225 E331.28899
G1 Z7.724 X159.475 Y88.505 E331.56926
G1 Z7.725 X160.525 Y88.505 E331.6048
G1 Z7.732 X160.525 Y80.225 E331.88507
G1 Z7.750 X179.775 Y80.225 E332.53666
G1 Z7.768 X179.775 Y99.475 E333.18825
G1 Z7.776 X171.495 Y99.475 E333.46851
G1 Z7.777 X171.495 Y100.525 E333.50406
G1 Z7.785 X179.775 Y100.525 E333.78432
G1 Z7.803 X179.775 Y119.775 E334.43591
G1 Z7.840 X140.004 Y119.775 E335.78213
G1 Z7.841 X138.758 Y119.736 E335.8243
G1 Z7.842 X137.522 Y119.619 E335.86635
G1 Z7.843 X136.295 Y119.425 E335.9084
G1 Z7.845 X135.082 Y119.154 E335.95045
G1 Z7.846 X133.889 Y118.807 E335.9925
G1 Z7.847 X132.72 Y118.386 E336.03455
G1 Z7.848 X131.58 Y117.893 E336.0766
G1 Z7.849 X130.473 Y117.329 E336.11865
G1 Z7.850 X129.404 Y116.696 E336.1607
G1 Z7.851 X128.377 Y115.998 E336.20275
G1 Z7.853 X127.395 Y115.237 E336.2448
G1 Z7.854 X126.463 Y114.415 E336.28685
G1 Z7.855 X125.585 Y113.537 E336.3289
G1 Z7.856 X124.763 Y112.605 E336.37095
G1 Z7.857 X124.002 Y111.623 E336.413
G1 Z7.858 X123.304 Y110.596 E336.45505
G1 Z7.860 X122.671 Y109.527 E336.4971
G1 Z7.861 X122.107 Y108.42 E336.53915
G1 Z7.862 X121.614 Y107.28 E336.5812
G1 Z7.863 X121.257 Y106.29 E336.61681
G1 Z7.864 X120.846 Y104.917 E336.66532
G1 Z7.865 X120.575 Y103.705 E336.70734
G1 Z7.867 X120.381 Y102.478 E336.74939
G1 Z7.868 X120.264 Y101.242 E336.79144
G1 Z7.869 X120.225 Y100 E336.83349
G1 Z7.870 X120.264 Y98.758 E336.87554
G1 Z7.871 X120.381 Y97.522 E336.91759
G1 Z7.872 X120.575 Y96.295 E336.95964
G1 Z7.873 X120.846 Y95.082 E337.00169
G1 Z7.875 X121.193 Y93.889 E337.04374
G1 Z7.876 X121.614 Y92.72 E337.08579
G1 Z7.877 X122.107 Y91.58 E337.12784
G1 Z7.878 X122.671 Y90.473 E337.16989
G1 Z7.879 X123.304 Y89.404 E337.21194
G1 Z7.880 X123.738 Y88.765 E337.23811
;LAYER_CHANGE
;Z:8.08
;HEIGHT:0.2
G1 Z7.880 F600
G1 F6079
G1 Z7.880 X124.002 Y88.377 E337.25399
G1 Z7.882 X124.763 Y87.395 E337.29604
G1 Z7.883 X125.585 Y86.463 E337.33809
G1 Z7.884 X126.348 Y85.7 E337.37462
G1 Z7.885 X127.396 Y84.763 E337.42221
G1 Z7.886 X128.377 Y84.002 E337.46423
G1 Z7.887 X129.404 Y83.304 E337.50628
G1 Z7.889 X130.473 Y82.671 E337.54833
G1 Z7.890 X131.58 Y82.107 E337.59038
G1 Z7.891 X132.72 Y81.614 E337.63243
G1 Z7.892 X133.889 Y81.193 E337.67448
G1 Z7.893 X135.082 Y80.846 E337.71653
G1 Z7.894 X136.295 Y80.575 E337.75858
G1 Z7.895 X137.522 Y80.381 E337.80063
G1 Z7.897 X138.758 Y80.264 E337.84268
G1 Z7.898 X140.004 Y80.225 E337.88485
G1 Z7.916 X159.475 Y80.225 E338.54393
G1 Z7.924 X159.475 Y88.705 E338.83097
G1 Z7.925 X160.525 Y88.705 E338.86651
G1 Z7.933 X160.525 Y80.225 E339.15355
G1 Z7.951 X179.775 Y80.225 E339.80514
G1 Z7.968 X179.775 Y99.475 E340.45673
G1 Z7.976 X171.295 Y99.475 E340.74377
G1 Z7.977 X171.295 Y100.525 E340.77931
G1 Z7.985 X179.775 Y100.525 E341.06635
G1 Z8.003 X179.775 Y119.775 E341.71794
G1 Z8.040 X140.004 Y119.775 E343.06415
G1 Z8.041 X138.758 Y119.736 E343.10632
G1 Z8.042 X137.522 Y119.619 E343.14837
G1 Z8.043 X136.295 Y119.425 E343.19042
G1 Z8.045 X135.082 Y119.154 E343.23247
G1 Z8.046 X133.889 Y118.807 E343.27452
G1 Z8.047 X132.72 Y118.386 E343.31657
G1 Z8.048 X131.58 Y117.893 E343.35862
G1 Z8.049 X130.473 Y117.329 E343.40067
G1 Z8.050 X129.404 Y116.696 E343.44272
G1 Z8.052 X128.377 Y115.998 E343.48477
G1 Z8.053 X127.395 Y115.237 E343.52682
G1 Z8.054 X126.463 Y114.415 E343.56887
G1 Z8.055 X125.585 Y113.537 E343.61092
G1 Z8.056 X124.763 Y112.605 E343.65297
G1 Z8.057 X124.002 Y111.623 E343.69502
G1 Z8.058 X123.304 Y110.596 E343.73707
G1 Z8.060 X122.671 Y109.527 E343.77912
G1 Z8.061 X122.107 Y108.42 E343.82117
G1 Z8.062 X121.614 Y107.28 E343.86322
G1 Z8.063 X121.193 Y106.111 E343.90527
G1 Z8.064 X120.846 Y104.918 E343.94732
G1 Z8.065 X120.575 Y103.705 E343.98937
G1 Z8.067 X120.381 Y102.478 E344.03142
G1 Z8.068 X120.264 Y101.242 E344.07347
G1 Z8.069 X120.225 Y100 E344.11552
G1 Z8.070 X120.264 Y98.758 E344.15757
G1 Z8.071 X120.381 Y97.522 E344.19962
G1 Z8.072 X120.575 Y96.295 E344.24167
G1 Z8.074 X120.846 Y95.082 E344.28372
G1 Z8.075 X121.193 Y93.889 E344.32577
G1 Z8.076 X121.614 Y92.72 E344.36782
G1 Z8.077 X122.107 Y91.58 E344.40987
G1 Z8.078 X122.671 Y90.473 E344.45192
G1 Z8.079 X123.304 Y89.404 E344.49397
G1 Z8.080 X123.738 Y88.765 E344.52015
;LAYER_CHANGE
;Z:8.28
;HEIGHT:0.2
G1 Z8.080 F600
G1 F6089
G1 Z8.080 X124.002 Y88.377 E344.53602
G1 Z8.082 X124.763 Y87.395 E344.57807
G1 Z8.083 X125.585 Y86.463 E344.62012
G1 Z8.084 X126.463 Y85.585 E344.66217
G1 Z8.085 X127.395 Y84.763 E344.70422
G1 Z8.086 X128.377 Y84.002 E344.74627
G1 Z8.087 X129.404 Y83.304 E344.78832
G1 Z8.088 X130.473 Y82.671 E344.83037
G1 Z8.090 X131.58 Y82.107 E344.87242
G1 Z8.091 X132.596 Y81.668 E344.90988
G1 Z8.092 X133.89 Y81.193 E344.95654
G1 Z8.093 X135.082 Y80.846 E344.99856
G1 Z8.094 X136.295 Y80.575 E345.04062
G1 Z8.095 X137.522 Y80.381 E345.08266
G1 Z8.097 X138.758 Y80.264 E345.12472
G1 Z8.098 X140.004 Y80.225 E345.16689
G1 Z8.116 X159.475 Y80.225 E345.82597
G1 Z8.124 X159.475 Y88.905 E346.11978
G1 Z8.125 X160.525 Y88.905 E346.15532
G1 Z8.133 X160.525 Y80.225 E346.44913
G1 Z8.151 X179.775 Y80.225 E347.10072
G1 Z8.168 X179.775 Y99.475 E347.75231
G1 Z8.176 X171.095 Y99.475 E348.04611
G1 Z8.177 X171.095 Y100.525 E348.08166
G1 Z8.185 X179.775 Y100.525 E348.37546
G1 Z8.203 X179.775 Y119.775 E349.02705
G1 Z8.240 X140.004 Y119.775 E350.37327
G1 Z8.241 X138.758 Y119.736 E350.41544
G1 Z8.242 X137.522 Y119.619 E350.45749
G1 Z8.244 X136.295 Y119.425 E350.49954
G1 Z8.245 X135.082 Y119.154 E350.54159
G1 Z8.246 X133.889 Y118.807 E350.58364
G1 Z8.247 X132.72 Y118.386 E350.62569
G1 Z8.248 X131.58 Y117.893 E350.66774
G1 Z8.249 X130.473 Y117.329 E350.70979
G1 Z8.251 X129.404 Y116.696 E350.75184
G1 Z8.252 X128.377 Y115.998 E350.79389
G1 Z8.253 X127.395 Y115.237 E350.83594
G1 Z8.254 X126.463 Y114.415 E350.87799
G1 Z8.255 X125.585 Y113.537 E350.92004
G1 Z8.256 X124.763 Y112.605 E350.96209
G1 Z8.257 X124.002 Y111.623 E351.00414
G1 Z8.258 X123.38 Y110.708 E351.0416
G1 Z8.260 X122.671 Y109.526 E351.08825
G1 Z8.261 X122.107 Y108.42 E351.13028
G1 Z8.262 X121.668 Y107.404 E351.16774
G1 Z8.263 X121.193 Y106.11 E351.2144
G1 Z8.264 X120.846 Y104.918 E351.25642
G1 Z8.265 X120.575 Y103.705 E351.29847
G1 Z8.267 X120.381 Y102.478 E351.34052
G1 Z8.268 X120.264 Y101.242 E351.38257
G1 Z8.269 X120.225 Y100 E351.42462
G1 Z8.270 X120.264 Y98.758 E351.46667
G1 Z8.271 X120.381 Y97.522 E351.50872
G1 Z8.272 X120.575 Y96.295 E351.55077
G1 Z8.274 X120.846 Y95.082 E351.59282
G1 Z8.275 X121.193 Y93.889 E351.63487
G1 Z8.276 X121.614 Y92.72 E351.67692
G1 Z8.277 X122.107 Y91.58 E351.71897
G1 Z8.278 X122.671 Y90.473 E351.76102
G1 Z8.279 X123.304 Y89.404 E351.80307
G1 Z8.280 X123.738 Y88.765 E351.82925
;LAYER_CHANGE
;Z:8.48
;HEIGHT:0.2
G1 Z8.280 F600
G1 F6098
G1 Z8.280 X124.002 Y88.377 E351.84512
G1 Z8.282 X124.763 Y87.395 E351.88717
G1 Z8.283 X125.585 Y86.463 E351.92922
G1 Z8.284 X126.386 Y85.661 E351.9676
G1 Z8.285 X127.395 Y84.763 E352.01333
G1 Z8.286 X128.377 Y84.002 E352.05537
G1 Z8.287 X129.314 Y83.364 E352.09374
G1 Z8.288 X130.474 Y82.671 E352.13948
G1 Z8.290 X131.58 Y82.107 E352.18151
G1 Z8.291 X132.72 Y81.614 E352.22356
G1 Z8.292 X133.889 Y81.193 E352.26561
G1 Z8.293 X135.082 Y80.846 E352.30766
G1 Z8.294 X136.295 Y80.575 E352.34971
G1 Z8.295 X137.522 Y80.381 E352.39176
G1 Z8.296 X138.758 Y80.264 E352.43381
G1 Z8.298 X140.004 Y80.225 E352.47598
G1 Z8.316 X159.475 Y80.225 E353.13506
G1 Z8.324 X159.475 Y89.105 E353.43564
G1 Z8.325 X160.525 Y89.105 E353.47118
G1 Z8.333 X160.525 Y80.225 E353.77176
G1 Z8.351 X179.775 Y80.225 E354.42335
G1 Z8.368 X179.775 Y99.475 E355.07494
G1 Z8.377 X170.895 Y99.475 E355.37552
G1 Z8.378 X170.895 Y100.525 E355.41106
G1 Z8.386 X179.775 Y100.525 E355.71164
G1 Z8.404 X179.775 Y119.775 E356.36323
G1 Z8.440 X140.004 Y119.775 E357.70944
G1 Z8.441 X138.758 Y119.736 E357.75161
G1 Z8.443 X137.522 Y119.619 E357.79366
G1 Z8.444 X136.295 Y119.425 E357.83571
G1 Z8.445 X135.082 Y119.154 E357.87776
G1 Z8.446 X133.889 Y118.807 E357.91981
G1 Z8.447 X132.72 Y118.386 E357.96186
G1 Z8.448 X131.58 Y117.893 E358.00391
G1 Z8.449 X130.473 Y117.329 E358.04596
G1 Z8.451 X129.404 Y116.696 E358.08801
G1 Z8.452 X128.377 Y115.998 E358.13006
G1 Z8.453 X127.395 Y115.237 E358.17211
G1 Z8.454 X126.463 Y114.415 E358.21416
G1 Z8.455 X125.585 Y113.537 E358.25621
G1 Z8.456 X124.763 Y112.605 E358.29826
G1 Z8.458 X124.002 Y111.623 E358.34031
G1 Z8.459 X123.364 Y110.686 E358.37869
G1 Z8.460 X122.671 Y109.526 E358.42442
G1 Z8.461 X122.107 Y108.42 E358.46646
G1 Z8.462 X121.614 Y107.28 E358.5085
G1 Z8.463 X121.193 Y106.111 E358.55056
G1 Z8.464 X120.846 Y104.918 E358.5926
G1 Z8.466 X120.575 Y103.705 E358.63466
G1 Z8.467 X120.381 Y102.478 E358.6767
G1 Z8.468 X120.274 Y101.35 E358.71508
G1 Z8.469 X120.225 Y99.999 E358.76082
G1 Z8.470 X120.264 Y98.758 E358.80285
G1 Z8.471 X120.381 Y97.522 E358.8449
G1 Z8.472 X120.575 Y96.295 E358.88695
G1 Z8.473 X120.823 Y95.188 E358.92533
G1 Z8.475 X121.193 Y93.889 E358.97106
G1 Z8.476 X121.614 Y92.72 E359.01309
G1 Z8.477 X122.107 Y91.58 E359.05514
G1 Z8.478 X122.671 Y90.473 E359.09719
G1 Z8.479 X123.304 Y89.404 E359.13924
G1 Z8.480 X123.738 Y88.765 E359.16542
;LAYER_CHANGE
;Z:8.68
;HEIGHT:0.200001
G1 Z8.480 F600
G1 F6008
G1 Z8.480 X124.002 Y88.377 E359.18129
G1 Z8.482 X124.763 Y87.395 E359.22334
G1 Z8.483 X125.585 Y86.463 E359.26539
G1 Z8.484 X126.406 Y85.642 E359.30469
G1 Z8.485 X127.395 Y84.763 E359.3495
G1 Z8.486 X128.377 Y84.002 E359.39154
G1 Z8.487 X129.337 Y83.349 E359.43084
G1 Z8.488 X130.474 Y82.671 E359.47565
G1 Z8.490 X131.58 Y82.107 E359.51768
G1 Z8.491 X132.646 Y81.646 E359.55698
G1 Z8.492 X133.89 Y81.193 E359.60179
G1 Z8.493 X135.082 Y80.846 E359.64383
G1 Z8.494 X136.295 Y80.575 E359.68588
G1 Z8.495 X137.522 Y80.381 E359.72793
G1 Z8.496 X138.758 Y80.264 E359.76998
G1 Z8.498 X140.004 Y80.225 E359.81215
G1 Z8.515 X159.475 Y80.225 E360.47123
G1 Z8.524 X159.475 Y89.305 E360.77858
G1 Z8.525 X160.525 Y89.305 E360.81412
G1 Z8.533 X160.525 Y80.225 E361.12147
G1 Z8.551 X179.775 Y80.225 E361.77306
G1 Z8.569 X179.775 Y99.475 E362.42465
G1 Z8.577 X170.695 Y99.475 E362.73199
G1 Z8.578 X170.695 Y100.525 E362.76754
G1 Z8.586 X179.775 Y100.525 E363.07488
G1 Z8.604 X179.775 Y119.775 E363.72647
G1 Z8.640 X140.004 Y119.775 E365.07269
G1 Z8.642 X138.758 Y119.736 E365.11486
G1 Z8.643 X137.522 Y119.619 E365.15691
G1 Z8.644 X136.295 Y119.425 E365.19896
G1 Z8.645 X135.082 Y119.154 E365.24101
G1 Z8.646 X133.889 Y118.807 E365.28306
G1 Z8.647 X132.72 Y118.386 E365.32511
G1 Z8.648 X131.58 Y117.893 E365.36716
G1 Z8.650 X130.473 Y117.329 E365.40921
G1 Z8.651 X129.404 Y116.696 E365.45126
G1 Z8.652 X128.377 Y115.998 E365.49331
G1 Z8.653 X127.395 Y115.237 E365.53536
G1 Z8.654 X126.463 Y114.415 E365.57741
G1 Z8.655 X125.585 Y113.537 E365.61946
G1 Z8.656 X124.763 Y112.605 E365.66151
G1 Z8.658 X124.002 Y111.623 E365.70356
G1 Z8.659 X123.349 Y110.663 E365.74286
G1 Z8.660 X122.671 Y109.526 E365.78767
G1 Z8.661 X122.107 Y108.42 E365.8297
G1 Z8.662 X121.646 Y107.354 E365.869
G1 Z8.663 X121.193 Y106.11 E365.91381
G1 Z8.664 X120.846 Y104.918 E365.95585
G1 Z8.666 X120.575 Y103.705 E365.9979
G1 Z8.667 X120.381 Y102.478 E366.03995
G1 Z8.668 X120.272 Y101.323 E366.07925
G1 Z8.669 X120.225 Y100 E366.12406
G1 Z8.670 X120.264 Y98.758 E366.16609
G1 Z8.671 X120.381 Y97.522 E366.20814
G1 Z8.672 X120.575 Y96.295 E366.25019
G1 Z8.674 X120.846 Y95.082 E366.29224
G1 Z8.675 X121.193 Y93.889 E366.33429
G1 Z8.676 X121.614 Y92.72 E366.37634
G1 Z8.677 X122.107 Y91.58 E366.41839
G1 Z8.678 X122.671 Y90.473 E366.46044
G1 Z8.679 X123.304 Y89.404 E366.50249
G1 Z8.680 X123.738 Y88.765 E366.52867
;LAYER_CHANGE
;Z:8.88
;HEIGHT:0.2
G1 Z8.680 F600
G1 F6017
G1 Z8.680 X124.002 Y88.377 E366.54454
G1 Z8.682 X124.763 Y87.395 E366.58659
G1 Z8.683 X125.585 Y86.463 E366.62864
G1 Z8.684 X126.425 Y85.623 E366.66887
G1 Z8.685 X127.395 Y84.763 E366.71275
G1 Z8.686 X128.377 Y84.002 E366.75479
G1 Z8.687 X129.404 Y83.304 E366.79684
G1 Z8.688 X130.473 Y82.671 E366.83889
G1 Z8.690 X131.58 Y82.107 E366.88094
G1 Z8.691 X132.671 Y81.635 E366.92116
G1 Z8.692 X133.89 Y81.193 E366.96505
G1 Z8.693 X135.082 Y80.846 E367.00709
G1 Z8.694 X136.295 Y80.575 E367.04914
G1 Z8.695 X137.522 Y80.381 E367.09118
G1 Z8.696 X138.758 Y80.264 E367.13324
G1 Z8.698 X140.004 Y80.225 E367.17541
G1 Z8.715 X159.475 Y80.225 E367.83449
G1 Z8.724 X159.475 Y89.505 E368.14861
G1 Z8.725 X160.525 Y89.505 E368.18415
G1 Z8.733 X160.525 Y80.225 E368.49827
G1 Z8.751 X179.775 Y80.225 E369.14986
G1 Z8.769 X179.775 Y99.475 E369.80145
G1 Z8.777 X170.495 Y99.475 E370.11556
G1 Z8.778 X170.495 Y100.525 E370.1511
G1 Z8.787 X179.775 Y100.525 E370.46522
G1 Z8.804 X179.775 Y119.775 E371.11681
G1 Z8.841 X140.004 Y119.775 E372.46303
G1 Z8.842 X138.758 Y119.736 E372.5052
G1 Z8.843 X137.522 Y119.619 E372.54725
G1 Z8.844 X136.295 Y119.425 E372.5893
G1 Z8.845 X135.082 Y119.154 E372.63135
G1 Z8.846 X133.889 Y118.807 E372.6734
G1 Z8.847 X132.72 Y118.386 E372.71545
G1 Z8.849 X131.58 Y117.893 E372.7575
G1 Z8.850 X130.473 Y117.329 E372.79955
G1 Z8.851 X129.404 Y116.696 E372.8416
G1 Z8.852 X128.377 Y115.998 E372.88365
G1 Z8.853 X127.395 Y115.237 E372.9257
G1 Z8.854 X126.463 Y114.415 E372.96775
G1 Z8.855 X125.585 Y113.537 E373.0098
G1 Z8.857 X124.763 Y112.605 E373.05185
G1 Z8.858 X124.002 Y111.623 E373.0939
G1 Z8.859 X123.304 Y110.596 E373.13595
G1 Z8.860 X122.671 Y109.527 E373.178
G1 Z8.861 X122.107 Y108.42 E373.22005
G1 Z8.862 X121.635 Y107.329 E373.26027
G1 Z8.863 X121.193 Y106.11 E373.30415
G1 Z8.864 X120.846 Y104.918 E373.34619
G1 Z8.866 X120.575 Y103.705 E373.38824
G1 Z8.867 X120.381 Y102.478 E373.43029
G1 Z8.868 X120.264 Y101.242 E373.47234
G1 Z8.869 X120.225 Y100 E373.51439
G1 Z8.870 X120.264 Y98.758 E373.55644
G1 Z8.871 X120.381 Y97.522 E373.59849
G1 Z8.872 X120.575 Y96.295 E373.64054
G1 Z8.874 X120.846 Y95.082 E373.68259
G1 Z8.875 X121.193 Y93.889 E373.72464
G1 Z8.876 X121.614 Y92.72 E373.76669
G1 Z8.877 X122.107 Y91.58 E373.80874
G1 Z8.878 X122.671 Y90.473 E373.85079
G1 Z8.879 X123.304 Y89.404 E373.89284
G1 Z8.880 X123.738 Y88.765 E373.91902
;LAYER_CHANGE
;Z:9.08
;HEIGHT:0.2
G1 Z8.880 F600
G1 F6027
G1 Z8.880 X124.002 Y88.377 E373.93489
G1 Z8.882 X124.763 Y87.395 E373.97694
G1 Z8.883 X125.585 Y86.463 E374.01899
G1 Z8.884 X126.444 Y85.604 E374.06014
G1 Z8.885 X127.395 Y84.763 E374.1031
G1 Z8.886 X128.377 Y84.002 E374.14514
G1 Z8.887 X129.404 Y83.304 E374.18719
G1 Z8.888 X130.473 Y82.671 E374.22924
G1 Z8.889 X131.58 Y82.107 E374.27129
G1 Z8.891 X132.72 Y81.614 E374.31334
G1 Z8.892 X133.889 Y81.193 E374.35539
G1 Z8.893 X135.082 Y80.846 E374.39744
G1 Z8.894 X136.295 Y80.575 E374.43949
G1 Z8.895 X137.522 Y80.381 E374.48154
G1 Z8.896 X138.758 Y80.264 E374.52359
G1 Z8.897 X140.004 Y80.225 E374.56576
G1 Z8.915 X159.475 Y80.225 E375.22485
G1 Z8.924 X159.475 Y89.705 E375.54573
G1 Z8.925 X160.525 Y89.705 E375.58127
G1 Z8.933 X160.525 Y80.225 E375.90216
G1 Z8.951 X179.775 Y80.225 E376.55375
G1 Z8.969 X179.775 Y99.475 E377.20534
G1 Z8.977 X170.295 Y99.475 E377.52623
G1 Z8.978 X170.295 Y100.525 E377.56177
G1 Z8.987 X179.775 Y100.525 E377.88266
G1 Z9.004 X179.775 Y119.775 E378.53424
G1 Z9.041 X140.004 Y119.775 E379.88046
G1 Z9.042 X138.758 Y119.736 E379.92263
G1 Z9.043 X137.522 Y119.619 E379.96468
G1 Z9.044 X136.295 Y119.425 E380.00673
G1 Z9.045 X135.082 Y119.154 E380.04878
G1 Z9.046 X133.889 Y118.807 E380.09083
G1 Z9.048 X132.72 Y118.386 E380.13288
G1 Z9.049 X131.58 Y117.893 E380.17493
G1 Z9.050 X130.473 Y117.329 E380.21698
G1 Z9.051 X129.404 Y116.696 E380.25903
G1 Z9.052 X128.377 Y115.998 E380.30108
G1 Z9.053 X127.395 Y115.237 E380.34313
G1 Z9.054 X126.463 Y114.415 E380.38518
G1 Z9.055 X125.585 Y113.537 E380.42723
G1 Z9.057 X124.763 Y112.605 E380.46928
G1 Z9.058 X124.002 Y111.623 E380.51133
G1 Z9.059 X123.304 Y110.596 E380.55338
G1 Z9.060 X122.671 Y109.527 E380.59543
G1 Z9.061 X122.107 Y108.42 E380.63748
G1 Z9.062 X121.614 Y107.28 E380.67953
G1 Z9.063 X121.193 Y106.111 E380.72158
G1 Z9.065 X120.846 Y104.918 E380.76363
G1 Z9.066 X120.575 Y103.705 E380.80568
G1 Z9.067 X120.381 Y102.478 E380.84773
G1 Z9.068 X120.267 Y101.268 E380.88888
G1 Z9.069 X120.225 Y100 E380.93183
G1 Z9.070 X120.264 Y98.758 E380.97388
G1 Z9.071 X120.381 Y97.522 E381.01593
G1 Z9.072 X120.575 Y96.295 E381.05798
G1 Z9.074 X120.841 Y95.108 E381.09912
G1 Z9.075 X121.193 Y93.889 E381.14208
G1 Z9.076 X121.614 Y92.72 E381.18413
G1 Z9.077 X122.107 Y91.58 E381.22618
G1 Z9.078 X122.671 Y90.473 E381.26823
G1 Z9.079 X123.304 Y89.404 E381.31028
G1 Z9.080 X123.738 Y88.765 E381.33645
;LAYER_CHANGE
;Z:9.28
;HEIGHT:0.2
G1 Z9.080 F600
G1 F6036
G1 Z9.080 X124.002 Y88.377 E381.35233
G1 Z9.082 X124.764 Y87.396 E381.39437
G1 Z9.083 X125.585 Y86.464 E381.43642
G1 Z9.084 X126.464 Y85.585 E381.47847
G1 Z9.085 X127.396 Y84.764 E381.52052
G1 Z9.086 X128.377 Y84.002 E381.56257
G1 Z9.087 X129.405 Y83.304 E381.60462
G1 Z9.088 X130.474 Y82.672 E381.64666
G1 Z9.089 X131.581 Y82.108 E381.68871
G1 Z9.091 X132.721 Y81.615 E381.73076
G1 Z9.092 X133.889 Y81.194 E381.77281
G1 Z9.093 X135.082 Y80.847 E381.81486
G1 Z9.094 X136.295 Y80.576 E381.85691
G1 Z9.095 X137.522 Y80.382 E381.89895
G1 Z9.096 X138.758 Y80.265 E381.941
G1 Z9.097 X140.004 Y80.226 E381.98317
G1 Z9.115 X159.475 Y80.226 E382.64226
G1 Z9.124 X159.475 Y89.905 E382.96989
G1 Z9.125 X160.525 Y89.905 E383.00543
G1 Z9.134 X160.525 Y80.226 E383.33306
G1 Z9.151 X179.774 Y80.226 E383.98462
G1 Z9.169 X179.774 Y99.475 E384.63618
G1 Z9.177 X170.095 Y99.475 E384.96381
G1 Z9.178 X170.095 Y100.525 E384.99935
G1 Z9.187 X179.774 Y100.525 E385.32698
G1 Z9.205 X179.774 Y119.774 E385.97854
G1 Z9.241 X140.004 Y119.774 E387.32473
G1 Z9.242 X138.753 Y119.735 E387.36709
G1 Z9.243 X137.522 Y119.618 E387.40895
G1 Z9.244 X136.295 Y119.424 E387.451
G1 Z9.245 X135.082 Y119.153 E387.49305
G1 Z9.247 X133.889 Y118.806 E387.53509
G1 Z9.248 X132.721 Y118.385 E387.57714
G1 Z9.249 X131.581 Y117.892 E387.61919
G1 Z9.250 X130.474 Y117.328 E387.66124
G1 Z9.251 X129.405 Y116.696 E387.70329
G1 Z9.252 X128.377 Y115.998 E387.74534
G1 Z9.253 X127.396 Y115.236 E387.78738
G1 Z9.254 X126.464 Y114.415 E387.82943
G1 Z9.256 X125.585 Y113.536 E387.87148
G1 Z9.257 X124.764 Y112.604 E387.91353
G1 Z9.258 X124.002 Y111.623 E387.95558
G1 Z9.259 X123.304 Y110.595 E387.99763
G1 Z9.260 X122.672 Y109.526 E388.03967
G1 Z9.261 X122.108 Y108.419 E388.08172
G1 Z9.262 X121.615 Y107.279 E388.12377
G1 Z9.263 X121.194 Y106.111 E388.16582
G1 Z9.265 X120.847 Y104.918 E388.20787
G1 Z9.266 X120.576 Y103.705 E388.24992
G1 Z9.267 X120.382 Y102.478 E388.29196
G1 Z9.268 X120.265 Y101.242 E388.33401
G1 Z9.269 X120.226 Y100 E388.37606
G1 Z9.270 X120.265 Y98.758 E388.41811
G1 Z9.271 X120.382 Y97.522 E388.46016
G1 Z9.273 X120.576 Y96.295 E388.50221
G1 Z9.274 X120.847 Y95.082 E388.54425
G1 Z9.275 X121.194 Y93.889 E388.5863
G1 Z9.276 X121.615 Y92.721 E388.62835
G1 Z9.277 X122.108 Y91.581 E388.6704
G1 Z9.278 X122.672 Y90.474 E388.71245
G1 Z9.279 X123.307 Y89.4 E388.75468
G1 Z9.280 X123.739 Y88.765 E388.78067
;LAYER_CHANGE
;Z:9.48
;HEIGHT:0.2
G1 Z9.280 F600
G1 F6040
G1 Z9.280 X124.037 Y88.402 E388.7965
G1 Z9.282 X124.797 Y87.423 E388.83846
G1 Z9.283 X125.617 Y86.493 E388.88041
G1 Z9.284 X126.493 Y85.617 E388.92237
G1 Z9.285 X127.423 Y84.797 E388.96432
G1 Z9.286 X128.402 Y84.037 E389.00628
G1 Z9.287 X129.428 Y83.341 E389.04824
G1 Z9.288 X130.494 Y82.71 E389.09019
G1 Z9.289 X131.599 Y82.147 E389.13215
G1 Z9.291 X132.737 Y81.655 E389.17411
G1 Z9.292 X133.903 Y81.235 E389.21607
G1 Z9.293 X135.093 Y80.889 E389.25802
G1 Z9.294 X136.303 Y80.618 E389.29998
G1 Z9.295 X137.527 Y80.425 E389.34194
G1 Z9.296 X138.761 Y80.308 E389.38389
G1 Z9.297 X140.004 Y80.269 E389.42597
G1 Z9.315 X159.475 Y80.269 E390.08505
G1 Z9.324 X159.475 Y90.105 E390.418
G1 Z9.325 X160.525 Y90.105 E390.45354
G1 Z9.334 X160.525 Y80.269 E390.78648
G1 Z9.351 X179.731 Y80.269 E391.43659
G1 Z9.369 X179.731 Y99.475 E392.08669
G1 Z9.378 X169.895 Y99.475 E392.41964
G1 Z9.379 X169.895 Y100.525 E392.45518
G1 Z9.388 X179.731 Y100.525 E392.78812
G1 Z9.405 X179.731 Y119.731 E393.43823
G1 Z9.441 X140.004 Y119.731 E394.78296
G1 Z9.442 X138.761 Y119.692 E394.82504
G1 Z9.443 X137.527 Y119.575 E394.86699
G1 Z9.444 X136.303 Y119.382 E394.90895
G1 Z9.446 X135.093 Y119.111 E394.95091
G1 Z9.447 X133.903 Y118.765 E394.99286
G1 Z9.448 X132.737 Y118.345 E395.03482
G1 Z9.449 X131.599 Y117.853 E395.07678
G1 Z9.450 X130.494 Y117.29 E395.11873
G1 Z9.451 X129.428 Y116.659 E395.16069
G1 Z9.452 X128.402 Y115.963 E395.20265
G1 Z9.453 X127.423 Y115.203 E395.2446
G1 Z9.455 X126.493 Y114.383 E395.28656
G1 Z9.456 X125.617 Y113.507 E395.32852
G1 Z9.457 X124.797 Y112.577 E395.37047
G1 Z9.458 X124.037 Y111.598 E395.41243
G1 Z9.459 X123.341 Y110.572 E395.45439
G1 Z9.460 X122.71 Y109.506 E395.49635
G1 Z9.461 X122.147 Y108.401 E395.5383
G1 Z9.462 X121.655 Y107.263 E395.58026
G1 Z9.464 X121.235 Y106.097 E395.62222
G1 Z9.465 X120.889 Y104.907 E395.66417
G1 Z9.466 X120.618 Y103.697 E395.70613
G1 Z9.467 X120.425 Y102.473 E395.74809
G1 Z9.468 X120.308 Y101.239 E395.79004
G1 Z9.469 X120.269 Y100 E395.832
G1 Z9.470 X120.308 Y98.761 E395.87396
G1 Z9.471 X120.425 Y97.527 E395.91591
G1 Z9.473 X120.618 Y96.303 E395.95787
G1 Z9.474 X120.889 Y95.093 E395.99983
G1 Z9.475 X121.235 Y93.903 E396.04178
G1 Z9.476 X121.655 Y92.737 E396.08374
G1 Z9.477 X122.147 Y91.599 E396.1257
G1 Z9.478 X122.71 Y90.494 E396.16765
G1 Z9.479 X123.341 Y89.428 E396.20961
G1 Z9.480 X123.774 Y88.789 E396.23574
;LAYER_CHANGE
;Z:9.68
;HEIGHT:0.200001
G1 Z9.480 F600
G1 F6040
G1 Z9.480 X124.072 Y88.428 E396.25152
G1 Z9.482 X124.83 Y87.45 E396.29339
G1 Z9.483 X125.648 Y86.523 E396.33525
G1 Z9.484 X126.523 Y85.648 E396.37712
G1 Z9.485 X127.45 Y84.83 E396.41898
G1 Z9.486 X128.428 Y84.072 E396.46085
G1 Z9.487 X129.451 Y83.377 E396.50271
G1 Z9.488 X130.515 Y82.747 E396.54458
G1 Z9.489 X131.617 Y82.186 E396.58644
G1 Z9.491 X132.752 Y81.695 E396.62831
G1 Z9.492 X133.916 Y81.276 E396.67017
G1 Z9.493 X135.104 Y80.931 E396.71204
G1 Z9.494 X136.311 Y80.661 E396.75391
G1 Z9.495 X137.532 Y80.467 E396.79577
G1 Z9.496 X138.764 Y80.351 E396.83764
G1 Z9.497 X140.004 Y80.312 E396.87962
G1 Z9.515 X159.475 Y80.312 E397.53871
G1 Z9.524 X159.475 Y90.225 E397.87425
G1 Z9.525 X160.525 Y90.225 E397.9098
G1 Z9.534 X160.525 Y80.312 E398.24534
G1 Z9.551 X179.688 Y80.312 E398.89399
G1 Z9.569 X179.688 Y99.475 E399.54264
G1 Z9.578 X169.775 Y99.475 E399.87819
G1 Z9.579 X169.775 Y100.525 E399.91373
G1 Z9.588 X179.688 Y100.525 E400.24928
G1 Z9.605 X179.688 Y119.688 E400.89793
G1 Z9.641 X140.004 Y119.688 E402.24121
G1 Z9.642 X138.764 Y119.649 E402.28319
G1 Z9.643 X137.532 Y119.533 E402.32506
G1 Z9.644 X136.311 Y119.339 E402.36692
G1 Z9.646 X135.104 Y119.069 E402.40879
G1 Z9.647 X133.916 Y118.724 E402.45065
G1 Z9.648 X132.752 Y118.305 E402.49252
G1 Z9.649 X131.617 Y117.814 E402.53438
G1 Z9.650 X130.515 Y117.253 E402.57625
G1 Z9.651 X129.451 Y116.623 E402.61811
G1 Z9.652 X128.428 Y115.928 E402.65998
G1 Z9.653 X127.45 Y115.17 E402.70185
G1 Z9.655 X126.523 Y114.352 E402.74371
G1 Z9.656 X125.648 Y113.477 E402.78558
G1 Z9.657 X124.83 Y112.55 E402.82744
G1 Z9.658 X124.072 Y111.572 E402.86931
G1 Z9.659 X123.377 Y110.549 E402.91117
G1 Z9.660 X122.747 Y109.485 E402.95304
G1 Z9.661 X122.186 Y108.383 E402.9949
G1 Z9.662 X121.695 Y107.248 E403.03677
G1 Z9.664 X121.276 Y106.084 E403.07863
G1 Z9.665 X120.931 Y104.896 E403.1205
G1 Z9.666 X120.661 Y103.689 E403.16236
G1 Z9.667 X120.467 Y102.468 E403.20423
G1 Z9.668 X120.351 Y101.236 E403.24609
G1 Z9.669 X120.332 Y100.633 E403.26651
G1 Z9.669 X120.312 Y100 E403.28796
G1 Z9.670 X120.351 Y98.764 E403.32982
G1 Z9.671 X120.467 Y97.532 E403.37169
G1 Z9.673 X120.661 Y96.311 E403.41355
G1 Z9.674 X120.931 Y95.104 E403.45542
G1 Z9.675 X121.276 Y93.916 E403.49729
G1 Z9.676 X121.695 Y92.752 E403.53915
G1 Z9.677 X122.186 Y91.617 E403.58102
G1 Z9.678 X122.747 Y90.515 E403.62288
G1 Z9.679 X123.377 Y89.451 E403.66475
G1 Z9.680 X123.81 Y88.813 E403.69083
;LAYER_CHANGE
;Z:9.88
;HEIGHT:0.2
M593 P1 F35 ; set_input_shaper_EI_35
M220 S80
M204 S15000
G1 Z9.680 F600
G1 F6035
G1 Z9.680 X124.107 Y88.453 E403.70657
G1 Z9.682 X124.863 Y87.478 E403.74834
G1 Z9.683 X125.679 Y86.552 E403.79011
G1 Z9.684 X126.552 Y85.679 E403.83189
G1 Z9.685 X127.478 Y84.863 E403.87366
G1 Z9.686 X128.453 Y84.107 E403.91544
G1 Z9.687 X129.474 Y83.413 E403.95721
G1 Z9.688 X130.253 Y82.952 E403.98786
G1 Z9.688 X130.536 Y82.785 E403.99898
G1 Z9.689 X131.636 Y82.225 E404.04076
G1 Z9.691 X132.768 Y81.735 E404.08253
G1 Z9.692 X133.929 Y81.316 E404.1243
G1 Z9.693 X135.114 Y80.972 E404.16608
G1 Z9.694 X136.319 Y80.703 E404.20785
G1 Z9.695 X137.538 Y80.51 E404.24963
G1 Z9.696 X138.766 Y80.394 E404.2914
G1 Z9.697 X140.004 Y80.355 E404.33329
G1 Z9.715 X159.475 Y80.355 E404.99238
G1 Z9.724 X159.475 Y90.225 E405.32647
G1 Z9.725 X160.525 Y90.225 E405.36201
G1 Z9.734 X160.525 Y80.355 E405.6961
G1 Z9.751 X179.645 Y80.355 E406.3433
G1 Z9.769 X179.645 Y99.475 E406.99049
G1 Z9.778 X169.775 Y99.475 E407.32458
G1 Z9.779 X169.775 Y100.525 E407.36012
G1 Z9.788 X179.645 Y100.525 E407.69421
G1 Z9.805 X179.645 Y119.645 E408.34141
G1 Z9.841 X140.004 Y119.645 E409.68323
G1 Z9.842 X138.766 Y119.606 E409.72512
G1 Z9.843 X137.538 Y119.49 E409.76689
G1 Z9.844 X136.319 Y119.297 E409.80867
G1 Z9.846 X135.114 Y119.028 E409.85044
G1 Z9.847 X133.929 Y118.684 E409.89222
G1 Z9.848 X132.768 Y118.265 E409.93399
G1 Z9.849 X131.636 Y117.775 E409.97576
G1 Z9.850 X130.536 Y117.215 E410.01754
G1 Z9.851 X129.474 Y116.587 E410.05931
G1 Z9.852 X128.453 Y115.893 E410.10108
G1 Z9.853 X127.478 Y115.137 E410.14286
G1 Z9.855 X126.552 Y114.321 E410.18463
G1 Z9.856 X125.679 Y113.448 E410.22641
G1 Z9.857 X124.863 Y112.522 E410.26818
G1 Z9.858 X124.107 Y111.547 E410.30995
G1 Z9.859 X123.413 Y110.526 E410.35173
G1 Z9.860 X122.785 Y109.464 E410.3935
G1 Z9.861 X122.225 Y108.364 E410.43527
G1 Z9.862 X121.735 Y107.232 E410.47705
G1 Z9.864 X121.316 Y106.071 E410.51882
G1 Z9.865 X120.972 Y104.886 E410.5606
G1 Z9.866 X120.703 Y103.681 E410.60237
G1 Z9.867 X120.51 Y102.462 E410.64414
G1 Z9.868 X120.394 Y101.234 E410.68592
G1 Z9.869 X120.365 Y100.328 E410.71657
G1 Z9.869 X120.355 Y100 E410.72769
G1 Z9.870 X120.394 Y98.766 E410.76946
G1 Z9.871 X120.51 Y97.538 E410.81124
G1 Z9.873 X120.703 Y96.319 E410.85301
G1 Z9.874 X120.972 Y95.114 E410.89479
G1 Z9.875 X121.316 Y93.929 E410.93656
G1 Z9.876 X121.735 Y92.768 E410.97833
G1 Z9.877 X122.225 Y91.636 E411.02011
G1 Z9.878 X122.785 Y90.536 E411.06188
G1 Z9.879 X123.413 Y89.474 E411.10366
G1 Z9.880 X123.846 Y88.837 E411.12969
;LAYER_CHANGE
;Z:10.08
;HEIGHT:0.2
G1 Z9.880 F600
G1 F6029
G1 Z9.880 X124.142 Y88.478 E411.14538
G1 Z9.882 X124.878 Y87.529 E411.18604
G1 Z9.883 X125.711 Y86.581 E411.22875
G1 Z9.884 X126.582 Y85.711 E411.27043
G1 Z9.885 X127.482 Y84.916 E411.31108
G1 Z9.886 X128.478 Y84.142 E411.3538
G1 Z9.887 X129.497 Y83.45 E411.39547
G1 Z9.888 X130.557 Y82.823 E411.43716
G1 Z9.889 X131.654 Y82.264 E411.47884
G1 Z9.891 X132.784 Y81.775 E411.52052
G1 Z9.892 X133.943 Y81.357 E411.5622
G1 Z9.893 X135.125 Y81.014 E411.60388
G1 Z9.894 X136.327 Y80.745 E411.64557
G1 Z9.895 X137.543 Y80.553 E411.68725
G1 Z9.896 X138.769 Y80.437 E411.72893
G1 Z9.897 X140.004 Y80.398 E411.77073
G1 Z9.915 X159.475 Y80.398 E412.42982
G1 Z9.924 X159.475 Y90.225 E412.76246
G1 Z9.925 X160.525 Y90.225 E412.798
G1 Z9.934 X160.525 Y80.398 E413.13063
G1 Z9.951 X179.602 Y80.398 E413.77637
G1 Z9.969 X179.602 Y99.475 E414.4221
G1 Z9.978 X169.775 Y99.475 E414.75474
G1 Z9.979 X169.775 Y100.525 E414.79028
G1 Z9.988 X179.602 Y100.525 E415.12292
G1 Z10.005 X179.602 Y119.602 E415.76865
G1 Z10.041 X140.004 Y119.602 E417.10902
G1 Z10.042 X138.769 Y119.563 E417.15082
G1 Z10.043 X137.543 Y119.447 E417.1925
G1 Z10.044 X136.327 Y119.255 E417.23418
G1 Z10.046 X135.125 Y118.986 E417.27587
G1 Z10.047 X133.943 Y118.643 E417.31755
G1 Z10.048 X132.784 Y118.225 E417.35923
G1 Z10.049 X131.654 Y117.736 E417.40091
G1 Z10.050 X130.557 Y117.177 E417.44259
G1 Z10.051 X129.497 Y116.551 E417.48428
G1 Z10.052 X128.478 Y115.858 E417.52596
G1 Z10.053 X127.529 Y115.122 E417.56661
G1 Z10.055 X126.581 Y114.289 E417.60933
G1 Z10.056 X125.711 Y113.418 E417.651
G1 Z10.057 X124.896 Y112.495 E417.69269
G1 Z10.058 X124.142 Y111.522 E417.73437
G1 Z10.059 X123.449 Y110.503 E417.77605
G1 Z10.060 X122.823 Y109.443 E417.81773
G1 Z10.061 X122.264 Y108.346 E417.85941
G1 Z10.062 X121.775 Y107.216 E417.9011
G1 Z10.064 X121.357 Y106.057 E417.94278
G1 Z10.065 X121.014 Y104.875 E417.98446
G1 Z10.066 X120.745 Y103.673 E418.02614
G1 Z10.067 X120.553 Y102.457 E418.06783
G1 Z10.068 X120.437 Y101.231 E418.10951
G1 Z10.069 X120.399 Y100.03 E418.15016
G1 Z10.070 X120.437 Y98.769 E418.19288
G1 Z10.071 X120.553 Y97.543 E418.23455
G1 Z10.073 X120.745 Y96.327 E418.27624
G1 Z10.074 X121.014 Y95.125 E418.31792
G1 Z10.075 X121.357 Y93.943 E418.3596
G1 Z10.076 X121.775 Y92.784 E418.40128
G1 Z10.077 X122.264 Y91.654 E418.44297
G1 Z10.078 X122.823 Y90.557 E418.48465
G1 Z10.079 X123.449 Y89.497 E418.52633
G1 Z10.080 X123.881 Y88.862 E418.55232
;LAYER_CHANGE
;Z:10.28
;HEIGHT:0.2
G1 Z10.080 F600
G1 F6034
G1 Z10.080 X124.114 Y88.458 E418.56805
G1 Z10.082 X124.87 Y87.483 E418.60981
G1 Z10.083 X125.686 Y86.558 E418.65156
G1 Z10.084 X126.558 Y85.686 E418.69332
G1 Z10.085 X127.483 Y84.87 E418.73507
G1 Z10.086 X128.458 Y84.114 E418.77683
G1 Z10.087 X129.478 Y83.42 E418.81858
G1 Z10.088 X130.54 Y82.792 E418.86034
G1 Z10.089 X131.639 Y82.232 E418.90209
G1 Z10.091 X132.771 Y81.743 E418.94385
G1 Z10.092 X133.932 Y81.325 E418.9856
G1 Z10.093 X135.117 Y80.981 E419.02736
G1 Z10.094 X136.321 Y80.711 E419.06912
G1 Z10.095 X137.539 Y80.518 E419.11087
G1 Z10.096 X138.767 Y80.402 E419.15263
G1 Z10.097 X140.004 Y80.363 E419.1945
G1 Z10.115 X159.475 Y80.363 E419.85359
G1 Z10.124 X159.475 Y90.225 E420.18739
G1 Z10.125 X160.525 Y90.225 E420.22293
G1 Z10.134 X160.525 Y80.363 E420.55673
G1 Z10.151 X179.637 Y80.363 E421.20363
G1 Z10.169 X179.637 Y99.475 E421.85053
G1 Z10.178 X169.775 Y99.475 E422.18433
G1 Z10.179 X169.775 Y100.525 E422.21987
G1 Z10.188 X179.637 Y100.525 E422.55367
G1 Z10.205 X179.637 Y119.637 E423.20058
G1 Z10.241 X140.004 Y119.637 E424.5421
G1 Z10.242 X138.767 Y119.598 E424.58398
G1 Z10.243 X137.539 Y119.482 E424.62574
G1 Z10.244 X136.321 Y119.289 E424.66749
G1 Z10.246 X135.117 Y119.019 E424.70925
G1 Z10.247 X133.932 Y118.675 E424.751
G1 Z10.248 X132.771 Y118.257 E424.79276
G1 Z10.249 X131.639 Y117.768 E424.83451
G1 Z10.250 X130.54 Y117.208 E424.87627
G1 Z10.251 X129.478 Y116.58 E424.91802
G1 Z10.252 X128.458 Y115.886 E424.95978
G1 Z10.253 X127.483 Y115.13 E425.00154
G1 Z10.255 X126.558 Y114.314 E425.04329
G1 Z10.256 X125.686 Y113.442 E425.08505
G1 Z10.257 X124.87 Y112.517 E425.1268
G1 Z10.258 X124.114 Y111.542 E425.16856
G1 Z10.259 X123.42 Y110.522 E425.21031
G1 Z10.260 X122.792 Y109.46 E425.25207
G1 Z10.261 X122.232 Y108.361 E425.29382
G1 Z10.262 X121.743 Y107.229 E425.33558
G1 Z10.264 X121.325 Y106.068 E425.37734
G1 Z10.265 X120.981 Y104.883 E425.41909
G1 Z10.266 X120.711 Y103.679 E425.46085
G1 Z10.267 X120.518 Y102.461 E425.5026
G1 Z10.268 X120.402 Y101.233 E425.54436
G1 Z10.269 X120.364 Y100 E425.58611
G1 Z10.270 X120.402 Y98.767 E425.62787
G1 Z10.271 X120.518 Y97.539 E425.66962
G1 Z10.273 X120.711 Y96.321 E425.71138
G1 Z10.274 X120.981 Y95.117 E425.75313
G1 Z10.275 X121.325 Y93.932 E425.79489
G1 Z10.276 X121.743 Y92.771 E425.83665
G1 Z10.277 X122.232 Y91.639 E425.8784
G1 Z10.278 X122.792 Y90.54 E425.92016
G1 Z10.279 X123.42 Y89.478 E425.96191
G1 Z10.280 X123.853 Y88.842 E425.98794
;LAYER_CHANGE
;Z:10.48
;HEIGHT:0.2
G1 Z10.280 F600
G1 F6039
G1 Z10.280 X124.079 Y88.433 E426.00371
G1 Z10.282 X124.837 Y87.456 E426.04556
G1 Z10.283 X125.654 Y86.529 E426.08741
G1 Z10.284 X126.529 Y85.654 E426.12925
G1 Z10.285 X127.456 Y84.837 E426.1711
G1 Z10.286 X128.433 Y84.079 E426.21295
G1 Z10.287 X129.455 Y83.384 E426.25479
G1 Z10.288 X130.519 Y82.755 E426.29664
G1 Z10.289 X131.621 Y82.194 E426.33849
G1 Z10.291 X132.756 Y81.703 E426.38034
G1 Z10.292 X133.919 Y81.284 E426.42218
G1 Z10.293 X135.106 Y80.939 E426.46403
G1 Z10.294 X136.312 Y80.669 E426.50588
G1 Z10.295 X137.534 Y80.476 E426.54772
G1 Z10.296 X138.764 Y80.359 E426.58957
G1 Z10.297 X140.004 Y80.32 E426.63154
G1 Z10.315 X159.475 Y80.32 E427.29062
G1 Z10.324 X159.475 Y90.225 E427.62588
G1 Z10.325 X160.525 Y90.225 E427.66142
G1 Z10.334 X160.525 Y80.32 E427.99668
G1 Z10.351 X179.68 Y80.32 E428.64504
G1 Z10.369 X179.68 Y99.475 E429.29339
G1 Z10.378 X169.775 Y99.475 E429.62865
G1 Z10.379 X169.775 Y100.525 E429.66419
G1 Z10.388 X179.68 Y100.525 E429.99945
G1 Z10.405 X179.68 Y119.68 E430.64781
G1 Z10.441 X140.004 Y119.68 E431.99079
G1 Z10.442 X138.764 Y119.641 E432.03276
G1 Z10.443 X137.533 Y119.524 E432.07461
G1 Z10.444 X136.312 Y119.331 E432.11645
G1 Z10.446 X135.106 Y119.061 E432.1583
G1 Z10.447 X133.919 Y118.716 E432.20015
G1 Z10.448 X132.756 Y118.297 E432.242
G1 Z10.449 X131.621 Y117.806 E432.28384
G1 Z10.450 X130.519 Y117.245 E432.32569
G1 Z10.451 X129.455 Y116.616 E432.36754
G1 Z10.452 X128.433 Y115.921 E432.40938
G1 Z10.453 X127.456 Y115.163 E432.45123
G1 Z10.455 X126.529 Y114.346 E432.49308
G1 Z10.456 X125.654 Y113.471 E432.53492
G1 Z10.457 X124.837 Y112.544 E432.57677
G1 Z10.458 X124.079 Y111.567 E432.61862
G1 Z10.459 X123.384 Y110.545 E432.66046
G1 Z10.460 X122.755 Y109.481 E432.70231
G1 Z10.461 X122.194 Y108.379 E432.74416
G1 Z10.462 X121.703 Y107.244 E432.78601
G1 Z10.464 X121.284 Y106.081 E432.82785
G1 Z10.465 X120.939 Y104.894 E432.8697
G1 Z10.466 X120.669 Y103.688 E432.91155
G1 Z10.466 X120.58 Y103.122 E432.93093
G1 Z10.467 X120.476 Y102.466 E432.95339
G1 Z10.468 X120.359 Y101.236 E432.99524
G1 Z10.469 X120.321 Y100 E433.03709
G1 Z10.470 X120.359 Y98.764 E433.07893
G1 Z10.471 X120.476 Y97.533 E433.12078
G1 Z10.473 X120.669 Y96.312 E433.16263
G1 Z10.474 X120.939 Y95.106 E433.20448
G1 Z10.474 X121.099 Y94.556 E433.22386
G1 Z10.475 X121.284 Y93.919 E433.24632
G1 Z10.476 X121.703 Y92.756 E433.28817
G1 Z10.477 X122.194 Y91.621 E433.33002
G1 Z10.478 X122.755 Y90.519 E433.37186
G1 Z10.479 X123.384 Y89.455 E433.41371
G1 Z10.480 X123.817 Y88.818 E433.43978
;LAYER_CHANGE
;Z:10.68
;HEIGHT:0.200001
G1 Z10.480 F600
G1 F6045
G1 Z10.480 X124.044 Y88.407 E433.4556
G1 Z10.482 X124.804 Y87.428 E433.49754
G1 Z10.483 X125.623 Y86.499 E433.53948
G1 Z10.484 X126.499 Y85.623 E433.58142
G1 Z10.485 X127.428 Y84.804 E433.62336
G1 Z10.486 X128.407 Y84.044 E433.6653
G1 Z10.487 X129.432 Y83.348 E433.70723
G1 Z10.488 X130.499 Y82.717 E433.74917
G1 Z10.489 X131.603 Y82.155 E433.79111
G1 Z10.491 X132.74 Y81.663 E433.83305
G1 Z10.492 X133.905 Y81.243 E433.87499
G1 Z10.493 X135.095 Y80.897 E433.91693
G1 Z10.494 X136.304 Y80.627 E433.95887
G1 Z10.495 X137.528 Y80.433 E434.0008
G1 Z10.496 X138.762 Y80.316 E434.04274
G1 Z10.497 X140.004 Y80.277 E434.0848
G1 Z10.515 X159.475 Y80.277 E434.74389
G1 Z10.524 X159.475 Y90.225 E435.0806
G1 Z10.525 X160.525 Y90.225 E435.11614
G1 Z10.534 X160.525 Y80.277 E435.45285
G1 Z10.551 X179.723 Y80.277 E436.10267
G1 Z10.569 X179.723 Y99.475 E436.75248
G1 Z10.578 X169.775 Y99.475 E437.0892
G1 Z10.579 X169.775 Y100.525 E437.12474
G1 Z10.588 X179.723 Y100.525 E437.46145
G1 Z10.605 X179.723 Y119.723 E438.11127
G1 Z10.641 X140.004 Y119.723 E439.45571
G1 Z10.642 X138.762 Y119.684 E439.49777
G1 Z10.643 X137.528 Y119.567 E439.53971
G1 Z10.644 X136.304 Y119.373 E439.58164
G1 Z10.646 X135.095 Y119.103 E439.62358
G1 Z10.647 X133.905 Y118.757 E439.66552
G1 Z10.648 X132.74 Y118.337 E439.70746
G1 Z10.649 X131.603 Y117.845 E439.7494
G1 Z10.650 X130.499 Y117.283 E439.79134
G1 Z10.651 X129.432 Y116.652 E439.83328
G1 Z10.652 X128.407 Y115.956 E439.87521
G1 Z10.653 X127.428 Y115.196 E439.91715
G1 Z10.655 X126.499 Y114.377 E439.95909
G1 Z10.656 X125.623 Y113.501 E440.00103
G1 Z10.657 X124.804 Y112.572 E440.04297
G1 Z10.658 X124.044 Y111.593 E440.08491
G1 Z10.659 X123.348 Y110.568 E440.12684
G1 Z10.660 X122.717 Y109.501 E440.16878
G1 Z10.661 X122.155 Y108.397 E440.21072
G1 Z10.662 X121.663 Y107.26 E440.25266
G1 Z10.664 X121.243 Y106.095 E440.2946
G1 Z10.665 X120.897 Y104.905 E440.33654
G1 Z10.666 X120.627 Y103.696 E440.37848
G1 Z10.667 X120.433 Y102.472 E440.42041
G1 Z10.668 X120.316 Y101.238 E440.46235
G1 Z10.669 X120.278 Y100 E440.50429
G1 Z10.670 X120.316 Y98.762 E440.54623
G1 Z10.671 X120.433 Y97.528 E440.58817
G1 Z10.673 X120.627 Y96.304 E440.63011
G1 Z10.674 X120.897 Y95.095 E440.67204
G1 Z10.674 X121.142 Y94.252 E440.70175
G1 Z10.675 X121.243 Y93.905 E440.71398
G1 Z10.676 X121.663 Y92.74 E440.75592
G1 Z10.677 X122.155 Y91.603 E440.79786
G1 Z10.678 X122.717 Y90.499 E440.8398
G1 Z10.679 X123.348 Y89.432 E440.88174
G1 Z10.680 X123.782 Y88.794 E440.90786
;LAYER_CHANGE
;Z:10.88
;HEIGHT:0.2
G1 Z10.680 F600
G1 F6051
G1 Z10.680 X124.009 Y88.382 E440.92372
G1 Z10.682 X124.77 Y87.401 E440.96575
G1 Z10.683 X125.592 Y86.47 E441.00778
G1 Z10.684 X126.47 Y85.592 E441.04981
G1 Z10.685 X127.401 Y84.77 E441.09184
G1 Z10.686 X128.382 Y84.009 E441.13387
G1 Z10.687 X129.409 Y83.311 E441.1759
G1 Z10.688 X130.478 Y82.679 E441.21793
G1 Z10.689 X131.584 Y82.116 E441.25996
G1 Z10.691 X132.724 Y81.623 E441.30199
G1 Z10.692 X133.83 Y81.224 E441.3418
G1 Z10.693 X135.085 Y80.855 E441.38606
G1 Z10.694 X136.296 Y80.585 E441.42808
G1 Z10.695 X137.523 Y80.39 E441.47011
G1 Z10.696 X138.759 Y80.274 E441.51214
G1 Z10.697 X140.004 Y80.234 E441.55429
G1 Z10.715 X159.475 Y80.234 E442.21337
G1 Z10.724 X159.475 Y90.225 E442.55154
G1 Z10.725 X160.525 Y90.225 E442.58708
G1 Z10.734 X160.525 Y80.234 E442.92525
G1 Z10.751 X179.766 Y80.234 E443.57652
G1 Z10.769 X179.766 Y99.475 E444.2278
G1 Z10.778 X169.775 Y99.475 E444.56597
G1 Z10.779 X169.775 Y100.525 E444.60151
G1 Z10.788 X179.766 Y100.525 E444.93968
G1 Z10.805 X179.766 Y119.766 E445.59095
G1 Z10.841 X140.004 Y119.766 E446.93685
G1 Z10.842 X138.759 Y119.726 E446.979
G1 Z10.843 X137.523 Y119.61 E447.02103
G1 Z10.844 X136.296 Y119.415 E447.06306
G1 Z10.846 X135.085 Y119.145 E447.10509
G1 Z10.847 X133.892 Y118.798 E447.14712
G1 Z10.848 X132.724 Y118.377 E447.18915
G1 Z10.849 X131.584 Y117.884 E447.23118
G1 Z10.850 X130.478 Y117.321 E447.27321
G1 Z10.851 X129.409 Y116.689 E447.31524
G1 Z10.852 X128.382 Y115.991 E447.35727
G1 Z10.853 X127.401 Y115.23 E447.3993
G1 Z10.855 X126.47 Y114.408 E447.44133
G1 Z10.856 X125.592 Y113.53 E447.48336
G1 Z10.857 X124.77 Y112.599 E447.52539
G1 Z10.858 X124.009 Y111.618 E447.56742
G1 Z10.859 X123.311 Y110.591 E447.60945
G1 Z10.860 X122.679 Y109.522 E447.65148
G1 Z10.861 X122.116 Y108.416 E447.69351
G1 Z10.862 X121.623 Y107.276 E447.73554
G1 Z10.864 X121.224 Y106.17 E447.77534
G1 Z10.865 X120.855 Y104.915 E447.8196
G1 Z10.866 X120.585 Y103.704 E447.86162
G1 Z10.867 X120.39 Y102.477 E447.90365
G1 Z10.868 X120.274 Y101.241 E447.94568
G1 Z10.869 X120.235 Y100 E447.98771
G1 Z10.870 X120.274 Y98.759 E448.02974
G1 Z10.871 X120.39 Y97.523 E448.07177
G1 Z10.873 X120.585 Y96.296 E448.1138
G1 Z10.874 X120.855 Y95.085 E448.15583
G1 Z10.875 X121.202 Y93.892 E448.19786
G1 Z10.876 X121.623 Y92.724 E448.23989
G1 Z10.877 X122.116 Y91.584 E448.28192
G1 Z10.878 X122.679 Y90.478 E448.32395
G1 Z10.879 X123.311 Y89.409 E448.36598
G1 Z10.880 X123.746 Y88.77 E448.39215
;LAYER_CHANGE
;Z:11.08
;HEIGHT:0.2
G1 Z10.880 F600
G1 F6052
G1 Z10.880 X124.002 Y88.377 E448.40802
G1 Z10.882 X124.763 Y87.395 E448.45007
G1 Z10.883 X125.585 Y86.463 E448.49212
G1 Z10.884 X126.481 Y85.569 E448.53496
G1 Z10.885 X127.395 Y84.763 E448.57622
G1 Z10.886 X128.377 Y84.002 E448.61827
G1 Z10.887 X129.404 Y83.304 E448.66032
G1 Z10.888 X130.473 Y82.671 E448.70237
G1 Z10.889 X131.58 Y82.107 E448.74442
G1 Z10.891 X132.742 Y81.606 E448.78726
G1 Z10.892 X133.889 Y81.193 E448.82852
G1 Z10.893 X135.082 Y80.846 E448.87056
G1 Z10.894 X136.318 Y80.572 E448.91341
G1 Z10.895 X137.522 Y80.381 E448.95467
G1 Z10.896 X138.758 Y80.264 E448.99672
G1 Z10.897 X140.004 Y80.225 E449.03889
G1 Z10.915 X159.475 Y80.225 E449.69797
G1 Z10.924 X159.475 Y90.225 E450.03646
G1 Z10.925 X160.525 Y90.225 E450.072
G1 Z10.934 X160.525 Y80.225 E450.41049
G1 Z10.951 X179.775 Y80.225 E451.06208
G1 Z10.969 X179.775 Y99.475 E451.71367
G1 Z10.978 X169.775 Y99.475 E452.05216
G1 Z10.979 X169.775 Y100.525 E452.0877
G1 Z10.988 X179.775 Y100.525 E452.42619
G1 Z11.005 X179.775 Y119.775 E453.07778
G1 Z11.041 X140.004 Y119.775 E454.42399
G1 Z11.042 X138.758 Y119.736 E454.46616
G1 Z11.043 X137.522 Y119.619 E454.50821
G1 Z11.044 X136.295 Y119.425 E454.55026
G1 Z11.046 X135.082 Y119.154 E454.59231
G1 Z11.047 X133.889 Y118.807 E454.63436
G1 Z11.048 X132.72 Y118.386 E454.67641
G1 Z11.049 X131.58 Y117.893 E454.71846
G1 Z11.050 X130.473 Y117.329 E454.76051
G1 Z11.051 X129.404 Y116.697 E454.80256
G1 Z11.052 X128.358 Y115.984 E454.8454
G1 Z11.053 X127.395 Y115.237 E454.88666
G1 Z11.055 X126.463 Y114.415 E454.92871
G1 Z11.056 X125.585 Y113.537 E454.97076
G1 Z11.057 X124.763 Y112.605 E455.01281
G1 Z11.058 X124.002 Y111.623 E455.05486
G1 Z11.059 X123.304 Y110.596 E455.09691
G1 Z11.060 X122.671 Y109.527 E455.13896
G1 Z11.061 X122.107 Y108.42 E455.18101
G1 Z11.062 X121.606 Y107.258 E455.22385
G1 Z11.064 X121.193 Y106.111 E455.26511
G1 Z11.065 X120.846 Y104.918 E455.30716
G1 Z11.066 X120.575 Y103.705 E455.34921
G1 Z11.067 X120.381 Y102.479 E455.39126
G1 Z11.068 X120.263 Y101.218 E455.4341
G1 Z11.069 X120.225 Y100 E455.47536
G1 Z11.070 X120.264 Y98.758 E455.51741
G1 Z11.071 X120.381 Y97.522 E455.55946
G1 Z11.073 X120.575 Y96.295 E455.60151
G1 Z11.074 X120.846 Y95.082 E455.64356
G1 Z11.075 X121.193 Y93.889 E455.68561
G1 Z11.076 X121.614 Y92.72 E455.72766
G1 Z11.077 X122.107 Y91.58 E455.76971
G1 Z11.078 X122.671 Y90.473 E455.81176
G1 Z11.079 X123.304 Y89.404 E455.85381
G1 Z11.080 X123.738 Y88.765 E455.87998
;LAYER_CHANGE
;Z:11.28
;HEIGHT:0.2
G1 Z11.080 F600
G1 F6052
G1 Z11.080 X124.002 Y88.377 E455.89586
G1 Z11.082 X124.763 Y87.395 E455.93791
G1 Z11.083 X125.585 Y86.463 E455.97996
G1 Z11.084 X126.463 Y85.585 E456.02201
G1 Z11.085 X127.395 Y84.763 E456.06406
G1 Z11.086 X128.377 Y84.002 E456.10611
G1 Z11.087 X129.404 Y83.304 E456.14816
G1 Z11.088 X130.473 Y82.671 E456.19021
G1 Z11.089 X131.58 Y82.107 E456.23225
G1 Z11.091 X132.771 Y81.596 E456.27611
G1 Z11.092 X133.889 Y81.193 E456.31635
G1 Z11.093 X135.082 Y80.846 E456.3584
G1 Z11.094 X136.295 Y80.575 E456.40045
G1 Z11.095 X137.522 Y80.381 E456.4425
G1 Z11.096 X138.758 Y80.264 E456.48455
G1 Z11.097 X140.004 Y80.225 E456.52672
G1 Z11.115 X159.475 Y80.225 E457.18581
G1 Z11.124 X159.475 Y90.225 E457.5243
G1 Z11.125 X160.525 Y90.225 E457.55984
G1 Z11.134 X160.525 Y80.225 E457.89833
G1 Z11.151 X179.775 Y80.225 E458.54992
G1 Z11.169 X179.775 Y99.475 E459.20151
G1 Z11.178 X169.775 Y99.475 E459.53999
G1 Z11.179 X169.775 Y100.525 E459.57554
G1 Z11.188 X179.775 Y100.525 E459.91402
G1 Z11.205 X179.775 Y119.775 E460.56561
G1 Z11.241 X140.004 Y119.775 E461.91182
G1 Z11.242 X138.705 Y119.731 E461.9558
G1 Z11.243 X137.522 Y119.619 E461.99605
G1 Z11.244 X136.295 Y119.425 E462.0381
G1 Z11.246 X135.082 Y119.154 E462.08015
G1 Z11.247 X133.889 Y118.807 E462.12219
G1 Z11.248 X132.671 Y118.365 E462.16605
G1 Z11.249 X131.58 Y117.893 E462.20629
G1 Z11.250 X130.473 Y117.329 E462.24834
G1 Z11.251 X129.404 Y116.696 E462.29039
G1 Z11.252 X128.377 Y115.998 E462.33244
G1 Z11.253 X127.395 Y115.237 E462.37449
G1 Z11.255 X126.463 Y114.415 E462.41654
G1 Z11.256 X125.585 Y113.537 E462.45859
G1 Z11.257 X124.763 Y112.605 E462.50064
G1 Z11.258 X124.002 Y111.623 E462.54269
G1 Z11.259 X123.304 Y110.596 E462.58474
G1 Z11.260 X122.671 Y109.527 E462.62679
G1 Z11.261 X122.107 Y108.42 E462.66883
G1 Z11.263 X121.596 Y107.229 E462.71269
G1 Z11.264 X121.193 Y106.111 E462.75294
G1 Z11.265 X120.846 Y104.918 E462.79499
G1 Z11.266 X120.575 Y103.705 E462.83704
G1 Z11.267 X120.381 Y102.478 E462.87909
G1 Z11.268 X120.264 Y101.242 E462.92114
G1 Z11.269 X120.225 Y100 E462.96319
G1 Z11.270 X120.264 Y98.758 E463.00524
G1 Z11.271 X120.381 Y97.522 E463.04729
G1 Z11.273 X120.575 Y96.295 E463.08934
G1 Z11.274 X120.846 Y95.082 E463.13139
G1 Z11.275 X121.193 Y93.889 E463.17343
G1 Z11.276 X121.635 Y92.671 E463.21729
G1 Z11.277 X122.107 Y91.58 E463.25754
G1 Z11.278 X122.671 Y90.474 E463.29958
G1 Z11.279 X123.333 Y89.36 E463.34344
G1 Z11.280 X123.738 Y88.765 E463.36781
;LAYER_CHANGE
;Z:11.48
;HEIGHT:0.2
G1 Z11.280 F600
G1 F6052
G1 Z11.280 X124.002 Y88.377 E463.38368
G1 Z11.282 X124.763 Y87.395 E463.42573
G1 Z11.283 X125.585 Y86.463 E463.46778
G1 Z11.284 X126.463 Y85.585 E463.50983
G1 Z11.285 X127.395 Y84.763 E463.55188
G1 Z11.286 X128.376 Y84.002 E463.59392
G1 Z11.287 X129.476 Y83.261 E463.63879
G1 Z11.288 X130.473 Y82.671 E463.67803
G1 Z11.289 X131.58 Y82.107 E463.72008
G1 Z11.291 X132.72 Y81.614 E463.76213
G1 Z11.292 X133.889 Y81.193 E463.80418
G1 Z11.293 X135.082 Y80.846 E463.84623
G1 Z11.294 X136.295 Y80.575 E463.88828
G1 Z11.295 X137.522 Y80.381 E463.93033
G1 Z11.296 X138.758 Y80.264 E463.97238
G1 Z11.297 X140.004 Y80.225 E464.01455
G1 Z11.315 X159.475 Y80.225 E464.67363
G1 Z11.324 X159.475 Y90.225 E465.01212
G1 Z11.325 X160.525 Y90.225 E465.04766
G1 Z11.334 X160.525 Y80.225 E465.38615
G1 Z11.351 X179.775 Y80.225 E466.03774
G1 Z11.369 X179.775 Y99.475 E466.68933
G1 Z11.378 X169.775 Y99.475 E467.02782
G1 Z11.379 X169.775 Y100.525 E467.06336
G1 Z11.388 X179.775 Y100.525 E467.40185
G1 Z11.405 X179.775 Y119.775 E468.05344
G1 Z11.441 X140.004 Y119.775 E469.39965
G1 Z11.442 X138.758 Y119.736 E469.44182
G1 Z11.443 X137.522 Y119.619 E469.48387
G1 Z11.444 X136.295 Y119.425 E469.52592
G1 Z11.446 X135.082 Y119.154 E469.56797
G1 Z11.447 X133.889 Y118.807 E469.61002
G1 Z11.448 X132.72 Y118.386 E469.65207
G1 Z11.449 X131.58 Y117.893 E469.69412
G1 Z11.450 X130.473 Y117.329 E469.73617
G1 Z11.451 X129.404 Y116.696 E469.77822
G1 Z11.452 X128.377 Y115.998 E469.82027
G1 Z11.453 X127.395 Y115.237 E469.86232
G1 Z11.455 X126.463 Y114.415 E469.90437
G1 Z11.456 X125.585 Y113.537 E469.94642
G1 Z11.457 X124.763 Y112.605 E469.98847
G1 Z11.458 X124.002 Y111.623 E470.03052
G1 Z11.459 X123.304 Y110.596 E470.07257
G1 Z11.460 X122.671 Y109.527 E470.11462
G1 Z11.461 X122.107 Y108.42 E470.15667
G1 Z11.462 X121.614 Y107.28 E470.19872
G1 Z11.464 X121.193 Y106.111 E470.24077
G1 Z11.465 X120.846 Y104.918 E470.28282
G1 Z11.466 X120.575 Y103.705 E470.32487
G1 Z11.467 X120.381 Y102.478 E470.36692
G1 Z11.468 X120.264 Y101.242 E470.40897
G1 Z11.469 X120.225 Y100 E470.45102
G1 Z11.470 X120.264 Y98.758 E470.49307
G1 Z11.471 X120.381 Y97.522 E470.53512
G1 Z11.473 X120.575 Y96.295 E470.57717
G1 Z11.474 X120.846 Y95.082 E470.61922
G1 Z11.475 X121.193 Y93.889 E470.66127
G1 Z11.476 X121.614 Y92.72 E470.70332
G1 Z11.477 X122.107 Y91.58 E470.74537
G1 Z11.478 X122.671 Y90.473 E470.78742
G1 Z11.479 X123.304 Y89.404 E470.82947
G1 Z11.480 X123.738 Y88.765 E470.85565
;LAYER_CHANGE
;Z:11.68
;HEIGHT:0.200001
G1 Z11.480 F600
G1 F6052
G1 Z11.480 X124.002 Y88.377 E470.87152
G1 Z11.482 X124.763 Y87.395 E470.91357
G1 Z11.483 X125.585 Y86.463 E470.95562
G1 Z11.484 X126.463 Y85.585 E470.99767
G1 Z11.485 X127.395 Y84.763 E471.03972
G1 Z11.486 X128.377 Y84.002 E471.08177
G1 Z11.487 X129.404 Y83.304 E471.12382
G1 Z11.488 X130.473 Y82.671 E471.16587
G1 Z11.489 X131.58 Y82.107 E471.20792
G1 Z11.491 X132.72 Y81.614 E471.24997
G1 Z11.492 X133.889 Y81.193 E471.29202
G1 Z11.493 X135.082 Y80.846 E471.33407
G1 Z11.494 X136.295 Y80.575 E471.37612
G1 Z11.495 X137.522 Y80.381 E471.41817
G1 Z11.496 X138.758 Y80.264 E471.46022
G1 Z11.497 X140.004 Y80.225 E471.50239
G1 Z11.515 X159.475 Y80.225 E472.16148
G1 Z11.524 X159.475 Y90.225 E472.49997
G1 Z11.525 X160.525 Y90.225 E472.53551
G1 Z11.534 X160.525 Y80.225 E472.874
G1 Z11.551 X179.775 Y80.225 E473.52558
G1 Z11.569 X179.775 Y99.475 E474.17717
G1 Z11.578 X169.775 Y99.475 E474.51566
G1 Z11.579 X169.775 Y100.525 E474.5512
G1 Z11.588 X179.775 Y100.525 E474.88969
G1 Z11.605 X179.775 Y119.775 E475.54128
G1 Z11.641 X140.004 Y119.775 E476.88748
G1 Z11.642 X138.646 Y119.725 E476.93349
G1 Z11.643 X137.522 Y119.619 E476.97171
G1 Z11.644 X136.295 Y119.425 E477.01376
G1 Z11.646 X135.082 Y119.154 E477.05581
G1 Z11.647 X133.889 Y118.807 E477.09786
G1 Z11.648 X132.72 Y118.386 E477.13991
G1 Z11.649 X131.58 Y117.893 E477.18196
G1 Z11.650 X130.473 Y117.329 E477.22401
G1 Z11.651 X129.405 Y116.697 E477.26604
G1 Z11.652 X128.287 Y115.929 E477.31193
G1 Z11.653 X127.395 Y115.237 E477.35015
G1 Z11.655 X126.463 Y114.415 E477.3922
G1 Z11.656 X125.585 Y113.537 E477.43425
G1 Z11.657 X124.763 Y112.605 E477.4763
G1 Z11.658 X124.002 Y111.623 E477.51835
G1 Z11.659 X123.304 Y110.596 E477.5604
G1 Z11.660 X122.671 Y109.527 E477.60245
G1 Z11.661 X122.107 Y108.42 E477.6445
G1 Z11.662 X121.614 Y107.28 E477.68655
G1 Z11.664 X121.193 Y106.111 E477.7286
G1 Z11.665 X120.846 Y104.918 E477.77065
G1 Z11.666 X120.575 Y103.705 E477.8127
G1 Z11.667 X120.381 Y102.479 E477.85473
G1 Z11.668 X120.261 Y101.129 E477.90063
G1 Z11.669 X120.225 Y100 E477.93885
G1 Z11.670 X120.264 Y98.758 E477.9809
G1 Z11.671 X120.381 Y97.522 E478.02295
G1 Z11.673 X120.575 Y96.295 E478.065
G1 Z11.674 X120.846 Y95.082 E478.10705
G1 Z11.675 X121.193 Y93.889 E478.1491
G1 Z11.676 X121.614 Y92.721 E478.19113
G1 Z11.677 X122.159 Y91.479 E478.23702
G1 Z11.678 X122.671 Y90.473 E478.27524
G1 Z11.679 X123.304 Y89.404 E478.31729
G1 Z11.680 X123.738 Y88.765 E478.34346
;LAYER_CHANGE
;Z:11.88
;HEIGHT:0.2
G1 Z11.680 F600
G1 F6052
G1 Z11.680 X124.002 Y88.377 E478.35934
G1 Z11.682 X124.763 Y87.395 E478.40139
G1 Z11.683 X125.585 Y86.463 E478.44344
G1 Z11.684 X126.463 Y85.585 E478.48549
G1 Z11.685 X127.395 Y84.763 E478.52754
G1 Z11.686 X128.377 Y84.002 E478.56959
G1 Z11.687 X129.404 Y83.304 E478.61164
G1 Z11.688 X130.473 Y82.671 E478.65369
G1 Z11.689 X131.58 Y82.107 E478.69574
G1 Z11.691 X132.72 Y81.614 E478.73779
G1 Z11.692 X133.889 Y81.193 E478.77984
G1 Z11.693 X135.082 Y80.846 E478.82189
G1 Z11.694 X136.295 Y80.575 E478.86394
G1 Z11.695 X137.522 Y80.381 E478.90599
G1 Z11.696 X138.758 Y80.264 E478.94804
G1 Z11.697 X140.004 Y80.225 E478.99021
G1 Z11.715 X159.475 Y80.225 E479.6493
G1 Z11.724 X159.475 Y90.225 E479.98778
G1 Z11.725 X160.525 Y90.225 E480.02332
G1 Z11.734 X160.525 Y80.225 E480.36181
G1 Z11.751 X179.775 Y80.225 E481.0134
G1 Z11.769 X179.775 Y99.475 E481.66499
G1 Z11.778 X169.775 Y99.475 E482.00348
G1 Z11.779 X169.775 Y100.525 E482.03902
G1 Z11.788 X179.775 Y100.525 E482.37751
G1 Z11.805 X179.775 Y119.775 E483.0291
G1 Z11.841 X140.004 Y119.775 E484.37529
G1 Z11.842 X138.616 Y119.722 E484.42232
G1 Z11.843 X137.522 Y119.619 E484.45953
G1 Z11.844 X136.295 Y119.425 E484.50158
G1 Z11.846 X135.082 Y119.154 E484.54363
G1 Z11.847 X133.889 Y118.807 E484.58568
G1 Z11.848 X132.72 Y118.386 E484.62773
G1 Z11.849 X131.58 Y117.893 E484.66978
G1 Z11.850 X130.473 Y117.329 E484.71183
G1 Z11.851 X129.404 Y116.696 E484.75388
G1 Z11.852 X128.377 Y115.998 E484.79593
G1 Z11.853 X127.395 Y115.237 E484.83798
G1 Z11.855 X126.463 Y114.415 E484.88003
G1 Z11.856 X125.585 Y113.537 E484.92208
G1 Z11.857 X124.763 Y112.605 E484.96413
G1 Z11.858 X124.002 Y111.623 E485.00618
G1 Z11.859 X123.304 Y110.596 E485.04823
G1 Z11.860 X122.671 Y109.527 E485.09028
G1 Z11.861 X122.107 Y108.42 E485.13233
G1 Z11.862 X121.614 Y107.28 E485.17438
G1 Z11.864 X121.193 Y106.111 E485.21643
G1 Z11.865 X120.846 Y104.918 E485.25848
G1 Z11.866 X120.575 Y103.705 E485.30053
G1 Z11.867 X120.381 Y102.478 E485.34258
G1 Z11.868 X120.264 Y101.242 E485.38463
G1 Z11.869 X120.225 Y100 E485.42668
G1 Z11.870 X120.264 Y98.758 E485.46873
G1 Z11.871 X120.381 Y97.522 E485.51078
G1 Z11.873 X120.575 Y96.295 E485.55283
G1 Z11.874 X120.846 Y95.082 E485.59488
G1 Z11.875 X121.193 Y93.889 E485.63693
G1 Z11.876 X121.614 Y92.72 E485.67898
G1 Z11.877 X122.107 Y91.58 E485.72103
G1 Z11.878 X122.671 Y90.473 E485.76308
G1 Z11.879 X123.304 Y89.404 E485.80513
G1 Z11.880 X123.738 Y88.765 E485.8313
;LAYER_CHANGE
;Z:12.08
;HEIGHT:0.2
G1 Z11.880 F600
G1 F6052
G1 Z11.880 X124.002 Y88.377 E485.84718
G1 Z11.882 X124.763 Y87.395 E485.88923
G1 Z11.883 X125.585 Y86.463 E485.93128
G1 Z11.884 X126.463 Y85.585 E485.97333
G1 Z11.885 X127.395 Y84.763 E486.01538
G1 Z11.886 X128.377 Y84.002 E486.05743
G1 Z11.887 X129.404 Y83.304 E486.09948
G1 Z11.888 X130.473 Y82.671 E486.14153
G1 Z11.889 X131.58 Y82.107 E486.18358
G1 Z11.891 X132.72 Y81.614 E486.22563
G1 Z11.892 X133.889 Y81.193 E486.26768
G1 Z11.893 X135.082 Y80.846 E486.30973
G1 Z11.894 X136.295 Y80.575 E486.35178
G1 Z11.895 X137.522 Y80.381 E486.39383
G1 Z11.896 X138.758 Y80.264 E486.43588
G1 Z11.897 X140.004 Y80.225 E486.47805
G1 Z11.915 X159.475 Y80.225 E487.13713
G1 Z11.924 X159.475 Y90.225 E487.47562
G1 Z11.925 X160.525 Y90.225 E487.51116
G1 Z11.934 X160.525 Y80.225 E487.84965
G1 Z11.951 X179.775 Y80.225 E488.50124
G1 Z11.969 X179.775 Y99.475 E489.15283
G1 Z11.978 X169.775 Y99.475 E489.49132
G1 Z11.979 X169.775 Y100.525 E489.52686
G1 Z11.988 X179.775 Y100.525 E489.86535
G1 Z12.005 X179.775 Y119.775 E490.51694
G1 Z12.041 X140.004 Y119.775 E491.86312
G1 Z12.042 X138.586 Y119.72 E491.91117
G1 Z12.043 X137.522 Y119.619 E491.94736
G1 Z12.044 X136.295 Y119.425 E491.98941
G1 Z12.046 X135.082 Y119.154 E492.03146
G1 Z12.047 X133.889 Y118.807 E492.07351
G1 Z12.048 X132.72 Y118.386 E492.11556
G1 Z12.049 X131.58 Y117.893 E492.15761
G1 Z12.050 X130.473 Y117.329 E492.19966
G1 Z12.051 X129.405 Y116.697 E492.24168
G1 Z12.053 X128.24 Y115.892 E492.28961
G1 Z12.053 X127.395 Y115.237 E492.3258
G1 Z12.055 X126.463 Y114.415 E492.36785
G1 Z12.056 X125.585 Y113.537 E492.4099
G1 Z12.057 X124.763 Y112.605 E492.45195
G1 Z12.058 X124.002 Y111.623 E492.494
G1 Z12.059 X123.304 Y110.596 E492.53605
G1 Z12.060 X122.671 Y109.527 E492.5781
G1 Z12.061 X122.107 Y108.42 E492.62015
G1 Z12.062 X121.614 Y107.28 E492.6622
G1 Z12.064 X121.193 Y106.111 E492.70425
G1 Z12.065 X120.846 Y104.918 E492.7463
G1 Z12.066 X120.575 Y103.705 E492.78835
G1 Z12.067 X120.381 Y102.479 E492.83037
G1 Z12.068 X120.259 Y101.069 E492.8783
G1 Z12.069 X120.225 Y100 E492.91449
G1 Z12.070 X120.264 Y98.758 E492.95654
G1 Z12.071 X120.381 Y97.522 E492.99859
G1 Z12.073 X120.575 Y96.295 E493.04064
G1 Z12.074 X120.846 Y95.082 E493.08269
G1 Z12.075 X121.193 Y93.889 E493.12474
G1 Z12.076 X121.614 Y92.72 E493.16679
G1 Z12.077 X122.107 Y91.58 E493.20884
G1 Z12.078 X122.671 Y90.473 E493.25089
G1 Z12.079 X123.304 Y89.404 E493.29294
G1 Z12.080 X123.738 Y88.765 E493.31912
;LAYER_CHANGE
;Z:12.28
;HEIGHT:0.2
G1 Z12.080 F600
G1 F6052
G1 Z12.080 X124.002 Y88.377 E493.33499
G1 Z12.082 X124.763 Y87.395 E493.37704
G1 Z12.083 X125.584 Y86.464 E493.41906
G1 Z12.084 X126.615 Y85.45 E493.468
G1 Z12.085 X127.395 Y84.763 E493.50318
G1 Z12.086 X128.377 Y84.002 E493.54523
G1 Z12.087 X129.404 Y83.304 E493.58728
G1 Z12.088 X130.473 Y82.671 E493.62933
G1 Z12.089 X131.58 Y82.107 E493.67138
G1 Z12.091 X132.72 Y81.614 E493.71343
G1 Z12.092 X133.889 Y81.193 E493.75548
G1 Z12.093 X135.082 Y80.846 E493.79753
G1 Z12.094 X136.295 Y80.575 E493.83958
G1 Z12.095 X137.522 Y80.381 E493.88163
G1 Z12.096 X138.758 Y80.264 E493.92368
G1 Z12.097 X140.004 Y80.225 E493.96585
G1 Z12.115 X159.475 Y80.225 E494.62493
G1 Z12.124 X159.475 Y90.225 E494.96342
G1 Z12.125 X160.525 Y90.225 E494.99896
G1 Z12.134 X160.525 Y80.225 E495.33745
G1 Z12.151 X179.775 Y80.225 E495.98904
G1 Z12.169 X179.775 Y99.475 E496.64063
G1 Z12.178 X169.775 Y99.475 E496.97912
G1 Z12.179 X169.775 Y100.525 E497.01466
G1 Z12.188 X179.775 Y100.525 E497.35315
G1 Z12.205 X179.775 Y119.775 E498.00474
G1 Z12.241 X140.005 Y119.775 E499.35092
G1 Z12.242 X138.556 Y119.717 E499.39999
G1 Z12.243 X137.522 Y119.619 E499.43516
G1 Z12.244 X136.295 Y119.425 E499.47721
G1 Z12.246 X135.082 Y119.154 E499.51926
G1 Z12.247 X133.889 Y118.807 E499.56131
G1 Z12.248 X132.72 Y118.386 E499.60336
G1 Z12.249 X131.58 Y117.893 E499.64541
G1 Z12.250 X130.473 Y117.329 E499.68746
G1 Z12.251 X129.404 Y116.696 E499.72951
G1 Z12.252 X128.377 Y115.998 E499.77156
G1 Z12.253 X127.395 Y115.237 E499.81361
G1 Z12.255 X126.463 Y114.415 E499.85566
G1 Z12.256 X125.585 Y113.537 E499.89771
G1 Z12.257 X124.763 Y112.605 E499.93976
G1 Z12.258 X124.002 Y111.623 E499.98181
G1 Z12.259 X123.304 Y110.596 E500.02386
G1 Z12.260 X122.671 Y109.527 E500.06591
G1 Z12.261 X122.107 Y108.42 E500.10796
G1 Z12.262 X121.614 Y107.28 E500.15001
G1 Z12.264 X121.193 Y106.111 E500.19206
G1 Z12.265 X120.846 Y104.918 E500.23411
G1 Z12.266 X120.575 Y103.705 E500.27616
G1 Z12.267 X120.381 Y102.478 E500.31821
G1 Z12.268 X120.264 Y101.242 E500.36026
G1 Z12.269 X120.225 Y100 E500.40231
G1 Z12.270 X120.264 Y98.758 E500.44436
G1 Z12.271 X120.381 Y97.522 E500.48641
G1 Z12.273 X120.575 Y96.295 E500.52846
G1 Z12.274 X120.846 Y95.082 E500.57051
G1 Z12.275 X121.193 Y93.889 E500.61256
G1 Z12.276 X121.614 Y92.72 E500.65461
G1 Z12.277 X122.107 Y91.58 E500.69666
G1 Z12.278 X122.671 Y90.473 E500.73871
G1 Z12.279 X123.304 Y89.404 E500.78076
G1 Z12.280 X123.738 Y88.765 E500.80694
;LAYER_CHANGE
;Z:12.48
;HEIGHT:0.2
G1 Z12.280 F600
G1 F6052
G1 Z12.280 X124.002 Y88.377 E500.82281
G1 Z12.282 X124.763 Y87.395 E500.86486
G1 Z12.283 X125.585 Y86.463 E500.90691
G1 Z12.284 X126.463 Y85.585 E500.94896
G1 Z12.285 X127.395 Y84.763 E500.99101
G1 Z12.286 X128.377 Y84.002 E501.03306
G1 Z12.287 X129.404 Y83.304 E501.07511
G1 Z12.288 X130.473 Y82.671 E501.11716
G1 Z12.289 X131.58 Y82.107 E501.15921
G1 Z12.291 X132.72 Y81.614 E501.20126
G1 Z12.292 X133.889 Y81.193 E501.24331
G1 Z12.293 X135.082 Y80.846 E501.28536
G1 Z12.294 X136.295 Y80.575 E501.32741
G1 Z12.295 X137.522 Y80.381 E501.36946
G1 Z12.296 X138.758 Y80.264 E501.41151
G1 Z12.297 X140.004 Y80.225 E501.45368
G1 Z12.315 X159.475 Y80.225 E502.11277
G1 Z12.324 X159.475 Y90.225 E502.45126
G1 Z12.325 X160.525 Y90.225 E502.4868
G1 Z12.334 X160.525 Y80.225 E502.82529
G1 Z12.351 X179.775 Y80.225 E503.47688
G1 Z12.369 X179.775 Y99.475 E504.12846
G1 Z12.378 X169.775 Y99.475 E504.46695
G1 Z12.379 X169.775 Y100.525 E504.50249
G1 Z12.388 X179.775 Y100.525 E504.84098
G1 Z12.405 X179.775 Y119.775 E505.49257
G1 Z12.441 X140.004 Y119.775 E506.83879
G1 Z12.442 X138.758 Y119.736 E506.88096
G1 Z12.443 X137.522 Y119.619 E506.92301
G1 Z12.444 X136.295 Y119.425 E506.96506
G1 Z12.446 X135.082 Y119.154 E507.00711
G1 Z12.447 X133.889 Y118.807 E507.04916
G1 Z12.448 X132.72 Y118.386 E507.09121
G1 Z12.449 X131.58 Y117.893 E507.13326
G1 Z12.450 X130.473 Y117.329 E507.17531
G1 Z12.451 X129.405 Y116.697 E507.21732
G1 Z12.453 X128.193 Y115.855 E507.26728
G1 Z12.453 X127.395 Y115.237 E507.30145
G1 Z12.455 X126.463 Y114.415 E507.3435
G1 Z12.456 X125.585 Y113.537 E507.38555
G1 Z12.457 X124.763 Y112.605 E507.42759
G1 Z12.458 X124.002 Y111.623 E507.46965
G1 Z12.459 X123.304 Y110.596 E507.5117
G1 Z12.460 X122.671 Y109.527 E507.55374
G1 Z12.461 X122.107 Y108.42 E507.5958
G1 Z12.462 X121.614 Y107.28 E507.63784
G1 Z12.464 X121.193 Y106.111 E507.6799
G1 Z12.465 X120.846 Y104.918 E507.72194
G1 Z12.466 X120.575 Y103.705 E507.764
G1 Z12.467 X120.381 Y102.478 E507.80604
G1 Z12.468 X120.264 Y101.242 E507.8481
G1 Z12.469 X120.225 Y100 E507.89015
G1 Z12.470 X120.264 Y98.758 E507.9322
G1 Z12.471 X120.381 Y97.522 E507.97424
G1 Z12.473 X120.575 Y96.295 E508.01629
G1 Z12.474 X120.846 Y95.082 E508.05835
G1 Z12.475 X121.193 Y93.889 E508.10039
G1 Z12.476 X121.614 Y92.72 E508.14245
G1 Z12.477 X122.107 Y91.58 E508.18449
G1 Z12.478 X122.671 Y90.473 E508.22655
G1 Z12.479 X123.304 Y89.404 E508.26859
G1 Z12.480 X123.738 Y88.765 E508.29477
;LAYER_CHANGE
;Z:12.68
;HEIGHT:0.200001
G1 Z12.480 F600
G1 F6052
G1 Z12.480 X124.002 Y88.377 E508.31064
G1 Z12.482 X124.763 Y87.395 E508.3527
G1 Z12.483 X125.585 Y86.463 E508.39474
G1 Z12.484 X126.463 Y85.585 E508.43679
G1 Z12.485 X127.395 Y84.763 E508.47884
G1 Z12.486 X128.377 Y84.002 E508.5209
G1 Z12.487 X129.404 Y83.304 E508.56294
G1 Z12.488 X130.473 Y82.671 E508.60499
G1 Z12.489 X131.58 Y82.107 E508.64705
G1 Z12.491 X132.72 Y81.614 E508.68909
G1 Z12.492 X133.889 Y81.193 E508.73115
G1 Z12.493 X135.082 Y80.846 E508.77319
G1 Z12.494 X136.295 Y80.575 E508.81524
G1 Z12.495 X137.522 Y80.381 E508.85729
G1 Z12.496 X138.758 Y80.264 E508.89934
G1 Z12.497 X140.004 Y80.225 E508.94152
G1 Z12.515 X159.475 Y80.225 E509.6006
G1 Z12.524 X159.475 Y90.225 E509.93909
G1 Z12.525 X160.525 Y90.225 E509.97463
G1 Z12.534 X160.525 Y80.225 E510.31312
G1 Z12.551 X179.775 Y80.225 E510.96471
G1 Z12.569 X179.775 Y99.475 E511.6163
G1 Z12.578 X169.775 Y99.475 E511.95479
G1 Z12.579 X169.775 Y100.525 E511.99033
G1 Z12.588 X179.775 Y100.525 E512.32881
G1 Z12.605 X179.775 Y119.775 E512.9804
G1 Z12.641 X140.004 Y119.775 E514.32662
G1 Z12.642 X138.758 Y119.736 E514.36879
G1 Z12.643 X137.522 Y119.619 E514.41084
G1 Z12.644 X136.295 Y119.425 E514.45289
G1 Z12.646 X135.082 Y119.154 E514.49494
G1 Z12.647 X133.889 Y118.807 E514.53699
G1 Z12.648 X132.72 Y118.386 E514.57904
G1 Z12.649 X131.58 Y117.893 E514.62109
G1 Z12.650 X130.473 Y117.329 E514.66314
G1 Z12.651 X129.404 Y116.696 E514.70519
G1 Z12.652 X128.377 Y115.998 E514.74724
G1 Z12.653 X127.395 Y115.237 E514.78929
G1 Z12.655 X126.463 Y114.415 E514.83134
G1 Z12.656 X125.585 Y113.537 E514.87339
G1 Z12.657 X124.763 Y112.605 E514.91544
G1 Z12.658 X124.002 Y111.623 E514.95749
G1 Z12.659 X123.304 Y110.596 E514.99954
G1 Z12.660 X122.671 Y109.527 E515.04159
G1 Z12.661 X122.107 Y108.42 E515.08364
G1 Z12.662 X121.614 Y107.28 E515.12569
G1 Z12.664 X121.193 Y106.111 E515.16774
G1 Z12.665 X120.846 Y104.918 E515.20979
G1 Z12.666 X120.575 Y103.705 E515.25184
G1 Z12.667 X120.381 Y102.478 E515.29389
G1 Z12.668 X120.264 Y101.242 E515.33594
G1 Z12.669 X120.225 Y100 E515.37799
G1 Z12.670 X120.264 Y98.758 E515.42004
G1 Z12.671 X120.381 Y97.522 E515.46209
G1 Z12.673 X120.575 Y96.295 E515.50414
G1 Z12.674 X120.846 Y95.082 E515.54619
G1 Z12.675 X121.193 Y93.889 E515.58824
G1 Z12.676 X121.614 Y92.72 E515.63029
G1 Z12.677 X122.107 Y91.58 E515.67234
G1 Z12.678 X122.671 Y90.473 E515.71439
G1 Z12.679 X123.304 Y89.404 E515.75644
G1 Z12.680 X123.738 Y88.765 E515.78262
;LAYER_CHANGE
;Z:12.88
;HEIGHT:0.2
G1 Z12.680 F600
G1 F6052
G1 Z12.680 X124.002 Y88.377 E515.79849
G1 Z12.682 X124.763 Y87.395 E515.84054
G1 Z12.683 X125.585 Y86.463 E515.88259
G1 Z12.684 X126.463 Y85.585 E515.92464
G1 Z12.685 X127.395 Y84.763 E515.96669
G1 Z12.686 X128.377 Y84.002 E516.00874
G1 Z12.687 X129.404 Y83.304 E516.05079
G1 Z12.688 X130.473 Y82.671 E516.09284
G1 Z12.689 X131.58 Y82.107 E516.13489
G1 Z12.691 X132.72 Y81.614 E516.17694
G1 Z12.692 X133.889 Y81.193 E516.21899
G1 Z12.693 X135.082 Y80.846 E516.26104
G1 Z12.694 X136.295 Y80.575 E516.30309
G1 Z12.695 X137.522 Y80.381 E516.34514
G1 Z12.696 X138.758 Y80.264 E516.38719
G1 Z12.697 X140.004 Y80.225 E516.42936
G1 Z12.715 X159.475 Y80.225 E517.08845
G1 Z12.724 X159.475 Y90.225 E517.42693
G1 Z12.725 X160.525 Y90.225 E517.46247
G1 Z12.734 X160.525 Y80.225 E517.80096
G1 Z12.751 X179.775 Y80.225 E518.45255
G1 Z12.769 X179.775 Y99.475 E519.10414
G1 Z12.778 X169.775 Y99.475 E519.44263
G1 Z12.779 X169.775 Y100.525 E519.47817
G1 Z12.788 X179.775 Y100.525 E519.81666
G1 Z12.805 X179.775 Y119.775 E520.46825
G1 Z12.841 X140.004 Y119.775 E521.81446
G1 Z12.842 X138.758 Y119.736 E521.85664
G1 Z12.843 X137.522 Y119.619 E521.89869
G1 Z12.844 X136.295 Y119.425 E521.94074
G1 Z12.846 X135.082 Y119.154 E521.98279
G1 Z12.847 X133.889 Y118.807 E522.02484
G1 Z12.848 X132.72 Y118.386 E522.06689
G1 Z12.849 X131.58 Y117.893 E522.10894
G1 Z12.850 X130.473 Y117.329 E522.15099
G1 Z12.851 X129.404 Y116.696 E522.19304
G1 Z12.852 X128.377 Y115.998 E522.23509
G1 Z12.853 X127.395 Y115.237 E522.27714
G1 Z12.855 X126.463 Y114.415 E522.31919
G1 Z12.856 X125.585 Y113.537 E522.36124
G1 Z12.857 X124.763 Y112.605 E522.40329
G1 Z12.858 X124.002 Y111.623 E522.44534
G1 Z12.859 X123.304 Y110.596 E522.48739
G1 Z12.860 X122.671 Y109.527 E522.52944
G1 Z12.861 X122.107 Y108.42 E522.57149
G1 Z12.862 X121.614 Y107.28 E522.61354
G1 Z12.864 X121.193 Y106.111 E522.65559
G1 Z12.865 X120.846 Y104.918 E522.69764
G1 Z12.866 X120.575 Y103.705 E522.73969
G1 Z12.867 X120.381 Y102.478 E522.78174
G1 Z12.868 X120.264 Y101.242 E522.82379
G1 Z12.869 X120.225 Y100 E522.86584
G1 Z12.870 X120.264 Y98.758 E522.90789
G1 Z12.871 X120.381 Y97.522 E522.94994
G1 Z12.873 X120.575 Y96.295 E522.99199
G1 Z12.874 X120.846 Y95.082 E523.03404
G1 Z12.875 X121.193 Y93.889 E523.07609
G1 Z12.876 X121.614 Y92.72 E523.11814
G1 Z12.877 X122.107 Y91.58 E523.16019
G1 Z12.878 X122.671 Y90.473 E523.20224
G1 Z12.879 X123.304 Y89.404 E523.24429
G1 Z12.880 X123.738 Y88.765 E523.27046
;LAYER_CHANGE
;Z:13.08
;HEIGHT:0.2
G1 Z12.880 F600
G1 F6052
G1 Z12.880 X124.002 Y88.377 E523.28634
G1 Z12.882 X124.763 Y87.395 E523.32839
G1 Z12.883 X125.585 Y86.463 E523.37044
G1 Z12.884 X126.463 Y85.585 E523.41249
G1 Z12.885 X127.395 Y84.763 E523.45453
G1 Z12.886 X128.377 Y84.002 E523.49659
G1 Z12.887 X129.404 Y83.304 E523.53864
G1 Z12.888 X130.473 Y82.671 E523.58068
G1 Z12.889 X131.58 Y82.107 E523.62274
G1 Z12.891 X132.72 Y81.614 E523.66478
G1 Z12.892 X133.889 Y81.193 E523.70684
G1 Z12.893 X135.082 Y80.846 E523.74888
G1 Z12.894 X136.295 Y80.575 E523.79094
G1 Z12.895 X137.522 Y80.381 E523.83298
G1 Z12.896 X138.758 Y80.264 E523.87504
G1 Z12.897 X140.004 Y80.225 E523.91721
G1 Z12.915 X159.475 Y80.225 E524.57629
G1 Z12.924 X159.475 Y90.225 E524.91478
G1 Z12.925 X160.525 Y90.225 E524.95032
G1 Z12.934 X160.525 Y80.225 E525.28881
G1 Z12.951 X179.775 Y80.225 E525.9404
G1 Z12.969 X179.775 Y99.475 E526.59199
G1 Z12.978 X169.775 Y99.475 E526.93048
G1 Z12.979 X169.775 Y100.525 E526.96602
G1 Z12.988 X179.775 Y100.525 E527.30451
G1 Z13.005 X179.775 Y119.775 E527.95609
G1 Z13.041 X140.004 Y119.775 E529.30231
G1 Z13.042 X138.758 Y119.736 E529.34448
G1 Z13.043 X137.522 Y119.619 E529.38653
G1 Z13.044 X136.295 Y119.425 E529.42858
G1 Z13.046 X135.082 Y119.154 E529.47063
G1 Z13.047 X133.889 Y118.807 E529.51268
G1 Z13.048 X132.72 Y118.386 E529.55473
G1 Z13.049 X131.58 Y117.893 E529.59678
G1 Z13.050 X130.473 Y117.329 E529.63883
G1 Z13.051 X129.404 Y116.696 E529.68088
G1 Z13.052 X128.377 Y115.998 E529.72293
G1 Z13.053 X127.395 Y115.237 E529.76498
G1 Z13.055 X126.463 Y114.415 E529.80703
G1 Z13.056 X125.585 Y113.537 E529.84908
G1 Z13.057 X124.763 Y112.605 E529.89113
G1 Z13.058 X124.002 Y111.623 E529.93318
G1 Z13.059 X123.304 Y110.596 E529.97523
G1 Z13.060 X122.671 Y109.527 E530.01728
G1 Z13.061 X122.107 Y108.42 E530.05933
G1 Z13.062 X121.614 Y107.28 E530.10138
G1 Z13.064 X121.193 Y106.111 E530.14343
G1 Z13.065 X120.846 Y104.918 E530.18548
G1 Z13.066 X120.575 Y103.705 E530.22753
G1 Z13.067 X120.381 Y102.478 E530.26958
G1 Z13.068 X120.264 Y101.242 E530.31163
G1 Z13.069 X120.225 Y100 E530.35368
G1 Z13.070 X120.264 Y98.758 E530.39573
G1 Z13.071 X120.381 Y97.522 E530.43778
G1 Z13.073 X120.575 Y96.295 E530.47983
G1 Z13.074 X120.846 Y95.082 E530.52188
G1 Z13.075 X121.193 Y93.889 E530.56393
G1 Z13.076 X121.614 Y92.72 E530.60598
G1 Z13.077 X122.107 Y91.58 E530.64803
G1 Z13.078 X122.671 Y90.473 E530.69008
G1 Z13.079 X123.304 Y89.404 E530.73213
G1 Z13.080 X123.738 Y88.765 E530.75831
;LAYER_CHANGE
;Z:13.28
;HEIGHT:0.2
G1 Z13.080 F600
G1 F6052
G1 Z13.080 X124.002 Y88.377 E530.77418
G1 Z13.082 X124.763 Y87.395 E530.81623
G1 Z13.083 X125.585 Y86.463 E530.85828
G1 Z13.084 X126.463 Y85.585 E530.90033
G1 Z13.085 X127.395 Y84.763 E530.94238
G1 Z13.086 X128.377 Y84.002 E530.98443
G1 Z13.087 X129.404 Y83.304 E531.02648
G1 Z13.088 X130.473 Y82.671 E531.06853
G1 Z13.089 X131.58 Y82.107 E531.11058
G1 Z13.091 X132.72 Y81.614 E531.15263
G1 Z13.092 X133.889 Y81.193 E531.19468
G1 Z13.093 X135.082 Y80.846 E531.23673
G1 Z13.094 X136.295 Y80.575 E531.27878
G1 Z13.095 X137.522 Y80.381 E531.32083
G1 Z13.096 X138.758 Y80.264 E531.36288
G1 Z13.097 X140.004 Y80.225 E531.40505
G1 Z13.115 X159.475 Y80.225 E532.06414
G1 Z13.124 X159.475 Y90.225 E532.40262
G1 Z13.125 X160.525 Y90.225 E532.43817
G1 Z13.134 X160.525 Y80.225 E532.77665
G1 Z13.151 X179.775 Y80.225 E533.42824
G1 Z13.169 X179.775 Y99.475 E534.07983
G1 Z13.178 X169.775 Y99.475 E534.41832
G1 Z13.179 X169.775 Y100.525 E534.45386
G1 Z13.188 X179.775 Y100.525 E534.79235
G1 Z13.205 X179.775 Y119.775 E535.44394
G1 Z13.241 X140.004 Y119.775 E536.79016
G1 Z13.242 X138.758 Y119.736 E536.83233
G1 Z13.243 X137.522 Y119.619 E536.87438
G1 Z13.244 X136.295 Y119.425 E536.91643
G1 Z13.246 X135.082 Y119.154 E536.95848
G1 Z13.247 X133.889 Y118.807 E537.00053
G1 Z13.248 X132.72 Y118.386 E537.04258
G1 Z13.249 X131.58 Y117.893 E537.08463
G1 Z13.250 X130.473 Y117.329 E537.12668
G1 Z13.251 X129.404 Y116.696 E537.16873
G1 Z13.252 X128.377 Y115.998 E537.21078
G1 Z13.253 X127.395 Y115.237 E537.25283
G1 Z13.255 X126.463 Y114.415 E537.29488
G1 Z13.256 X125.585 Y113.537 E537.33693
G1 Z13.257 X124.763 Y112.605 E537.37898
G1 Z13.258 X124.002 Y111.623 E537.42103
G1 Z13.259 X123.304 Y110.596 E537.46308
G1 Z13.260 X122.671 Y109.527 E537.50513
G1 Z13.261 X122.107 Y108.42 E537.54718
G1 Z13.262 X121.614 Y107.28 E537.58923
G1 Z13.264 X121.193 Y106.111 E537.63128
G1 Z13.265 X120.846 Y104.918 E537.67333
G1 Z13.266 X120.575 Y103.705 E537.71538
G1 Z13.267 X120.381 Y102.478 E537.75743
G1 Z13.268 X120.264 Y101.242 E537.79948
G1 Z13.269 X120.225 Y100 E537.84153
G1 Z13.270 X120.264 Y98.758 E537.88358
G1 Z13.271 X120.381 Y97.522 E537.92563
G1 Z13.273 X120.575 Y96.295 E537.96768
G1 Z13.274 X120.846 Y95.082 E538.00973
G1 Z13.275 X121.193 Y93.889 E538.05178
G1 Z13.276 X121.614 Y92.72 E538.09383
G1 Z13.277 X122.107 Y91.58 E538.13588
G1 Z13.278 X122.671 Y90.473 E538.17793
G1 Z13.279 X123.304 Y89.404 E538.21998
G1 Z13.280 X123.738 Y88.765 E538.24615
;LAYER_CHANGE
;Z:13.48
;HEIGHT:0.2
G1 Z13.280 F600
G1 F6052
G1 Z13.280 X124.002 Y88.377 E538.26203
G1 Z13.282 X124.763 Y87.395 E538.30408
G1 Z13.283 X125.585 Y86.463 E538.34613
G1 Z13.284 X126.463 Y85.585 E538.38818
G1 Z13.285 X127.395 Y84.763 E538.43023
G1 Z13.286 X128.377 Y84.002 E538.47228
G1 Z13.287 X129.404 Y83.304 E538.51433
G1 Z13.288 X130.473 Y82.671 E538.55638
G1 Z13.289 X131.58 Y82.107 E538.59843
G1 Z13.291 X132.72 Y81.614 E538.64048
G1 Z13.292 X133.889 Y81.193 E538.68253
G1 Z13.293 X135.082 Y80.846 E538.72458
G1 Z13.294 X136.295 Y80.575 E538.76663
G1 Z13.295 X137.522 Y80.381 E538.80868
G1 Z13.296 X138.758 Y80.264 E538.85073
G1 Z13.297 X140.004 Y80.225 E538.8929
G1 Z13.315 X159.475 Y80.225 E539.55198
G1 Z13.324 X159.475 Y90.225 E539.89047
G1 Z13.325 X160.525 Y90.225 E539.92601
G1 Z13.334 X160.525 Y80.225 E540.2645
G1 Z13.351 X179.775 Y80.225 E540.91609
G1 Z13.369 X179.775 Y99.475 E541.56768
G1 Z13.378 X169.775 Y99.475 E541.90617
G1 Z13.379 X169.775 Y100.525 E541.94171
G1 Z13.388 X179.775 Y100.525 E542.2802
G1 Z13.405 X179.775 Y119.775 E542.93179
G1 Z13.441 X140.004 Y119.775 E544.278
G1 Z13.442 X138.758 Y119.736 E544.32017
G1 Z13.443 X137.522 Y119.619 E544.36222
G1 Z13.444 X136.295 Y119.425 E544.40427
G1 Z13.446 X135.082 Y119.154 E544.44632
G1 Z13.447 X133.889 Y118.807 E544.48837
G1 Z13.448 X132.72 Y118.386 E544.53042
G1 Z13.449 X131.58 Y117.893 E544.57247
G1 Z13.450 X130.473 Y117.329 E544.61452
G1 Z13.451 X129.404 Y116.696 E544.65657
G1 Z13.452 X128.377 Y115.998 E544.69862
G1 Z13.453 X127.395 Y115.237 E544.74067
G1 Z13.455 X126.463 Y114.415 E544.78272
G1 Z13.456 X125.585 Y113.537 E544.82477
G1 Z13.457 X124.763 Y112.605 E544.86682
G1 Z13.458 X124.002 Y111.623 E544.90887
G1 Z13.459 X123.304 Y110.596 E544.95092
G1 Z13.460 X122.671 Y109.527 E544.99297
G1 Z13.461 X122.107 Y108.42 E545.03502
G1 Z13.462 X121.614 Y107.28 E545.07707
G1 Z13.464 X121.193 Y106.111 E545.11912
G1 Z13.465 X120.846 Y104.918 E545.16117
G1 Z13.466 X120.575 Y103.705 E545.20322
G1 Z13.467 X120.381 Y102.478 E545.24527
G1 Z13.468 X120.264 Y101.242 E545.28732
G1 Z13.469 X120.225 Y100 E545.32937
G1 Z13.470 X120.264 Y98.758 E545.37142
G1 Z13.471 X120.381 Y97.522 E545.41347
G1 Z13.473 X120.575 Y96.295 E545.45552
G1 Z13.474 X120.846 Y95.082 E545.49757
G1 Z13.475 X121.193 Y93.889 E545.53962
G1 Z13.476 X121.614 Y92.72 E545.58167
G1 Z13.477 X122.107 Y91.58 E545.62372
G1 Z13.478 X122.671 Y90.473 E545.66577
G1 Z13.479 X123.304 Y89.404 E545.70782
G1 Z13.480 X123.738 Y88.765 E545.734
;LAYER_CHANGE
;Z:13.68
;HEIGHT:0.200001
G1 Z13.480 F600
G1 F6066
G1 Z13.480 X124.002 Y88.377 E545.74987
G1 Z13.482 X124.763 Y87.395 E545.79192
G1 Z13.483 X125.585 Y86.463 E545.83397
G1 Z13.484 X126.463 Y85.585 E545.87602
G1 Z13.485 X127.395 Y84.763 E545.91807
G1 Z13.486 X128.377 Y84.002 E545.96012
G1 Z13.487 X129.404 Y83.304 E546.00217
G1 Z13.488 X130.473 Y82.671 E546.04422
G1 Z13.489 X131.58 Y82.107 E546.08627
G1 Z13.490 X132.72 Y81.614 E546.12832
G1 Z13.492 X133.889 Y81.193 E546.17037
G1 Z13.493 X135.082 Y80.846 E546.21242
G1 Z13.494 X136.295 Y80.575 E546.25447
G1 Z13.495 X137.522 Y80.381 E546.29652
G1 Z13.496 X138.758 Y80.264 E546.33857
G1 Z13.497 X140.004 Y80.225 E546.38074
G1 Z13.511 X155.405 Y80.225 E546.90207
G1 Z13.511 X155.405 Y80.525 E546.91222
G1 Z13.512 X155.994 Y80.525 E546.93215
G1 Z13.512 X155.994 Y80.225 E546.9423
G1 Z13.515 X159.475 Y80.225 E547.06014
G1 Z13.524 X159.475 Y90.225 E547.39862
G1 Z13.525 X160.525 Y90.225 E547.43417
G1 Z13.534 X160.525 Y80.225 E547.77265
G1 Z13.551 X179.775 Y80.225 E548.42424
G1 Z13.565 X179.775 Y95.405 E548.93807
G1 Z13.565 X179.475 Y95.405 E548.94822
G1 Z13.566 X179.475 Y95.993 E548.96814
G1 Z13.566 X179.775 Y95.993 E548.9783
G1 Z13.569 X179.775 Y99.475 E549.09614
G1 Z13.578 X169.775 Y99.475 E549.43463
G1 Z13.579 X169.775 Y100.525 E549.47017
G1 Z13.588 X179.775 Y100.525 E549.80866
G1 Z13.606 X179.775 Y119.775 E550.46025
G1 Z13.641 X140.004 Y119.775 E551.80646
G1 Z13.642 X138.758 Y119.736 E551.84864
G1 Z13.644 X137.522 Y119.619 E551.89069
G1 Z13.645 X136.295 Y119.425 E551.93274
G1 Z13.646 X135.082 Y119.154 E551.97479
G1 Z13.647 X133.889 Y118.807 E552.01684
G1 Z13.648 X132.72 Y118.386 E552.05889
G1 Z13.649 X131.58 Y117.893 E552.10094
G1 Z13.650 X130.473 Y117.329 E552.14299
G1 Z13.651 X129.404 Y116.696 E552.18504
G1 Z13.652 X128.377 Y115.998 E552.22709
G1 Z13.654 X127.395 Y115.237 E552.26914
G1 Z13.655 X126.463 Y114.415 E552.31119
G1 Z13.656 X125.585 Y113.537 E552.35324
G1 Z13.657 X124.763 Y112.605 E552.39528
G1 Z13.658 X124.002 Y111.623 E552.43734
G1 Z13.659 X123.304 Y110.596 E552.47939
G1 Z13.660 X122.671 Y109.527 E552.52143
G1 Z13.661 X122.107 Y108.42 E552.56349
G1 Z13.663 X121.614 Y107.28 E552.60553
G1 Z13.664 X121.193 Y106.111 E552.64759
G1 Z13.665 X120.846 Y104.918 E552.68963
G1 Z13.666 X120.575 Y103.705 E552.73169
G1 Z13.667 X120.381 Y102.478 E552.77373
G1 Z13.668 X120.264 Y101.242 E552.81579
G1 Z13.669 X120.225 Y100 E552.85784
G1 Z13.670 X120.264 Y98.758 E552.89989
G1 Z13.671 X120.381 Y97.522 E552.94194
G1 Z13.673 X120.575 Y96.295 E552.98398
G1 Z13.674 X120.846 Y95.082 E553.02604
G1 Z13.675 X121.193 Y93.889 E553.06808
G1 Z13.676 X121.614 Y92.72 E553.11014
G1 Z13.677 X122.107 Y91.58 E553.15218
G1 Z13.678 X122.671 Y90.473 E553.19423
G1 Z13.679 X123.304 Y89.404 E553.23629
G1 Z13.680 X123.738 Y88.765 E553.26246
;LAYER_CHANGE
;Z:13.88
;HEIGHT:0.2
G1 Z13.680 F600
G1 F6066
G1 Z13.680 X124.002 Y88.377 E553.27833
G1 Z13.682 X124.763 Y87.395 E553.32039
G1 Z13.683 X125.585 Y86.463 E553.36243
G1 Z13.684 X126.463 Y85.585 E553.40448
G1 Z13.685 X127.395 Y84.763 E553.44653
G1 Z13.686 X128.377 Y84.002 E553.48859
G1 Z13.687 X129.404 Y83.304 E553.53063
G1 Z13.688 X130.473 Y82.671 E553.57269
G1 Z13.689 X131.58 Y82.107 E553.61474
G1 Z13.690 X132.72 Y81.614 E553.65678
G1 Z13.692 X133.889 Y81.193 E553.69884
G1 Z13.693 X135.082 Y80.846 E553.74088
G1 Z13.694 X136.295 Y80.575 E553.78294
G1 Z13.695 X137.522 Y80.381 E553.82498
G1 Z13.696 X138.758 Y80.264 E553.86703
G1 Z13.697 X140.004 Y80.225 E553.90921
G1 Z13.711 X155.405 Y80.225 E554.43053
G1 Z13.711 X155.405 Y80.525 E554.44069
G1 Z13.712 X156.34 Y80.525 E554.47234
G1 Z13.712 X156.34 Y80.225 E554.48249
G1 Z13.715 X159.475 Y80.225 E554.5886
G1 Z13.724 X159.475 Y90.225 E554.92709
G1 Z13.725 X160.525 Y90.225 E554.96263
G1 Z13.734 X160.525 Y80.225 E555.30112
G1 Z13.751 X179.775 Y80.225 E555.95271
G1 Z13.765 X179.775 Y95.405 E556.46653
G1 Z13.765 X179.475 Y95.405 E556.47668
G1 Z13.766 X179.475 Y96.34 E556.50833
G1 Z13.766 X179.775 Y96.34 E556.51849
G1 Z13.769 X179.775 Y99.475 E556.62461
G1 Z13.778 X169.775 Y99.475 E556.96309
G1 Z13.779 X169.775 Y100.525 E556.99864
G1 Z13.788 X179.775 Y100.525 E557.33712
G1 Z13.806 X179.775 Y119.775 E557.98871
G1 Z13.841 X140.004 Y119.775 E559.33493
G1 Z13.842 X138.758 Y119.736 E559.3771
G1 Z13.844 X137.522 Y119.619 E559.41915
G1 Z13.845 X136.295 Y119.425 E559.4612
G1 Z13.846 X135.082 Y119.154 E559.50325
G1 Z13.847 X133.889 Y118.807 E559.5453
G1 Z13.848 X132.72 Y118.386 E559.58735
G1 Z13.849 X131.58 Y117.893 E559.6294
G1 Z13.850 X130.473 Y117.329 E559.67145
G1 Z13.851 X129.404 Y116.696 E559.7135
G1 Z13.852 X128.377 Y115.998 E559.75555
G1 Z13.854 X127.395 Y115.237 E559.7976
G1 Z13.855 X126.463 Y114.415 E559.83965
G1 Z13.856 X125.585 Y113.537 E559.8817
G1 Z13.857 X124.763 Y112.605 E559.92375
G1 Z13.858 X124.002 Y111.623 E559.9658
G1 Z13.859 X123.304 Y110.596 E560.00785
G1 Z13.860 X122.671 Y109.527 E560.0499
G1 Z13.861 X122.107 Y108.42 E560.09195
G1 Z13.863 X121.614 Y107.28 E560.134
G1 Z13.864 X121.193 Y106.111 E560.17605
G1 Z13.865 X120.846 Y104.918 E560.2181
G1 Z13.866 X120.575 Y103.705 E560.26015
G1 Z13.867 X120.381 Y102.478 E560.3022
G1 Z13.868 X120.264 Y101.242 E560.34425
G1 Z13.869 X120.225 Y100 E560.3863
G1 Z13.870 X120.264 Y98.758 E560.42835
G1 Z13.871 X120.381 Y97.522 E560.4704
G1 Z13.873 X120.575 Y96.295 E560.51245
G1 Z13.874 X120.846 Y95.082 E560.5545
G1 Z13.875 X121.193 Y93.889 E560.59655
G1 Z13.876 X121.614 Y92.72 E560.6386
G1 Z13.877 X122.107 Y91.58 E560.68065
G1 Z13.878 X122.671 Y90.473 E560.7227
G1 Z13.879 X123.304 Y89.404 E560.76475
G1 Z13.880 X123.738 Y88.765 E560.79092
;LAYER_CHANGE
;Z:14.08
;HEIGHT:0.2
G1 Z13.880 F600
G1 F6066
G1 Z13.880 X124.002 Y88.377 E560.8068
G1 Z13.882 X124.763 Y87.395 E560.84885
G1 Z13.883 X125.585 Y86.463 E560.8909
G1 Z13.884 X126.463 Y85.585 E560.93295
G1 Z13.885 X127.395 Y84.763 E560.975
G1 Z13.886 X128.377 Y84.002 E561.01705
G1 Z13.887 X129.404 Y83.304 E561.0591
G1 Z13.888 X130.473 Y82.671 E561.10115
G1 Z13.889 X131.58 Y82.107 E561.1432
G1 Z13.890 X132.72 Y81.614 E561.18525
G1 Z13.892 X133.889 Y81.193 E561.2273
G1 Z13.893 X135.082 Y80.846 E561.26935
G1 Z13.894 X136.295 Y80.575 E561.3114
G1 Z13.895 X137.522 Y80.381 E561.35345
G1 Z13.896 X138.758 Y80.264 E561.3955
G1 Z13.897 X140.004 Y80.225 E561.43767
G1 Z13.911 X155.405 Y80.225 E561.959
G1 Z13.911 X155.405 Y80.525 E561.96915
G1 Z13.912 X156.687 Y80.525 E562.01253
G1 Z13.913 X156.687 Y80.225 E562.02268
G1 Z13.915 X159.475 Y80.225 E562.11706
G1 Z13.924 X159.475 Y90.225 E562.45555
G1 Z13.925 X160.525 Y90.225 E562.49109
G1 Z13.934 X160.525 Y80.225 E562.82958
G1 Z13.951 X179.775 Y80.225 E563.48117
G1 Z13.965 X179.775 Y95.405 E563.99499
G1 Z13.965 X179.475 Y95.405 E564.00515
G1 Z13.967 X179.475 Y96.686 E564.04852
G1 Z13.967 X179.775 Y96.686 E564.05868
G1 Z13.969 X179.775 Y99.475 E564.15307
G1 Z13.978 X169.775 Y99.475 E564.49156
G1 Z13.979 X169.775 Y100.525 E564.5271
G1 Z13.988 X179.775 Y100.525 E564.86559
G1 Z14.006 X179.775 Y119.775 E565.51718
G1 Z14.041 X140.004 Y119.775 E566.86339
G1 Z14.042 X138.758 Y119.736 E566.90556
G1 Z14.044 X137.522 Y119.619 E566.94761
G1 Z14.045 X136.295 Y119.425 E566.98966
G1 Z14.046 X135.082 Y119.154 E567.03171
G1 Z14.047 X133.889 Y118.807 E567.07376
G1 Z14.048 X132.72 Y118.386 E567.11581
G1 Z14.049 X131.58 Y117.893 E567.15786
G1 Z14.050 X130.473 Y117.329 E567.19991
G1 Z14.051 X129.404 Y116.696 E567.24196
G1 Z14.052 X128.377 Y115.998 E567.28401
G1 Z14.054 X127.395 Y115.237 E567.32606
G1 Z14.055 X126.463 Y114.415 E567.36811
G1 Z14.056 X125.585 Y113.537 E567.41016
G1 Z14.057 X124.763 Y112.605 E567.45221
G1 Z14.058 X124.002 Y111.623 E567.49426
G1 Z14.059 X123.304 Y110.596 E567.53631
G1 Z14.060 X122.671 Y109.527 E567.57836
G1 Z14.061 X122.107 Y108.42 E567.62041
G1 Z14.063 X121.614 Y107.28 E567.66246
G1 Z14.064 X121.193 Y106.111 E567.70451
G1 Z14.065 X120.846 Y104.918 E567.74656
G1 Z14.066 X120.575 Y103.705 E567.78861
G1 Z14.067 X120.381 Y102.478 E567.83066
G1 Z14.068 X120.264 Y101.242 E567.87271
G1 Z14.069 X120.225 Y100 E567.91476
G1 Z14.070 X120.264 Y98.758 E567.95681
G1 Z14.071 X120.381 Y97.522 E567.99886
G1 Z14.073 X120.575 Y96.295 E568.04091
G1 Z14.074 X120.846 Y95.082 E568.08296
G1 Z14.075 X121.193 Y93.889 E568.12501
G1 Z14.076 X121.614 Y92.72 E568.16706
G1 Z14.077 X122.107 Y91.58 E568.20911
G1 Z14.078 X122.671 Y90.473 E568.25116
G1 Z14.079 X123.304 Y89.404 E568.29321
G1 Z14.080 X123.738 Y88.765 E568.31939
;LAYER_CHANGE
;Z:14.28
;HEIGHT:0.2
G1 Z14.080 F600
G1 F6066
G1 Z14.080 X124.002 Y88.377 E568.33526
G1 Z14.082 X124.763 Y87.395 E568.37731
G1 Z14.083 X125.585 Y86.463 E568.41936
G1 Z14.084 X126.463 Y85.585 E568.46141
G1 Z14.085 X127.395 Y84.763 E568.50346
G1 Z14.086 X128.377 Y84.002 E568.54551
G1 Z14.087 X129.404 Y83.304 E568.58756
G1 Z14.088 X130.473 Y82.671 E568.62961
G1 Z14.089 X131.58 Y82.107 E568.67166
G1 Z14.090 X132.72 Y81.614 E568.71371
G1 Z14.092 X133.889 Y81.193 E568.75576
G1 Z14.093 X135.082 Y80.846 E568.79781
G1 Z14.094 X136.295 Y80.575 E568.83986
G1 Z14.095 X137.522 Y80.381 E568.88191
G1 Z14.096 X138.758 Y80.264 E568.92396
G1 Z14.097 X140.004 Y80.225 E568.96613
G1 Z14.111 X155.405 Y80.225 E569.48746
G1 Z14.111 X155.405 Y80.525 E569.49762
G1 Z14.113 X157.033 Y80.525 E569.55271
G1 Z14.113 X157.033 Y80.225 E569.56287
G1 Z14.115 X159.475 Y80.225 E569.64553
G1 Z14.124 X159.475 Y90.225 E569.98402
G1 Z14.125 X160.525 Y90.225 E570.01956
G1 Z14.134 X160.525 Y80.225 E570.35804
G1 Z14.151 X179.775 Y80.225 E571.00963
G1 Z14.165 X179.775 Y95.405 E571.52346
G1 Z14.165 X179.475 Y95.405 E571.53361
G1 Z14.167 X179.475 Y97.033 E571.58871
G1 Z14.167 X179.775 Y97.033 E571.59887
G1 Z14.169 X179.775 Y99.475 E571.68153
G1 Z14.178 X169.775 Y99.475 E572.02002
G1 Z14.179 X169.775 Y100.525 E572.05556
G1 Z14.188 X179.775 Y100.525 E572.39405
G1 Z14.206 X179.775 Y119.775 E573.04564
G1 Z14.241 X140.004 Y119.775 E574.39186
G1 Z14.242 X138.758 Y119.736 E574.43403
G1 Z14.244 X137.522 Y119.619 E574.47608
G1 Z14.245 X136.295 Y119.425 E574.51813
G1 Z14.246 X135.082 Y119.154 E574.56018
G1 Z14.247 X133.889 Y118.807 E574.60223
G1 Z14.248 X132.72 Y118.386 E574.64428
G1 Z14.249 X131.58 Y117.893 E574.68633
G1 Z14.250 X130.473 Y117.329 E574.72838
G1 Z14.251 X129.404 Y116.696 E574.77043
G1 Z14.252 X128.377 Y115.998 E574.81248
G1 Z14.254 X127.395 Y115.237 E574.85453
G1 Z14.255 X126.463 Y114.415 E574.89658
G1 Z14.256 X125.585 Y113.537 E574.93863
G1 Z14.257 X124.763 Y112.605 E574.98068
G1 Z14.258 X124.002 Y111.623 E575.02273
G1 Z14.259 X123.304 Y110.596 E575.06478
G1 Z14.260 X122.671 Y109.527 E575.10683
G1 Z14.261 X122.107 Y108.42 E575.14888
G1 Z14.263 X121.614 Y107.28 E575.19093
G1 Z14.264 X121.193 Y106.111 E575.23298
G1 Z14.265 X120.846 Y104.918 E575.27503
G1 Z14.266 X120.575 Y103.705 E575.31708
G1 Z14.267 X120.381 Y102.478 E575.35913
G1 Z14.268 X120.264 Y101.242 E575.40118
G1 Z14.269 X120.225 Y100 E575.44323
G1 Z14.270 X120.264 Y98.758 E575.48528
G1 Z14.271 X120.381 Y97.522 E575.52733
G1 Z14.273 X120.575 Y96.295 E575.56938
G1 Z14.274 X120.846 Y95.082 E575.61143
G1 Z14.275 X121.193 Y93.889 E575.65348
G1 Z14.276 X121.614 Y92.72 E575.69553
G1 Z14.277 X122.107 Y91.58 E575.73758
G1 Z14.278 X122.671 Y90.473 E575.77963
G1 Z14.279 X123.304 Y89.404 E575.82168
G1 Z14.280 X123.738 Y88.765 E575.84785
;LAYER_CHANGE
;Z:14.48
;HEIGHT:0.2
G1 Z14.280 F600
G1 F6066
G1 Z14.280 X124.002 Y88.377 E575.86373
G1 Z14.282 X124.763 Y87.395 E575.90578
G1 Z14.283 X125.585 Y86.463 E575.94783
G1 Z14.284 X126.463 Y85.585 E575.98988
G1 Z14.285 X127.395 Y84.763 E576.03193
G1 Z14.286 X128.377 Y84.002 E576.07398
G1 Z14.287 X129.404 Y83.304 E576.11603
G1 Z14.288 X130.473 Y82.671 E576.15808
G1 Z14.289 X131.58 Y82.107 E576.20013
G1 Z14.290 X132.72 Y81.614 E576.24218
G1 Z14.292 X133.889 Y81.193 E576.28423
G1 Z14.293 X135.082 Y80.846 E576.32628
G1 Z14.294 X136.295 Y80.575 E576.36833
G1 Z14.295 X137.522 Y80.381 E576.41038
G1 Z14.296 X138.758 Y80.264 E576.45243
G1 Z14.297 X140.004 Y80.225 E576.4946
G1 Z14.311 X155.405 Y80.225 E577.01593
G1 Z14.311 X155.405 Y80.525 E577.02608
G1 Z14.313 X157.379 Y80.525 E577.0929
G1 Z14.313 X157.379 Y80.225 E577.10306
G1 Z14.315 X159.475 Y80.225 E577.17399
G1 Z14.324 X159.475 Y90.225 E577.51248
G1 Z14.325 X160.525 Y90.225 E577.54802
G1 Z14.334 X160.525 Y80.225 E577.88651
G1 Z14.351 X179.775 Y80.225 E578.5381
G1 Z14.365 X179.775 Y95.405 E579.05192
G1 Z14.365 X179.475 Y95.405 E579.06208
G1 Z14.367 X179.475 Y97.379 E579.1289
G1 Z14.367 X179.775 Y97.379 E579.13905
G1 Z14.369 X179.775 Y99.475 E579.21
G1 Z14.378 X169.775 Y99.475 E579.54849
G1 Z14.379 X169.775 Y100.525 E579.58403
G1 Z14.388 X179.775 Y100.525 E579.92251
G1 Z14.406 X179.775 Y119.775 E580.5741
G1 Z14.441 X140.004 Y119.775 E581.92032
G1 Z14.442 X138.758 Y119.736 E581.96249
G1 Z14.444 X137.522 Y119.619 E582.00454
G1 Z14.445 X136.295 Y119.425 E582.04659
G1 Z14.446 X135.082 Y119.154 E582.08864
G1 Z14.447 X133.889 Y118.807 E582.13069
G1 Z14.448 X132.72 Y118.386 E582.17274
G1 Z14.449 X131.58 Y117.893 E582.21479
G1 Z14.450 X130.473 Y117.329 E582.25684
G1 Z14.451 X129.404 Y116.696 E582.29889
G1 Z14.452 X128.377 Y115.998 E582.34094
G1 Z14.454 X127.395 Y115.237 E582.38299
G1 Z14.455 X126.463 Y114.415 E582.42504
G1 Z14.456 X125.585 Y113.537 E582.46709
G1 Z14.457 X124.763 Y112.605 E582.50914
G1 Z14.458 X124.002 Y111.623 E582.55119
G1 Z14.459 X123.304 Y110.596 E582.59324
G1 Z14.460 X122.671 Y109.527 E582.63529
G1 Z14.461 X122.107 Y108.42 E582.67734
G1 Z14.463 X121.614 Y107.28 E582.71939
G1 Z14.464 X121.193 Y106.111 E582.76144
G1 Z14.465 X120.846 Y104.918 E582.80349
G1 Z14.466 X120.575 Y103.705 E582.84554
G1 Z14.467 X120.381 Y102.478 E582.88759
G1 Z14.468 X120.264 Y101.242 E582.92964
G1 Z14.469 X120.225 Y100 E582.97169
G1 Z14.470 X120.264 Y98.758 E583.01374
G1 Z14.471 X120.381 Y97.522 E583.05579
G1 Z14.473 X120.575 Y96.295 E583.09784
G1 Z14.474 X120.846 Y95.082 E583.13989
G1 Z14.475 X121.193 Y93.889 E583.18194
G1 Z14.476 X121.614 Y92.72 E583.22399
G1 Z14.477 X122.107 Y91.58 E583.26604
G1 Z14.478 X122.671 Y90.473 E583.30809
G1 Z14.479 X123.304 Y89.404 E583.35014
G1 Z14.480 X123.738 Y88.765 E583.37632
;LAYER_CHANGE
;Z:14.68
;HEIGHT:0.200001
G1 Z14.480 F600
G1 F6066
G1 Z14.480 X124.002 Y88.377 E583.39219
G1 Z14.482 X124.763 Y87.395 E583.43424
G1 Z14.483 X125.585 Y86.463 E583.47629
G1 Z14.484 X126.463 Y85.585 E583.51834
G1 Z14.485 X127.395 Y84.763 E583.56039
G1 Z14.486 X128.377 Y84.002 E583.60244
G1 Z14.487 X129.404 Y83.304 E583.64449
G1 Z14.488 X130.473 Y82.671 E583.68654
G1 Z14.489 X131.58 Y82.107 E583.72859
G1 Z14.490 X132.72 Y81.614 E583.77064
G1 Z14.492 X133.889 Y81.193 E583.81269
G1 Z14.493 X135.082 Y80.846 E583.85474
G1 Z14.494 X136.295 Y80.575 E583.89679
G1 Z14.495 X137.522 Y80.381 E583.93884
G1 Z14.496 X138.758 Y80.264 E583.98089
G1 Z14.497 X140.004 Y80.225 E584.02306
G1 Z14.511 X155.405 Y80.225 E584.54439
G1 Z14.511 X155.405 Y80.525 E584.55454
G1 Z14.513 X157.726 Y80.525 E584.63309
G1 Z14.514 X157.726 Y80.225 E584.64325
G1 Z14.515 X159.475 Y80.225 E584.70246
G1 Z14.524 X159.475 Y90.225 E585.04094
G1 Z14.525 X160.525 Y90.225 E585.07648
G1 Z14.534 X160.525 Y80.225 E585.41497
G1 Z14.551 X179.775 Y80.225 E586.06656
G1 Z14.565 X179.775 Y95.405 E586.58038
G1 Z14.565 X179.475 Y95.405 E586.59054
G1 Z14.567 X179.475 Y97.726 E586.66909
G1 Z14.568 X179.775 Y97.726 E586.67924
G1 Z14.569 X179.775 Y99.475 E586.73846
G1 Z14.578 X169.775 Y99.475 E587.07695
G1 Z14.579 X169.775 Y100.525 E587.11249
G1 Z14.588 X179.775 Y100.525 E587.45098
G1 Z14.606 X179.775 Y119.775 E588.10257
G1 Z14.641 X140.004 Y119.775 E589.44878
G1 Z14.642 X138.758 Y119.736 E589.49095
G1 Z14.644 X137.522 Y119.619 E589.53301
G1 Z14.645 X136.295 Y119.425 E589.57505
G1 Z14.646 X135.082 Y119.154 E589.6171
G1 Z14.647 X133.889 Y118.807 E589.65915
G1 Z14.648 X132.72 Y118.386 E589.7012
G1 Z14.649 X131.58 Y117.893 E589.74325
G1 Z14.650 X130.473 Y117.329 E589.7853
G1 Z14.651 X129.404 Y116.696 E589.82735
G1 Z14.652 X128.377 Y115.998 E589.8694
G1 Z14.654 X127.395 Y115.237 E589.91145
G1 Z14.655 X126.463 Y114.415 E589.9535
G1 Z14.656 X125.585 Y113.537 E589.99555
G1 Z14.657 X124.763 Y112.605 E590.0376
G1 Z14.658 X124.002 Y111.623 E590.07965
G1 Z14.659 X123.304 Y110.596 E590.1217
G1 Z14.660 X122.671 Y109.527 E590.16375
G1 Z14.661 X122.107 Y108.42 E590.2058
G1 Z14.663 X121.614 Y107.28 E590.24785
G1 Z14.664 X121.193 Y106.111 E590.2899
G1 Z14.665 X120.846 Y104.918 E590.33195
G1 Z14.666 X120.575 Y103.705 E590.374
G1 Z14.667 X120.381 Y102.478 E590.41605
G1 Z14.668 X120.264 Y101.242 E590.4581
G1 Z14.669 X120.225 Y100 E590.50015
G1 Z14.670 X120.264 Y98.758 E590.5422
G1 Z14.671 X120.381 Y97.522 E590.58425
G1 Z14.673 X120.575 Y96.295 E590.6263
G1 Z14.674 X120.846 Y95.082 E590.66835
G1 Z14.675 X121.193 Y93.889 E590.7104
G1 Z14.676 X121.614 Y92.72 E590.75245
G1 Z14.677 X122.107 Y91.58 E590.7945
G1 Z14.678 X122.671 Y90.473 E590.83655
G1 Z14.679 X123.304 Y89.404 E590.8786
G1 Z14.680 X123.738 Y88.765 E590.90478
;LAYER_CHANGE
;Z:14.88
;HEIGHT:0.2
G1 Z14.680 F600
G1 F6066
G1 Z14.680 X124.002 Y88.377 E590.92065
G1 Z14.682 X124.763 Y87.395 E590.9627
G1 Z14.683 X125.585 Y86.463 E591.00475
G1 Z14.684 X126.463 Y85.585 E591.0468
G1 Z14.685 X127.395 Y84.763 E591.08885
G1 Z14.686 X128.377 Y84.002 E591.1309
G1 Z14.687 X129.404 Y83.304 E591.17295
G1 Z14.688 X130.473 Y82.671 E591.215
G1 Z14.689 X131.58 Y82.107 E591.25705
G1 Z14.690 X132.72 Y81.614 E591.2991
G1 Z14.692 X133.889 Y81.193 E591.34115
G1 Z14.693 X135.082 Y80.846 E591.3832
G1 Z14.694 X136.295 Y80.575 E591.42525
G1 Z14.695 X137.522 Y80.381 E591.4673
G1 Z14.696 X138.758 Y80.264 E591.50935
G1 Z14.697 X140.004 Y80.225 E591.55152
G1 Z14.711 X155.405 Y80.225 E592.07285
G1 Z14.711 X155.405 Y80.525 E592.08301
G1 Z14.714 X158.072 Y80.525 E592.17328
G1 Z14.714 X158.072 Y80.225 E592.18344
G1 Z14.715 X159.475 Y80.225 E592.23092
G1 Z14.724 X159.475 Y90.225 E592.56941
G1 Z14.725 X160.525 Y90.225 E592.60495
G1 Z14.734 X160.525 Y80.225 E592.94344
G1 Z14.751 X179.775 Y80.225 E593.59503
G1 Z14.765 X179.775 Y95.405 E594.10885
G1 Z14.765 X179.475 Y95.405 E594.119
G1 Z14.768 X179.475 Y98.072 E594.20928
G1 Z14.768 X179.775 Y98.072 E594.21943
G1 Z14.769 X179.775 Y99.475 E594.26692
G1 Z14.778 X169.775 Y99.475 E594.60541
G1 Z14.779 X169.775 Y100.525 E594.64095
G1 Z14.788 X179.775 Y100.525 E594.97944
G1 Z14.806 X179.775 Y119.775 E595.63103
G1 Z14.841 X140.004 Y119.775 E596.97725
G1 Z14.842 X138.758 Y119.736 E597.01942
G1 Z14.844 X137.522 Y119.619 E597.06147
G1 Z14.845 X136.295 Y119.425 E597.10352
G1 Z14.846 X135.082 Y119.154 E597.14557
G1 Z14.847 X133.889 Y118.807 E597.18762
G1 Z14.848 X132.72 Y118.386 E597.22967
G1 Z14.849 X131.58 Y117.893 E597.27172
G1 Z14.850 X130.473 Y117.329 E597.31377
G1 Z14.851 X129.404 Y116.696 E597.35582
G1 Z14.852 X128.377 Y115.998 E597.39787
G1 Z14.854 X127.395 Y115.237 E597.43992
G1 Z14.855 X126.463 Y114.415 E597.48197
G1 Z14.856 X125.585 Y113.537 E597.52402
G1 Z14.857 X124.763 Y112.605 E597.56607
G1 Z14.858 X124.002 Y111.623 E597.60812
G1 Z14.859 X123.304 Y110.596 E597.65017
G1 Z14.860 X122.671 Y109.527 E597.69222
G1 Z14.861 X122.107 Y108.42 E597.73427
G1 Z14.863 X121.614 Y107.28 E597.77632
G1 Z14.864 X121.193 Y106.111 E597.81837
G1 Z14.865 X120.846 Y104.918 E597.86042
G1 Z14.866 X120.575 Y103.705 E597.90247
G1 Z14.867 X120.381 Y102.478 E597.94452
G1 Z14.868 X120.264 Y101.242 E597.98657
G1 Z14.869 X120.225 Y100 E598.02862
G1 Z14.870 X120.264 Y98.758 E598.07067
G1 Z14.871 X120.381 Y97.522 E598.11272
G1 Z14.873 X120.575 Y96.295 E598.15477
G1 Z14.874 X120.846 Y95.082 E598.19682
G1 Z14.875 X121.193 Y93.889 E598.23887
G1 Z14.876 X121.614 Y92.72 E598.28092
G1 Z14.877 X122.107 Y91.58 E598.32297
G1 Z14.878 X122.671 Y90.473 E598.36502
G1 Z14.879 X123.304 Y89.404 E598.40707
G1 Z14.880 X123.738 Y88.765 E598.43324
;LAYER_CHANGE
;Z:15.08
;HEIGHT:0.2
G1 Z14.880 F600
G1 F6066
G1 Z14.880 X124.002 Y88.377 E598.44912
G1 Z14.882 X124.763 Y87.395 E598.49117
G1 Z14.883 X125.585 Y86.463 E598.53322
G1 Z14.884 X126.463 Y85.585 E598.57527
G1 Z14.885 X127.395 Y84.763 E598.61732
G1 Z14.886 X128.377 Y84.002 E598.65937
G1 Z14.887 X129.404 Y83.304 E598.70142
G1 Z14.888 X130.473 Y82.671 E598.74347
G1 Z14.889 X131.58 Y82.107 E598.78552
G1 Z14.890 X132.72 Y81.614 E598.82757
G1 Z14.892 X133.889 Y81.193 E598.86962
G1 Z14.893 X135.082 Y80.846 E598.91167
G1 Z14.894 X136.295 Y80.575 E598.95372
G1 Z14.895 X137.522 Y80.381 E598.99577
G1 Z14.896 X138.758 Y80.264 E599.03782
G1 Z14.897 X140.004 Y80.225 E599.07999
G1 Z14.911 X155.405 Y80.225 E599.60132
G1 Z14.911 X155.405 Y80.525 E599.61147
G1 Z14.914 X158.419 Y80.525 E599.71347
G1 Z14.914 X158.419 Y80.225 E599.72363
G1 Z14.915 X159.475 Y80.225 E599.75938
G1 Z14.924 X159.475 Y90.225 E600.09787
G1 Z14.925 X160.525 Y90.225 E600.13341
G1 Z14.934 X160.525 Y80.225 E600.4719
G1 Z14.951 X179.775 Y80.225 E601.12349
G1 Z14.965 X179.775 Y95.405 E601.63731
G1 Z14.965 X179.475 Y95.405 E601.64747
G1 Z14.968 X179.475 Y98.418 E601.74947
G1 Z14.968 X179.775 Y98.418 E601.75962
G1 Z14.969 X179.775 Y99.475 E601.79539
G1 Z14.978 X169.775 Y99.475 E602.13388
G1 Z14.979 X169.775 Y100.525 E602.16942
G1 Z14.988 X179.775 Y100.525 E602.50791
G1 Z15.006 X179.775 Y119.775 E603.1595
G1 Z15.041 X140.004 Y119.775 E604.50571
G1 Z15.042 X138.758 Y119.736 E604.54788
G1 Z15.044 X137.522 Y119.619 E604.58993
G1 Z15.045 X136.295 Y119.425 E604.63198
G1 Z15.046 X135.082 Y119.154 E604.67403
G1 Z15.047 X133.889 Y118.807 E604.71608
G1 Z15.048 X132.72 Y118.386 E604.75813
G1 Z15.049 X131.58 Y117.893 E604.80018
G1 Z15.050 X130.473 Y117.329 E604.84223
G1 Z15.051 X129.404 Y116.696 E604.88428
G1 Z15.052 X128.377 Y115.998 E604.92633
G1 Z15.054 X127.395 Y115.237 E604.96838
G1 Z15.055 X126.463 Y114.415 E605.01043
G1 Z15.056 X125.585 Y113.537 E605.05248
G1 Z15.057 X124.763 Y112.605 E605.09453
G1 Z15.058 X124.002 Y111.623 E605.13658
G1 Z15.059 X123.304 Y110.596 E605.17863
G1 Z15.060 X122.671 Y109.527 E605.22068
G1 Z15.061 X122.107 Y108.42 E605.26273
G1 Z15.063 X121.614 Y107.28 E605.30478
G1 Z15.064 X121.193 Y106.111 E605.34683
G1 Z15.065 X120.846 Y104.918 E605.38888
G1 Z15.066 X120.575 Y103.705 E605.43093
G1 Z15.067 X120.381 Y102.478 E605.47298
G1 Z15.068 X120.264 Y101.242 E605.51503
G1 Z15.069 X120.225 Y100 E605.55708
G1 Z15.070 X120.264 Y98.758 E605.59913
G1 Z15.071 X120.381 Y97.522 E605.64118
G1 Z15.073 X120.575 Y96.295 E605.68323
G1 Z15.074 X120.846 Y95.082 E605.72528
G1 Z15.075 X121.193 Y93.889 E605.76733
G1 Z15.076 X121.614 Y92.72 E605.80938
G1 Z15.077 X122.107 Y91.58 E605.85143
G1 Z15.078 X122.671 Y90.473 E605.89348
G1 Z15.079 X123.304 Y89.404 E605.93553
G1 Z15.080 X123.738 Y88.765 E605.96171
;LAYER_CHANGE
;Z:15.28
;HEIGHT:0.2
G1 Z15.080 F600
G1 F6066
G1 Z15.080 X124.002 Y88.377 E605.97758
G1 Z15.082 X124.763 Y87.395 E606.01963
G1 Z15.083 X125.585 Y86.463 E606.06168
G1 Z15.084 X126.463 Y85.585 E606.10373
G1 Z15.085 X127.395 Y84.763 E606.14578
G1 Z15.086 X128.377 Y84.002 E606.18783
G1 Z15.087 X129.404 Y83.304 E606.22988
G1 Z15.088 X130.473 Y82.671 E606.27193
G1 Z15.089 X131.58 Y82.107 E606.31398
G1 Z15.090 X132.72 Y81.614 E606.35603
G1 Z15.092 X133.889 Y81.193 E606.39808
G1 Z15.093 X135.082 Y80.846 E606.44013
G1 Z15.094 X136.295 Y80.575 E606.48218
G1 Z15.095 X137.522 Y80.381 E606.52423
G1 Z15.096 X138.758 Y80.264 E606.56628
G1 Z15.097 X140.004 Y80.225 E606.60845
G1 Z15.111 X155.405 Y80.225 E607.12978
G1 Z15.111 X155.405 Y80.525 E607.13994
G1 Z15.114 X158.142 Y80.525 E607.23256
G1 Z15.114 X158.142 Y80.225 E607.24271
G1 Z15.115 X159.475 Y80.225 E607.28785
G1 Z15.124 X159.475 Y90.225 E607.62633
G1 Z15.125 X160.525 Y90.225 E607.66188
G1 Z15.134 X160.525 Y80.225 E608.00036
G1 Z15.151 X179.775 Y80.225 E608.65195
G1 Z15.165 X179.775 Y95.405 E609.16578
G1 Z15.165 X179.475 Y95.405 E609.17593
G1 Z15.168 X179.475 Y98.141 E609.26855
G1 Z15.168 X179.775 Y98.141 E609.27871
G1 Z15.169 X179.775 Y99.475 E609.32385
G1 Z15.178 X169.775 Y99.475 E609.66234
G1 Z15.179 X169.775 Y100.525 E609.69788
G1 Z15.188 X179.775 Y100.525 E610.03637
G1 Z15.206 X179.775 Y119.775 E610.68796
G1 Z15.241 X140.004 Y119.775 E612.03418
G1 Z15.242 X138.758 Y119.736 E612.07635
G1 Z15.244 X137.522 Y119.619 E612.1184
G1 Z15.245 X136.295 Y119.425 E612.16045
G1 Z15.246 X135.082 Y119.154 E612.2025
G1 Z15.247 X133.889 Y118.807 E612.24455
G1 Z15.248 X132.72 Y118.386 E612.2866
G1 Z15.249 X131.58 Y117.893 E612.32865
G1 Z15.250 X130.473 Y117.329 E612.3707
G1 Z15.251 X129.404 Y116.696 E612.41275
G1 Z15.252 X128.377 Y115.998 E612.4548
G1 Z15.254 X127.395 Y115.237 E612.49685
G1 Z15.255 X126.463 Y114.415 E612.5389
G1 Z15.256 X125.585 Y113.537 E612.58095
G1 Z15.257 X124.763 Y112.605 E612.623
G1 Z15.258 X124.002 Y111.623 E612.66505
G1 Z15.259 X123.304 Y110.596 E612.7071
G1 Z15.260 X122.671 Y109.527 E612.74915
G1 Z15.261 X122.107 Y108.42 E612.7912
G1 Z15.263 X121.614 Y107.28 E612.83325
G1 Z15.264 X121.193 Y106.111 E612.8753
G1 Z15.265 X120.846 Y104.918 E612.91735
G1 Z15.266 X120.575 Y103.705 E612.9594
G1 Z15.267 X120.381 Y102.478 E613.00145
G1 Z15.268 X120.264 Y101.242 E613.0435
G1 Z15.269 X120.225 Y100 E613.08555
G1 Z15.270 X120.264 Y98.758 E613.1276
G1 Z15.271 X120.381 Y97.522 E613.16965
G1 Z15.273 X120.575 Y96.295 E613.2117
G1 Z15.274 X120.846 Y95.082 E613.25375
G1 Z15.275 X121.193 Y93.889 E613.2958
G1 Z15.276 X121.614 Y92.72 E613.33785
G1 Z15.277 X122.107 Y91.58 E613.3799
G1 Z15.278 X122.671 Y90.473 E613.42195
G1 Z15.279 X123.304 Y89.404 E613.464
G1 Z15.280 X123.738 Y88.765 E613.49017
;LAYER_CHANGE
;Z:15.48
;HEIGHT:0.2
G1 Z15.280 F600
G1 F6066
G1 Z15.280 X124.002 Y88.377 E613.50605
G1 Z15.282 X124.763 Y87.395 E613.5481
G1 Z15.283 X125.585 Y86.463 E613.59015
G1 Z15.284 X126.463 Y85.585 E613.6322
G1 Z15.285 X127.395 Y84.763 E613.67425
G1 Z15.286 X128.377 Y84.002 E613.7163
G1 Z15.287 X129.404 Y83.304 E613.75835
G1 Z15.288 X130.473 Y82.671 E613.8004
G1 Z15.289 X131.58 Y82.107 E613.84245
G1 Z15.290 X132.72 Y81.614 E613.8845
G1 Z15.292 X133.889 Y81.193 E613.92655
G1 Z15.293 X135.082 Y80.846 E613.9686
G1 Z15.294 X136.295 Y80.575 E614.01065
G1 Z15.295 X137.522 Y80.381 E614.0527
G1 Z15.296 X138.758 Y80.264 E614.09474
G1 Z15.297 X140.004 Y80.225 E614.13692
G1 Z15.311 X155.405 Y80.225 E614.65824
G1 Z15.311 X155.405 Y80.525 E614.6684
G1 Z15.313 X157.795 Y80.525 E614.74929
G1 Z15.314 X157.795 Y80.225 E614.75945
G1 Z15.315 X159.475 Y80.225 E614.81631
G1 Z15.324 X159.475 Y90.225 E615.1548
G1 Z15.325 X160.525 Y90.225 E615.19034
G1 Z15.334 X160.525 Y80.225 E615.52883
G1 Z15.351 X179.775 Y80.225 E616.18042
G1 Z15.365 X179.775 Y95.405 E616.69424
G1 Z15.365 X179.475 Y95.405 E616.70439
G1 Z15.368 X179.475 Y97.795 E616.78529
G1 Z15.368 X179.775 Y97.795 E616.79544
G1 Z15.369 X179.775 Y99.475 E616.85232
G1 Z15.378 X169.775 Y99.475 E617.1908
G1 Z15.379 X169.775 Y100.525 E617.22635
G1 Z15.388 X179.775 Y100.525 E617.56483
G1 Z15.406 X179.775 Y119.775 E618.21642
G1 Z15.441 X140.004 Y119.775 E619.56264
G1 Z15.442 X138.758 Y119.736 E619.60481
G1 Z15.444 X137.522 Y119.619 E619.64686
G1 Z15.445 X136.295 Y119.425 E619.68891
G1 Z15.446 X135.082 Y119.154 E619.73096
G1 Z15.447 X133.889 Y118.807 E619.77301
G1 Z15.448 X132.72 Y118.386 E619.81506
G1 Z15.449 X131.58 Y117.893 E619.85711
G1 Z15.450 X130.473 Y117.329 E619.89916
G1 Z15.451 X129.404 Y116.696 E619.94121
G1 Z15.452 X128.377 Y115.998 E619.98326
G1 Z15.454 X127.395 Y115.237 E620.02531
G1 Z15.455 X126.463 Y114.415 E620.06736
G1 Z15.456 X125.585 Y113.537 E620.10941
G1 Z15.457 X124.763 Y112.605 E620.15146
G1 Z15.458 X124.002 Y111.623 E620.19351
G1 Z15.459 X123.304 Y110.596 E620.23556
G1 Z15.460 X122.671 Y109.527 E620.27761
G1 Z15.461 X122.107 Y108.42 E620.31966
G1 Z15.463 X121.614 Y107.28 E620.36171
G1 Z15.464 X121.193 Y106.111 E620.40376
G1 Z15.465 X120.846 Y104.918 E620.44581
G1 Z15.466 X120.575 Y103.705 E620.48786
G1 Z15.467 X120.381 Y102.478 E620.52991
G1 Z15.468 X120.264 Y101.242 E620.57196
G1 Z15.469 X120.225 Y100 E620.61401
G1 Z15.470 X120.264 Y98.758 E620.65606
G1 Z15.471 X120.381 Y97.522 E620.69811
G1 Z15.473 X120.575 Y96.295 E620.74016
G1 Z15.474 X120.846 Y95.082 E620.78221
G1 Z15.475 X121.193 Y93.889 E620.82426
G1 Z15.476 X121.614 Y92.72 E620.86631
G1 Z15.477 X122.107 Y91.58 E620.90836
G1 Z15.478 X122.671 Y90.473 E620.95041
G1 Z15.479 X123.304 Y89.404 E620.99246
G1 Z15.480 X123.738 Y88.765 E621.01863
;LAYER_CHANGE
;Z:15.68
;HEIGHT:0.200001
G1 Z15.480 F600
G1 F6066
G1 Z15.480 X124.002 Y88.377 E621.03451
G1 Z15.482 X124.763 Y87.395 E621.07656
G1 Z15.483 X125.585 Y86.463 E621.11861
G1 Z15.484 X126.463 Y85.585 E621.16066
G1 Z15.485 X127.395 Y84.763 E621.20271
G1 Z15.486 X128.377 Y84.002 E621.24476
G1 Z15.487 X129.404 Y83.304 E621.28681
G1 Z15.488 X130.473 Y82.671 E621.32886
G1 Z15.489 X131.58 Y82.107 E621.37091
G1 Z15.490 X132.72 Y81.614 E621.41296
G1 Z15.492 X133.889 Y81.193 E621.45501
G1 Z15.493 X135.082 Y80.846 E621.49706
G1 Z15.494 X136.295 Y80.575 E621.53911
G1 Z15.495 X137.522 Y80.381 E621.58116
G1 Z15.496 X138.758 Y80.264 E621.62321
G1 Z15.497 X140.004 Y80.225 E621.66538
G1 Z15.511 X155.405 Y80.225 E622.18671
G1 Z15.511 X155.405 Y80.525 E622.19686
G1 Z15.513 X157.449 Y80.525 E622.26603
G1 Z15.513 X157.449 Y80.225 E622.27619
G1 Z15.515 X159.475 Y80.225 E622.34477
G1 Z15.524 X159.475 Y90.225 E622.68326
G1 Z15.525 X160.525 Y90.225 E622.7188
G1 Z15.534 X160.525 Y80.225 E623.05729
G1 Z15.551 X179.775 Y80.225 E623.70888
G1 Z15.565 X179.775 Y95.405 E624.2227
G1 Z15.565 X179.475 Y95.405 E624.23286
G1 Z15.567 X179.475 Y97.448 E624.30203
G1 Z15.567 X179.775 Y97.448 E624.31218
G1 Z15.569 X179.775 Y99.475 E624.38078
G1 Z15.578 X169.775 Y99.475 E624.71927
G1 Z15.579 X169.775 Y100.525 E624.75481
G1 Z15.588 X179.775 Y100.525 E625.0933
G1 Z15.606 X179.775 Y119.775 E625.74489
G1 Z15.641 X140.004 Y119.775 E627.0911
G1 Z15.642 X138.758 Y119.736 E627.13327
G1 Z15.644 X137.522 Y119.619 E627.17532
G1 Z15.645 X136.295 Y119.425 E627.21737
G1 Z15.646 X135.082 Y119.154 E627.25942
G1 Z15.647 X133.889 Y118.807 E627.30147
G1 Z15.648 X132.72 Y118.386 E627.34352
G1 Z15.649 X131.58 Y117.893 E627.38557
G1 Z15.650 X130.473 Y117.329 E627.42762
G1 Z15.651 X129.404 Y116.696 E627.46967
G1 Z15.652 X128.377 Y115.998 E627.51172
G1 Z15.654 X127.395 Y115.237 E627.55377
G1 Z15.655 X126.463 Y114.415 E627.59582
G1 Z15.656 X125.585 Y113.537 E627.63787
G1 Z15.657 X124.763 Y112.605 E627.67992
G1 Z15.658 X124.002 Y111.623 E627.72197
G1 Z15.659 X123.304 Y110.596 E627.76402
G1 Z15.660 X122.671 Y109.527 E627.80607
G1 Z15.661 X122.107 Y108.42 E627.84812
G1 Z15.663 X121.614 Y107.28 E627.89017
G1 Z15.664 X121.193 Y106.111 E627.93222
G1 Z15.665 X120.846 Y104.918 E627.97427
G1 Z15.666 X120.575 Y103.705 E628.01632
G1 Z15.667 X120.381 Y102.478 E628.05837
G1 Z15.668 X120.264 Y101.242 E628.10042
G1 Z15.669 X120.225 Y100 E628.14247
G1 Z15.670 X120.264 Y98.758 E628.18452
G1 Z15.671 X120.381 Y97.522 E628.22657
G1 Z15.673 X120.575 Y96.295 E628.26862
G1 Z15.674 X120.846 Y95.082 E628.31067
G1 Z15.675 X121.193 Y93.889 E628.35272
G1 Z15.676 X121.614 Y92.72 E628.39477
G1 Z15.677 X122.107 Y91.58 E628.43682
G1 Z15.678 X122.671 Y90.473 E628.47887
G1 Z15.679 X123.304 Y89.404 E628.52092
G1 Z15.680 X123.738 Y88.765 E628.5471
;LAYER_CHANGE
;Z:15.88
;HEIGHT:0.2
G1 Z15.680 F600
G1 F6066
G1 Z15.680 X124.002 Y88.377 E628.56297
G1 Z15.682 X124.763 Y87.395 E628.60502
G1 Z15.683 X125.585 Y86.463 E628.64707
G1 Z15.684 X126.463 Y85.585 E628.68912
G1 Z15.685 X127.395 Y84.763 E628.73117
G1 Z15.686 X128.377 Y84.002 E628.77322
G1 Z15.687 X129.404 Y83.304 E628.81527
G1 Z15.688 X130.473 Y82.671 E628.85732
G1 Z15.689 X131.58 Y82.107 E628.89937
G1 Z15.690 X132.72 Y81.614 E628.94142
G1 Z15.692 X133.889 Y81.193 E628.98347
G1 Z15.693 X135.082 Y80.846 E629.02552
G1 Z15.694 X136.295 Y80.575 E629.06757
G1 Z15.695 X137.522 Y80.381 E629.10962
G1 Z15.696 X138.758 Y80.264 E629.15167
G1 Z15.697 X140.004 Y80.225 E629.19384
G1 Z15.711 X155.405 Y80.225 E629.71517
G1 Z15.711 X155.405 Y80.525 E629.72533
G1 Z15.713 X157.102 Y80.525 E629.78277
G1 Z15.713 X157.102 Y80.225 E629.79293
G1 Z15.715 X159.475 Y80.225 E629.87324
G1 Z15.724 X159.475 Y90.225 E630.21173
G1 Z15.725 X160.525 Y90.225 E630.24727
G1 Z15.734 X160.525 Y80.225 E630.58576
G1 Z15.751 X179.775 Y80.225 E631.23735
G1 Z15.765 X179.775 Y95.405 E631.75117
G1 Z15.765 X179.475 Y95.405 E631.76132
G1 Z15.767 X179.475 Y97.102 E631.81877
G1 Z15.767 X179.775 Y97.102 E631.82892
G1 Z15.769 X179.775 Y99.475 E631.90924
G1 Z15.778 X169.775 Y99.475 E632.24773
G1 Z15.779 X169.775 Y100.525 E632.28327
G1 Z15.788 X179.775 Y100.525 E632.62176
G1 Z15.806 X179.775 Y119.775 E633.27335
G1 Z15.841 X140.004 Y119.775 E634.61957
G1 Z15.842 X138.758 Y119.736 E634.66174
G1 Z15.844 X137.522 Y119.619 E634.70379
G1 Z15.845 X136.295 Y119.425 E634.74584
G1 Z15.846 X135.082 Y119.154 E634.78789
G1 Z15.847 X133.889 Y118.807 E634.82994
G1 Z15.848 X132.72 Y118.386 E634.87199
G1 Z15.849 X131.58 Y117.893 E634.91404
G1 Z15.850 X130.473 Y117.329 E634.95609
G1 Z15.851 X129.404 Y116.696 E634.99814
G1 Z15.852 X128.377 Y115.998 E635.04019
G1 Z15.854 X127.395 Y115.237 E635.08224
G1 Z15.855 X126.463 Y114.415 E635.12429
G1 Z15.856 X125.585 Y113.537 E635.16634
G1 Z15.857 X124.763 Y112.605 E635.20839
G1 Z15.858 X124.002 Y111.623 E635.25044
G1 Z15.859 X123.304 Y110.596 E635.29249
G1 Z15.860 X122.671 Y109.527 E635.33454
G1 Z15.861 X122.107 Y108.42 E635.37659
G1 Z15.863 X121.614 Y107.28 E635.41864
G1 Z15.864 X121.193 Y106.111 E635.46069
G1 Z15.865 X120.846 Y104.918 E635.50274
G1 Z15.866 X120.575 Y103.705 E635.54479
G1 Z15.867 X120.381 Y102.478 E635.58684
G1 Z15.868 X120.264 Y101.242 E635.62889
G1 Z15.869 X120.225 Y100 E635.67094
G1 Z15.870 X120.264 Y98.758 E635.71299
G1 Z15.871 X120.381 Y97.522 E635.75504
G1 Z15.873 X120.575 Y96.295 E635.79709
G1 Z15.874 X120.846 Y95.082 E635.83914
G1 Z15.875 X121.193 Y93.889 E635.88119
G1 Z15.876 X121.614 Y92.72 E635.92324
G1 Z15.877 X122.107 Y91.58 E635.96529
G1 Z15.878 X122.671 Y90.473 E636.00734
G1 Z15.879 X123.304 Y89.404 E636.04939
G1 Z15.880 X123.738 Y88.765 E636.07556
;LAYER_CHANGE
;Z:16.08
;HEIGHT:0.2
G1 Z15.880 F600
G1 F6066
G1 Z15.880 X124.002 Y88.377 E636.09144
G1 Z15.882 X124.763 Y87.395 E636.13349
G1 Z15.883 X125.585 Y86.463 E636.17554
G1 Z15.884 X126.463 Y85.585 E636.21759
G1 Z15.885 X127.395 Y84.763 E636.25964
G1 Z15.886 X128.377 Y84.002 E636.30169
G1 Z15.887 X129.404 Y83.304 E636.34374
G1 Z15.888 X130.473 Y82.671 E636.38579
G1 Z15.889 X131.58 Y82.107 E636.42784
G1 Z15.890 X132.72 Y81.614 E636.46989
G1 Z15.892 X133.889 Y81.193 E636.51194
G1 Z15.893 X135.082 Y80.846 E636.55399
G1 Z15.894 X136.295 Y80.575 E636.59604
G1 Z15.895 X137.522 Y80.381 E636.63809
G1 Z15.896 X138.758 Y80.264 E636.68014
G1 Z15.897 X140.004 Y80.225 E636.72231
G1 Z15.911 X155.405 Y80.225 E637.24364
G1 Z15.911 X155.405 Y80.525 E637.25379
G1 Z15.913 X156.756 Y80.525 E637.29951
G1 Z15.913 X156.756 Y80.225 E637.30966
G1 Z15.915 X159.475 Y80.225 E637.4017
G1 Z15.924 X159.475 Y90.225 E637.74019
G1 Z15.925 X160.525 Y90.225 E637.77573
G1 Z15.934 X160.525 Y80.225 E638.11422
G1 Z15.951 X179.775 Y80.225 E638.76581
G1 Z15.965 X179.775 Y95.405 E639.27963
G1 Z15.965 X179.475 Y95.405 E639.28979
G1 Z15.967 X179.475 Y96.756 E639.3355
G1 Z15.967 X179.775 Y96.756 E639.34566
G1 Z15.969 X179.775 Y99.475 E639.43771
G1 Z15.978 X169.775 Y99.475 E639.7762
G1 Z15.979 X169.775 Y100.525 E639.81174
G1 Z15.988 X179.775 Y100.525 E640.15023
G1 Z16.006 X179.775 Y119.775 E640.80181
G1 Z16.041 X140.004 Y119.775 E642.14803
G1 Z16.042 X138.758 Y119.736 E642.1902
G1 Z16.044 X137.522 Y119.619 E642.23225
G1 Z16.045 X136.295 Y119.425 E642.2743
G1 Z16.046 X135.082 Y119.154 E642.31635
G1 Z16.047 X133.889 Y118.807 E642.3584
G1 Z16.048 X132.72 Y118.386 E642.40045
G1 Z16.049 X131.58 Y117.893 E642.4425
G1 Z16.050 X130.473 Y117.329 E642.48455
G1 Z16.051 X129.404 Y116.696 E642.5266
G1 Z16.052 X128.377 Y115.998 E642.56865
G1 Z16.054 X127.395 Y115.237 E642.6107
G1 Z16.055 X126.463 Y114.415 E642.65275
G1 Z16.056 X125.585 Y113.537 E642.6948
G1 Z16.057 X124.763 Y112.605 E642.73685
G1 Z16.058 X124.002 Y111.623 E642.7789
G1 Z16.059 X123.304 Y110.596 E642.82095
G1 Z16.060 X122.671 Y109.527 E642.863
G1 Z16.061 X122.107 Y108.42 E642.90505
G1 Z16.063 X121.614 Y107.28 E642.9471
G1 Z16.064 X121.193 Y106.111 E642.98915
G1 Z16.065 X120.846 Y104.918 E643.0312
G1 Z16.066 X120.575 Y103.705 E643.07325
G1 Z16.067 X120.381 Y102.478 E643.1153
G1 Z16.068 X120.264 Y101.242 E643.15735
G1 Z16.069 X120.225 Y100 E643.1994
G1 Z16.070 X120.264 Y98.758 E643.24145
G1 Z16.071 X120.381 Y97.522 E643.2835
G1 Z16.073 X120.575 Y96.295 E643.32555
G1 Z16.074 X120.846 Y95.082 E643.3676
G1 Z16.075 X121.193 Y93.889 E643.40965
G1 Z16.076 X121.614 Y92.72 E643.4517
G1 Z16.077 X122.107 Y91.58 E643.49375
G1 Z16.078 X122.671 Y90.473 E643.5358
G1 Z16.079 X123.304 Y89.404 E643.57785
G1 Z16.080 X123.738 Y88.765 E643.60403
;LAYER_CHANGE
;Z:16.28
;HEIGHT:0.200001
G1 Z16.080 F600
G1 F6066
G1 Z16.080 X124.002 Y88.377 E643.6199
G1 Z16.082 X124.763 Y87.395 E643.66195
G1 Z16.083 X125.585 Y86.463 E643.704
G1 Z16.084 X126.463 Y85.585 E643.74605
G1 Z16.085 X127.395 Y84.763 E643.7881
G1 Z16.086 X128.377 Y84.002 E643.83015
G1 Z16.087 X129.404 Y83.304 E643.8722
G1 Z16.088 X130.473 Y82.671 E643.91425
G1 Z16.089 X131.58 Y82.107 E643.9563
G1 Z16.090 X132.72 Y81.614 E643.99835
G1 Z16.092 X133.889 Y81.193 E644.0404
G1 Z16.093 X135.082 Y80.846 E644.08245
G1 Z16.094 X136.295 Y80.575 E644.1245
G1 Z16.095 X137.522 Y80.381 E644.16655
G1 Z16.096 X138.758 Y80.264 E644.2086
G1 Z16.097 X140.004 Y80.225 E644.25077
G1 Z16.111 X155.405 Y80.225 E644.7721
G1 Z16.111 X155.405 Y80.525 E644.78225
G1 Z16.112 X156.409 Y80.525 E644.81625
G1 Z16.112 X156.409 Y80.225 E644.8264
G1 Z16.115 X159.475 Y80.225 E644.93017
G1 Z16.124 X159.475 Y90.225 E645.26865
G1 Z16.125 X160.525 Y90.225 E645.30419
G1 Z16.134 X160.525 Y80.225 E645.64268
G1 Z16.151 X179.775 Y80.225 E646.29427
G1 Z16.165 X179.775 Y95.405 E646.8081
G1 Z16.165 X179.475 Y95.405 E646.81825
G1 Z16.166 X179.475 Y96.409 E646.85224
G1 Z16.167 X179.775 Y96.409 E646.8624
G1 Z16.169 X179.775 Y99.475 E646.96617
G1 Z16.178 X169.775 Y99.475 E647.30466
G1 Z16.179 X169.775 Y100.525 E647.3402
G1 Z16.188 X179.775 Y100.525 E647.67869
G1 Z16.206 X179.775 Y119.775 E648.33028
G1 Z16.241 X140.004 Y119.775 E649.67649
G1 Z16.242 X138.758 Y119.736 E649.71867
G1 Z16.244 X137.522 Y119.619 E649.76072
G1 Z16.245 X136.295 Y119.425 E649.80277
G1 Z16.246 X135.082 Y119.154 E649.84482
G1 Z16.247 X133.889 Y118.807 E649.88687
G1 Z16.248 X132.72 Y118.386 E649.92892
G1 Z16.249 X131.58 Y117.893 E649.97096
G1 Z16.250 X130.473 Y117.329 E650.01302
G1 Z16.251 X129.404 Y116.696 E650.05507
G1 Z16.252 X128.377 Y115.998 E650.09711
G1 Z16.254 X127.395 Y115.237 E650.13917
G1 Z16.255 X126.463 Y114.415 E650.18122
G1 Z16.256 X125.585 Y113.537 E650.22327
G1 Z16.257 X124.763 Y112.605 E650.26531
G1 Z16.258 X124.002 Y111.623 E650.30736
G1 Z16.259 X123.304 Y110.596 E650.34941
G1 Z16.260 X122.671 Y109.527 E650.39147
G1 Z16.261 X122.107 Y108.42 E650.43352
G1 Z16.263 X121.614 Y107.28 E650.47556
G1 Z16.264 X121.193 Y106.111 E650.51762
G1 Z16.265 X120.846 Y104.918 E650.55966
G1 Z16.266 X120.575 Y103.705 E650.60172
G1 Z16.267 X120.381 Y102.478 E650.64376
G1 Z16.268 X120.264 Y101.242 E650.68581
G1 Z16.269 X120.225 Y100 E650.72786
G1 Z16.270 X120.264 Y98.758 E650.76992
G1 Z16.271 X120.381 Y97.522 E650.81196
G1 Z16.273 X120.575 Y96.295 E650.85401
G1 Z16.274 X120.846 Y95.082 E650.89607
G1 Z16.275 X121.193 Y93.889 E650.93811
G1 Z16.276 X121.614 Y92.72 E650.98017
G1 Z16.277 X122.107 Y91.58 E651.02221
G1 Z16.278 X122.671 Y90.473 E651.06427
G1 Z16.279 X123.304 Y89.404 E651.10631
G1 Z16.280 X123.738 Y88.765 E651.13249
;LAYER_CHANGE
;Z:16.48
;HEIGHT:0.199999
G1 Z16.280 F600
G1 F6066
G1 Z16.280 X124.002 Y88.377 E651.14836
G1 Z16.282 X124.763 Y87.395 E651.19042
G1 Z16.283 X125.585 Y86.463 E651.23246
G1 Z16.284 X126.463 Y85.585 E651.27451
G1 Z16.285 X127.395 Y84.763 E651.31656
G1 Z16.286 X128.377 Y84.002 E651.35861
G1 Z16.287 X129.404 Y83.304 E651.40066
G1 Z16.288 X130.473 Y82.671 E651.44271
G1 Z16.289 X131.58 Y82.107 E651.48476
G1 Z16.290 X132.72 Y81.614 E651.52681
G1 Z16.292 X133.889 Y81.193 E651.56886
G1 Z16.293 X135.082 Y80.846 E651.61091
G1 Z16.294 X136.295 Y80.575 E651.65296
G1 Z16.295 X137.522 Y80.381 E651.69501
G1 Z16.296 X138.758 Y80.264 E651.73706
G1 Z16.297 X140.004 Y80.225 E651.77924
G1 Z16.311 X155.405 Y80.225 E652.30056
G1 Z16.311 X155.405 Y80.525 E652.31072
G1 Z16.312 X156.063 Y80.525 E652.33299
G1 Z16.312 X156.063 Y80.225 E652.34314
G1 Z16.315 X159.475 Y80.225 E652.45863
G1 Z16.324 X159.475 Y90.225 E652.79712
G1 Z16.325 X160.525 Y90.225 E652.83266
G1 Z16.334 X160.525 Y80.225 E653.17115
G1 Z16.351 X179.775 Y80.225 E653.82274
G1 Z16.365 X179.775 Y95.405 E654.33656
G1 Z16.365 X179.475 Y95.405 E654.34671
G1 Z16.366 X179.475 Y96.063 E654.36898
G1 Z16.366 X179.775 Y96.063 E654.37914
G1 Z16.369 X179.775 Y99.475 E654.49464
G1 Z16.378 X169.775 Y99.475 E654.83312
G1 Z16.379 X169.775 Y100.525 E654.86866
G1 Z16.388 X179.775 Y100.525 E655.20715
G1 Z16.406 X179.775 Y119.775 E655.85874
G1 Z16.441 X140.004 Y119.775 E657.20496
G1 Z16.442 X138.758 Y119.736 E657.24713
G1 Z16.444 X137.522 Y119.619 E657.28918
G1 Z16.445 X136.295 Y119.425 E657.33123
G1 Z16.446 X135.082 Y119.154 E657.37328
G1 Z16.447 X133.889 Y118.807 E657.41533
G1 Z16.448 X132.72 Y118.386 E657.45738
G1 Z16.449 X131.58 Y117.893 E657.49943
G1 Z16.450 X130.473 Y117.329 E657.54148
G1 Z16.451 X129.404 Y116.696 E657.58353
G1 Z16.452 X128.377 Y115.998 E657.62558
G1 Z16.454 X127.395 Y115.237 E657.66763
G1 Z16.455 X126.463 Y114.415 E657.70968
G1 Z16.456 X125.585 Y113.537 E657.75173
G1 Z16.457 X124.763 Y112.605 E657.79378
G1 Z16.458 X124.002 Y111.623 E657.83583
G1 Z16.459 X123.304 Y110.596 E657.87788
G1 Z16.460 X122.671 Y109.527 E657.91993
G1 Z16.461 X122.107 Y108.42 E657.96198
G1 Z16.463 X121.614 Y107.28 E658.00403
G1 Z16.464 X121.193 Y106.111 E658.04608
G1 Z16.465 X120.846 Y104.918 E658.08813
G1 Z16.466 X120.575 Y103.705 E658.13018
G1 Z16.467 X120.381 Y102.478 E658.17223
G1 Z16.468 X120.264 Y101.242 E658.21428
G1 Z16.469 X120.225 Y100 E658.25633
G1 Z16.470 X120.264 Y98.758 E658.29838
G1 Z16.471 X120.381 Y97.522 E658.34043
G1 Z16.473 X120.575 Y96.295 E658.38248
G1 Z16.474 X120.846 Y95.082 E658.42453
G1 Z16.475 X121.193 Y93.889 E658.46658
G1 Z16.476 X121.614 Y92.72 E658.50863
G1 Z16.477 X122.107 Y91.58 E658.55068
G1 Z16.478 X122.671 Y90.473 E658.59273
G1 Z16.479 X123.304 Y89.404 E658.63478
G1 Z16.480 X123.738 Y88.765 E658.66095
;LAYER_CHANGE
;Z:16.68
;HEIGHT:0.200001
G1 Z16.480 F600
G1 F6052
G1 Z16.480 X124.002 Y88.377 E658.67683
G1 Z16.482 X124.763 Y87.395 E658.71888
G1 Z16.483 X125.585 Y86.463 E658.76093
G1 Z16.484 X126.463 Y85.585 E658.80298
G1 Z16.485 X127.395 Y84.763 E658.84503
G1 Z16.486 X128.377 Y84.002 E658.88708
G1 Z16.487 X129.404 Y83.304 E658.92913
G1 Z16.488 X130.473 Y82.671 E658.97118
G1 Z16.489 X131.58 Y82.107 E659.01323
G1 Z16.491 X132.72 Y81.614 E659.05528
G1 Z16.492 X133.889 Y81.193 E659.09733
G1 Z16.493 X135.082 Y80.846 E659.13938
G1 Z16.494 X136.295 Y80.575 E659.18143
G1 Z16.495 X137.522 Y80.381 E659.22348
G1 Z16.496 X138.758 Y80.264 E659.26553
G1 Z16.497 X140.004 Y80.225 E659.3077
G1 Z16.515 X159.475 Y80.225 E659.96678
G1 Z16.524 X159.475 Y90.225 E660.30527
G1 Z16.525 X160.525 Y90.225 E660.34081
G1 Z16.534 X160.525 Y80.225 E660.6793
G1 Z16.551 X179.775 Y80.225 E661.33089
G1 Z16.569 X179.775 Y99.475 E661.98248
G1 Z16.578 X169.775 Y99.475 E662.32097
G1 Z16.579 X169.775 Y100.525 E662.35651
G1 Z16.588 X179.775 Y100.525 E662.695
G1 Z16.605 X179.775 Y119.775 E663.34659
G1 Z16.641 X140.004 Y119.775 E664.6928
G1 Z16.642 X138.758 Y119.736 E664.73497
G1 Z16.643 X137.522 Y119.619 E664.77702
G1 Z16.644 X136.295 Y119.425 E664.81907
G1 Z16.646 X135.082 Y119.154 E664.86112
G1 Z16.647 X133.889 Y118.807 E664.90317
G1 Z16.648 X132.72 Y118.386 E664.94522
G1 Z16.649 X131.58 Y117.893 E664.98727
G1 Z16.650 X130.473 Y117.329 E665.02932
G1 Z16.651 X129.404 Y116.696 E665.07137
G1 Z16.652 X128.377 Y115.998 E665.11342
G1 Z16.653 X127.395 Y115.237 E665.15547
G1 Z16.655 X126.463 Y114.415 E665.19752
G1 Z16.656 X125.585 Y113.537 E665.23957
G1 Z16.657 X124.763 Y112.605 E665.28162
G1 Z16.658 X124.002 Y111.623 E665.32367
G1 Z16.659 X123.304 Y110.596 E665.36572
G1 Z16.660 X122.671 Y109.527 E665.40777
G1 Z16.661 X122.107 Y108.42 E665.44982
G1 Z16.662 X121.614 Y107.28 E665.49187
G1 Z16.664 X121.193 Y106.111 E665.53392
G1 Z16.665 X120.846 Y104.918 E665.57597
G1 Z16.666 X120.575 Y103.705 E665.61802
G1 Z16.667 X120.381 Y102.478 E665.66007
G1 Z16.668 X120.264 Y101.242 E665.70212
G1 Z16.669 X120.225 Y100 E665.74417
G1 Z16.670 X120.264 Y98.758 E665.78622
G1 Z16.671 X120.381 Y97.522 E665.82827
G1 Z16.673 X120.575 Y96.295 E665.87032
G1 Z16.674 X120.846 Y95.082 E665.91237
G1 Z16.675 X121.193 Y93.889 E665.95442
G1 Z16.676 X121.614 Y92.72 E665.99647
G1 Z16.677 X122.107 Y91.58 E666.03852
G1 Z16.678 X122.671 Y90.473 E666.08057
G1 Z16.679 X123.304 Y89.404 E666.12262
G1 Z16.680 X123.738 Y88.765 E666.1488
;LAYER_CHANGE
;Z:16.88
;HEIGHT:0.199999
G1 Z16.680 F600
G1 F6052
G1 Z16.680 X124.002 Y88.377 E666.16467
G1 Z16.682 X124.763 Y87.395 E666.20672
G1 Z16.683 X125.585 Y86.463 E666.24877
G1 Z16.684 X126.463 Y85.585 E666.29082
G1 Z16.685 X127.395 Y84.763 E666.33287
G1 Z16.686 X128.377 Y84.002 E666.37492
G1 Z16.687 X129.404 Y83.304 E666.41697
G1 Z16.688 X130.473 Y82.671 E666.45902
G1 Z16.689 X131.58 Y82.107 E666.50107
G1 Z16.691 X132.72 Y81.614 E666.54312
G1 Z16.692 X133.889 Y81.193 E666.58517
G1 Z16.693 X135.082 Y80.846 E666.62722
G1 Z16.694 X136.295 Y80.575 E666.66927
G1 Z16.695 X137.522 Y80.381 E666.71132
G1 Z16.696 X138.758 Y80.264 E666.75337
G1 Z16.697 X140.004 Y80.225 E666.79554
G1 Z16.715 X159.475 Y80.225 E667.45463
G1 Z16.724 X159.475 Y90.225 E667.79312
G1 Z16.725 X160.525 Y90.225 E667.82866
G1 Z16.734 X160.525 Y80.225 E668.16715
G1 Z16.751 X179.775 Y80.225 E668.81874
G1 Z16.769 X179.775 Y99.475 E669.47033
G1 Z16.778 X169.775 Y99.475 E669.80881
G1 Z16.779 X169.775 Y100.525 E669.84436
G1 Z16.788 X179.775 Y100.525 E670.18284
G1 Z16.805 X179.775 Y119.775 E670.83443
G1 Z16.841 X140.004 Y119.775 E672.18065
G1 Z16.842 X138.758 Y119.736 E672.22282
G1 Z16.843 X137.522 Y119.619 E672.26487
G1 Z16.844 X136.295 Y119.425 E672.30692
G1 Z16.846 X135.082 Y119.154 E672.34897
G1 Z16.847 X133.889 Y118.807 E672.39102
G1 Z16.848 X132.72 Y118.386 E672.43307
G1 Z16.849 X131.58 Y117.893 E672.47512
G1 Z16.850 X130.473 Y117.329 E672.51717
G1 Z16.851 X129.404 Y116.696 E672.55922
G1 Z16.852 X128.377 Y115.998 E672.60127
G1 Z16.853 X127.395 Y115.237 E672.64332
G1 Z16.855 X126.463 Y114.415 E672.68537
G1 Z16.856 X125.585 Y113.537 E672.72742
G1 Z16.857 X124.763 Y112.605 E672.76947
G1 Z16.858 X124.002 Y111.623 E672.81152
G1 Z16.859 X123.304 Y110.596 E672.85357
G1 Z16.860 X122.671 Y109.527 E672.89562
G1 Z16.861 X122.107 Y108.42 E672.93767
G1 Z16.862 X121.614 Y107.28 E672.97972
G1 Z16.864 X121.193 Y106.111 E673.02177
G1 Z16.865 X120.846 Y104.918 E673.06382
G1 Z16.866 X120.575 Y103.705 E673.10587
G1 Z16.867 X120.381 Y102.478 E673.14792
G1 Z16.868 X120.264 Y101.242 E673.18997
G1 Z16.869 X120.225 Y100 E673.23202
G1 Z16.870 X120.264 Y98.758 E673.27407
G1 Z16.871 X120.381 Y97.522 E673.31612
G1 Z16.873 X120.575 Y96.295 E673.35817
G1 Z16.874 X120.846 Y95.082 E673.40022
G1 Z16.875 X121.193 Y93.889 E673.44227
G1 Z16.876 X121.614 Y92.72 E673.48432
G1 Z16.877 X122.107 Y91.58 E673.52637
G1 Z16.878 X122.671 Y90.473 E673.56842
G1 Z16.879 X123.304 Y89.404 E673.61047
G1 Z16.880 X123.738 Y88.765 E673.63664
;LAYER_CHANGE
;Z:17.08
;HEIGHT:0.200001
G1 Z16.880 F600
G1 F6052
G1 Z16.880 X124.002 Y88.377 E673.65252
G1 Z16.882 X124.763 Y87.395 E673.69457
G1 Z16.883 X125.585 Y86.463 E673.73662
G1 Z16.884 X126.463 Y85.585 E673.77867
G1 Z16.885 X127.395 Y84.763 E673.82072
G1 Z16.886 X128.377 Y84.002 E673.86277
G1 Z16.887 X129.404 Y83.304 E673.90482
G1 Z16.888 X130.473 Y82.671 E673.94687
G1 Z16.889 X131.58 Y82.107 E673.98892
G1 Z16.891 X132.72 Y81.614 E674.03097
G1 Z16.892 X133.889 Y81.193 E674.07302
G1 Z16.893 X135.082 Y80.846 E674.11507
G1 Z16.894 X136.295 Y80.575 E674.15712
G1 Z16.895 X137.522 Y80.381 E674.19917
G1 Z16.896 X138.758 Y80.264 E674.24122
G1 Z16.897 X140.004 Y80.225 E674.28339
G1 Z16.915 X159.475 Y80.225 E674.94247
G1 Z16.924 X159.475 Y90.225 E675.28096
G1 Z16.925 X160.525 Y90.225 E675.3165
G1 Z16.934 X160.525 Y80.225 E675.65499
G1 Z16.951 X179.775 Y80.225 E676.30658
G1 Z16.969 X179.775 Y99.475 E676.95817
G1 Z16.978 X169.775 Y99.475 E677.29666
G1 Z16.979 X169.775 Y100.525 E677.3322
G1 Z16.988 X179.775 Y100.525 E677.67069
G1 Z17.005 X179.775 Y119.775 E678.32228
G1 Z17.041 X140.004 Y119.775 E679.66849
G1 Z17.042 X138.758 Y119.736 E679.71066
G1 Z17.043 X137.522 Y119.619 E679.75272
G1 Z17.044 X136.295 Y119.425 E679.79476
G1 Z17.046 X135.082 Y119.154 E679.83682
G1 Z17.047 X133.889 Y118.807 E679.87886
G1 Z17.048 X132.72 Y118.386 E679.92092
G1 Z17.049 X131.58 Y117.893 E679.96296
G1 Z17.050 X130.473 Y117.329 E680.00501
G1 Z17.051 X129.404 Y116.696 E680.04706
G1 Z17.052 X128.377 Y115.998 E680.08911
G1 Z17.053 X127.395 Y115.237 E680.13117
G1 Z17.055 X126.463 Y114.415 E680.17321
G1 Z17.056 X125.585 Y113.537 E680.21526
G1 Z17.057 X124.763 Y112.605 E680.25731
G1 Z17.058 X124.002 Y111.623 E680.29936
G1 Z17.059 X123.304 Y110.596 E680.34141
G1 Z17.060 X122.671 Y109.527 E680.38346
G1 Z17.061 X122.107 Y108.42 E680.42551
G1 Z17.062 X121.614 Y107.28 E680.46756
G1 Z17.064 X121.193 Y106.111 E680.50961
G1 Z17.065 X120.846 Y104.918 E680.55166
G1 Z17.066 X120.575 Y103.705 E680.59371
G1 Z17.067 X120.381 Y102.478 E680.63576
G1 Z17.068 X120.264 Y101.242 E680.67781
G1 Z17.069 X120.225 Y100 E680.71986
G1 Z17.070 X120.264 Y98.758 E680.76191
G1 Z17.071 X120.381 Y97.522 E680.80396
G1 Z17.073 X120.575 Y96.295 E680.84601
G1 Z17.074 X120.846 Y95.082 E680.88806
G1 Z17.075 X121.193 Y93.889 E680.93011
G1 Z17.076 X121.614 Y92.72 E680.97216
G1 Z17.077 X122.107 Y91.58 E681.01421
G1 Z17.078 X122.671 Y90.473 E681.05626
G1 Z17.079 X123.304 Y89.404 E681.09831
G1 Z17.080 X123.738 Y88.765 E681.12449
;LAYER_CHANGE
;Z:17.28
;HEIGHT:0.200001
G1 Z17.080 F600
G1 F6052
G1 Z17.080 X124.002 Y88.377 E681.14036
G1 Z17.082 X124.763 Y87.395 E681.18242
G1 Z17.083 X125.585 Y86.463 E681.22446
G1 Z17.084 X126.463 Y85.585 E681.26651
G1 Z17.085 X127.395 Y84.763 E681.30856
G1 Z17.086 X128.377 Y84.002 E681.35061
G1 Z17.087 X129.404 Y83.304 E681.39266
G1 Z17.088 X130.473 Y82.671 E681.43471
G1 Z17.089 X131.58 Y82.107 E681.47676
G1 Z17.091 X132.72 Y81.614 E681.51881
G1 Z17.092 X133.889 Y81.193 E681.56086
G1 Z17.093 X135.082 Y80.846 E681.60291
G1 Z17.094 X136.295 Y80.575 E681.64496
G1 Z17.095 X137.522 Y80.381 E681.68701
G1 Z17.096 X138.758 Y80.264 E681.72906
G1 Z17.097 X140.004 Y80.225 E681.77124
G1 Z17.115 X159.475 Y80.225 E682.43032
G1 Z17.124 X159.475 Y90.225 E682.76881
G1 Z17.125 X160.525 Y90.225 E682.80435
G1 Z17.134 X160.525 Y80.225 E683.14284
G1 Z17.151 X179.775 Y80.225 E683.79443
G1 Z17.169 X179.775 Y99.475 E684.44602
G1 Z17.178 X169.775 Y99.475 E684.7845
G1 Z17.179 X169.775 Y100.525 E684.82005
G1 Z17.188 X179.775 Y100.525 E685.15853
G1 Z17.205 X179.775 Y119.775 E685.81012
G1 Z17.241 X140.004 Y119.775 E687.15634
G1 Z17.242 X138.758 Y119.736 E687.19851
G1 Z17.243 X137.522 Y119.619 E687.24056
G1 Z17.244 X136.295 Y119.425 E687.28261
G1 Z17.246 X135.082 Y119.154 E687.32466
G1 Z17.247 X133.889 Y118.807 E687.36671
G1 Z17.248 X132.72 Y118.386 E687.40876
G1 Z17.249 X131.58 Y117.893 E687.45081
G1 Z17.250 X130.473 Y117.329 E687.49286
G1 Z17.251 X129.404 Y116.696 E687.53491
G1 Z17.252 X128.377 Y115.998 E687.57696
G1 Z17.253 X127.395 Y115.237 E687.61901
G1 Z17.255 X126.463 Y114.415 E687.66106
G1 Z17.256 X125.585 Y113.537 E687.70311
G1 Z17.257 X124.763 Y112.605 E687.74516
G1 Z17.258 X124.002 Y111.623 E687.78721
G1 Z17.259 X123.304 Y110.596 E687.82926
G1 Z17.260 X122.671 Y109.527 E687.87131
G1 Z17.261 X122.107 Y108.42 E687.91336
G1 Z17.262 X121.614 Y107.28 E687.95541
G1 Z17.264 X121.193 Y106.111 E687.99746
G1 Z17.265 X120.846 Y104.918 E688.03951
G1 Z17.266 X120.575 Y103.705 E688.08156
G1 Z17.267 X120.381 Y102.478 E688.12361
G1 Z17.268 X120.264 Y101.242 E688.16566
G1 Z17.269 X120.225 Y100 E688.20771
G1 Z17.270 X120.264 Y98.758 E688.24976
G1 Z17.271 X120.381 Y97.522 E688.29181
G1 Z17.273 X120.575 Y96.295 E688.33386
G1 Z17.274 X120.846 Y95.082 E688.37591
G1 Z17.275 X121.193 Y93.889 E688.41796
G1 Z17.276 X121.614 Y92.72 E688.46001
G1 Z17.277 X122.107 Y91.58 E688.50206
G1 Z17.278 X122.671 Y90.473 E688.54411
G1 Z17.279 X123.304 Y89.404 E688.58616
G1 Z17.280 X123.738 Y88.765 E688.61233
;LAYER_CHANGE
;Z:17.48
;HEIGHT:0.199999
G1 Z17.280 F600
G1 F6052
G1 Z17.280 X124.002 Y88.377 E688.62821
G1 Z17.282 X124.763 Y87.395 E688.67026
G1 Z17.283 X125.585 Y86.463 E688.71231
G1 Z17.284 X126.463 Y85.585 E688.75436
G1 Z17.285 X127.395 Y84.763 E688.79641
G1 Z17.286 X128.377 Y84.002 E688.83846
G1 Z17.287 X129.404 Y83.304 E688.88051
G1 Z17.288 X130.473 Y82.671 E688.92256
G1 Z17.289 X131.58 Y82.107 E688.96461
G1 Z17.291 X132.72 Y81.614 E689.00666
G1 Z17.292 X133.889 Y81.193 E689.04871
G1 Z17.293 X135.082 Y80.846 E689.09076
G1 Z17.294 X136.295 Y80.575 E689.13281
G1 Z17.295 X137.522 Y80.381 E689.17486
G1 Z17.296 X138.758 Y80.264 E689.21691
G1 Z17.297 X140.004 Y80.225 E689.25908
G1 Z17.315 X159.475 Y80.225 E689.91817
G1 Z17.324 X159.475 Y90.225 E690.25665
G1 Z17.325 X160.525 Y90.225 E690.29219
G1 Z17.334 X160.525 Y80.225 E690.63068
G1 Z17.351 X179.775 Y80.225 E691.28227
G1 Z17.369 X179.775 Y99.475 E691.93386
G1 Z17.378 X169.775 Y99.475 E692.27235
G1 Z17.379 X169.775 Y100.525 E692.30789
G1 Z17.388 X179.775 Y100.525 E692.64638
G1 Z17.405 X179.775 Y119.775 E693.29797
G1 Z17.441 X140.004 Y119.775 E694.64418
G1 Z17.442 X138.758 Y119.736 E694.68636
G1 Z17.443 X137.522 Y119.619 E694.72841
G1 Z17.444 X136.295 Y119.425 E694.77046
G1 Z17.446 X135.082 Y119.154 E694.81251
G1 Z17.447 X133.889 Y118.807 E694.85456
G1 Z17.448 X132.72 Y118.386 E694.89661
G1 Z17.449 X131.58 Y117.893 E694.93865
G1 Z17.450 X130.473 Y117.329 E694.98071
G1 Z17.451 X129.404 Y116.696 E695.02276
G1 Z17.452 X128.377 Y115.998 E695.06481
G1 Z17.453 X127.395 Y115.237 E695.10686
G1 Z17.455 X126.463 Y114.415 E695.14891
G1 Z17.456 X125.585 Y113.537 E695.19096
G1 Z17.457 X124.763 Y112.605 E695.233
G1 Z17.458 X124.002 Y111.623 E695.27506
G1 Z17.459 X123.304 Y110.596 E695.31711
G1 Z17.460 X122.671 Y109.527 E695.35915
G1 Z17.461 X122.107 Y108.42 E695.40121
G1 Z17.462 X121.614 Y107.28 E695.44325
G1 Z17.464 X121.193 Y106.111 E695.48531
G1 Z17.465 X120.846 Y104.918 E695.52735
G1 Z17.466 X120.575 Y103.705 E695.56941
G1 Z17.467 X120.381 Y102.478 E695.61145
G1 Z17.468 X120.264 Y101.242 E695.65351
G1 Z17.469 X120.225 Y100 E695.69555
G1 Z17.470 X120.264 Y98.758 E695.7376
G1 Z17.471 X120.381 Y97.522 E695.77966
G1 Z17.473 X120.575 Y96.295 E695.8217
G1 Z17.474 X120.846 Y95.082 E695.86376
G1 Z17.475 X121.193 Y93.889 E695.9058
G1 Z17.476 X121.614 Y92.72 E695.94786
G1 Z17.477 X122.107 Y91.58 E695.9899
G1 Z17.478 X122.671 Y90.473 E696.03196
G1 Z17.479 X123.304 Y89.404 E696.074
G1 Z17.480 X123.738 Y88.765 E696.10018
;LAYER_CHANGE
;Z:17.68
;HEIGHT:0.200001
G1 Z17.480 F600
G1 F6052
G1 Z17.480 X124.002 Y88.377 E696.11605
G1 Z17.482 X124.763 Y87.395 E696.15811
G1 Z17.483 X125.585 Y86.463 E696.20015
G1 Z17.484 X126.463 Y85.585 E696.2422
G1 Z17.485 X127.395 Y84.763 E696.28425
G1 Z17.486 X128.377 Y84.002 E696.3263
G1 Z17.487 X129.404 Y83.304 E696.36835
G1 Z17.488 X130.473 Y82.671 E696.4104
G1 Z17.489 X131.58 Y82.107 E696.45246
G1 Z17.491 X132.72 Y81.614 E696.4945
G1 Z17.492 X133.889 Y81.193 E696.53656
G1 Z17.493 X135.082 Y80.846 E696.5786
G1 Z17.494 X136.295 Y80.575 E696.62065
G1 Z17.495 X137.522 Y80.381 E696.6627
G1 Z17.496 X138.758 Y80.264 E696.70475
G1 Z17.497 X140.004 Y80.225 E696.74693
G1 Z17.515 X159.475 Y80.225 E697.40601
G1 Z17.524 X159.475 Y90.225 E697.7445
G1 Z17.525 X160.525 Y90.225 E697.78004
G1 Z17.534 X160.525 Y80.225 E698.11853
G1 Z17.551 X179.775 Y80.225 E698.77012
G1 Z17.569 X179.775 Y99.475 E699.42171
G1 Z17.578 X169.775 Y99.475 E699.7602
G1 Z17.579 X169.775 Y100.525 E699.79574
G1 Z17.588 X179.775 Y100.525 E700.13422
G1 Z17.605 X179.775 Y119.775 E700.78581
G1 Z17.641 X140.004 Y119.775 E702.13203
G1 Z17.642 X138.758 Y119.736 E702.1742
G1 Z17.643 X137.522 Y119.619 E702.21625
G1 Z17.644 X136.295 Y119.425 E702.2583
G1 Z17.646 X135.082 Y119.154 E702.30035
G1 Z17.647 X133.889 Y118.807 E702.3424
G1 Z17.648 X132.72 Y118.386 E702.38445
G1 Z17.649 X131.58 Y117.893 E702.4265
G1 Z17.650 X130.473 Y117.329 E702.46855
G1 Z17.651 X129.404 Y116.696 E702.5106
G1 Z17.652 X128.377 Y115.998 E702.55265
G1 Z17.653 X127.395 Y115.237 E702.5947
G1 Z17.655 X126.463 Y114.415 E702.63675
G1 Z17.656 X125.585 Y113.537 E702.6788
G1 Z17.657 X124.763 Y112.605 E702.72085
G1 Z17.658 X124.002 Y111.623 E702.7629
G1 Z17.659 X123.304 Y110.596 E702.80495
G1 Z17.660 X122.671 Y109.527 E702.847
G1 Z17.661 X122.107 Y108.42 E702.88905
G1 Z17.662 X121.614 Y107.28 E702.9311
G1 Z17.664 X121.193 Y106.111 E702.97315
G1 Z17.665 X120.846 Y104.918 E703.0152
G1 Z17.666 X120.575 Y103.705 E703.05725
G1 Z17.667 X120.381 Y102.478 E703.0993
G1 Z17.668 X120.264 Y101.242 E703.14135
G1 Z17.669 X120.225 Y100 E703.1834
G1 Z17.670 X120.264 Y98.758 E703.22545
G1 Z17.671 X120.381 Y97.522 E703.2675
G1 Z17.673 X120.575 Y96.295 E703.30955
G1 Z17.674 X120.846 Y95.082 E703.3516
G1 Z17.675 X121.193 Y93.889 E703.39365
G1 Z17.676 X121.614 Y92.72 E703.4357
G1 Z17.677 X122.107 Y91.58 E703.47775
G1 Z17.678 X122.671 Y90.473 E703.5198
G1 Z17.679 X123.304 Y89.404 E703.56185
G1 Z17.680 X123.738 Y88.765 E703.58803
;LAYER_CHANGE
;Z:17.88
;HEIGHT:0.199999
G1 Z17.680 F600
G1 F6052
G1 Z17.680 X124.002 Y88.377 E703.6039
G1 Z17.682 X124.763 Y87.395 E703.64595
G1 Z17.683 X125.585 Y86.463 E703.688
G1 Z17.684 X126.463 Y85.585 E703.73005
G1 Z17.685 X127.395 Y84.763 E703.7721
G1 Z17.686 X128.377 Y84.002 E703.81415
G1 Z17.687 X129.404 Y83.304 E703.8562
G1 Z17.688 X130.473 Y82.671 E703.89825
G1 Z17.689 X131.58 Y82.107 E703.9403
G1 Z17.691 X132.72 Y81.614 E703.98235
G1 Z17.692 X133.889 Y81.193 E704.0244
G1 Z17.693 X135.082 Y80.846 E704.06645
G1 Z17.694 X136.295 Y80.575 E704.1085
G1 Z17.695 X137.522 Y80.381 E704.15055
G1 Z17.696 X138.758 Y80.264 E704.1926
G1 Z17.697 X140.004 Y80.225 E704.23477
G1 Z17.715 X159.475 Y80.225 E704.89386
G1 Z17.724 X159.475 Y90.225 E705.23234
G1 Z17.725 X160.525 Y90.225 E705.26788
G1 Z17.734 X160.525 Y80.225 E705.60637
G1 Z17.751 X179.775 Y80.225 E706.25796
G1 Z17.769 X179.775 Y99.475 E706.90955
G1 Z17.778 X169.775 Y99.475 E707.24804
G1 Z17.779 X169.775 Y100.525 E707.28358
G1 Z17.788 X179.775 Y100.525 E707.62207
G1 Z17.805 X179.775 Y119.775 E708.27366
G1 Z17.841 X140.004 Y119.775 E709.61987
G1 Z17.842 X138.758 Y119.736 E709.66205
G1 Z17.843 X137.522 Y119.619 E709.7041
G1 Z17.844 X136.295 Y119.425 E709.74615
G1 Z17.846 X135.082 Y119.154 E709.7882
G1 Z17.847 X133.889 Y118.807 E709.83025
G1 Z17.848 X132.72 Y118.386 E709.8723
G1 Z17.849 X131.58 Y117.893 E709.91435
G1 Z17.850 X130.473 Y117.329 E709.9564
G1 Z17.851 X129.404 Y116.696 E709.99845
G1 Z17.852 X128.377 Y115.998 E710.0405
G1 Z17.853 X127.395 Y115.237 E710.08255
G1 Z17.855 X126.463 Y114.415 E710.1246
G1 Z17.856 X125.585 Y113.537 E710.16665
G1 Z17.857 X124.763 Y112.605 E710.2087
G1 Z17.858 X124.13 Y111.789 E710.24367
G1 Z17.859 X123.303 Y110.595 E710.29282
G1 Z17.860 X122.671 Y109.527 E710.33483
G1 Z17.861 X122.107 Y108.42 E710.37688
G1 Z17.862 X121.614 Y107.28 E710.41893
G1 Z17.864 X121.193 Y106.111 E710.46098
G1 Z17.865 X120.846 Y104.918 E710.50303
G1 Z17.866 X120.575 Y103.705 E710.54508
G1 Z17.867 X120.381 Y102.478 E710.58713
G1 Z17.868 X120.264 Y101.242 E710.62918
G1 Z17.869 X120.225 Y100 E710.67123
G1 Z17.870 X120.264 Y98.758 E710.71328
G1 Z17.871 X120.381 Y97.522 E710.75533
G1 Z17.873 X120.575 Y96.295 E710.79738
G1 Z17.874 X120.846 Y95.082 E710.83943
G1 Z17.875 X121.193 Y93.889 E710.88148
G1 Z17.876 X121.614 Y92.72 E710.92353
G1 Z17.877 X122.107 Y91.58 E710.96558
G1 Z17.878 X122.671 Y90.473 E711.00763
G1 Z17.879 X123.304 Y89.404 E711.04968
G1 Z17.880 X123.738 Y88.765 E711.07586
;LAYER_CHANGE
;Z:18.08
;HEIGHT:0.200001
G1 Z17.880 F600
G1 F6052
G1 Z17.880 X124.002 Y88.377 E711.09173
G1 Z17.882 X124.763 Y87.395 E711.13378
G1 Z17.883 X125.585 Y86.463 E711.17583
G1 Z17.884 X126.463 Y85.585 E711.21788
G1 Z17.885 X127.395 Y84.763 E711.25993
G1 Z17.886 X128.377 Y84.002 E711.30198
G1 Z17.887 X129.404 Y83.304 E711.34403
G1 Z17.888 X130.473 Y82.671 E711.38608
G1 Z17.889 X131.58 Y82.107 E711.42813
G1 Z17.891 X132.72 Y81.614 E711.47018
G1 Z17.892 X133.889 Y81.193 E711.51223
G1 Z17.893 X135.082 Y80.846 E711.55428
G1 Z17.894 X136.295 Y80.575 E711.59633
G1 Z17.895 X137.522 Y80.381 E711.63838
G1 Z17.896 X138.758 Y80.264 E711.68043
G1 Z17.897 X140.004 Y80.225 E711.7226
G1 Z17.915 X159.475 Y80.225 E712.38169
G1 Z17.924 X159.475 Y90.225 E712.72018
G1 Z17.925 X160.525 Y90.225 E712.75572
G1 Z17.934 X160.525 Y80.225 E713.09421
G1 Z17.951 X179.775 Y80.225 E713.7458
G1 Z17.969 X179.775 Y99.475 E714.39739
G1 Z17.978 X169.775 Y99.475 E714.73587
G1 Z17.979 X169.775 Y100.525 E714.77141
G1 Z17.988 X179.775 Y100.525 E715.1099
G1 Z18.005 X179.775 Y119.775 E715.76149
G1 Z18.041 X140.004 Y119.775 E717.10771
G1 Z18.042 X138.758 Y119.736 E717.14988
G1 Z18.043 X137.522 Y119.619 E717.19193
G1 Z18.044 X136.295 Y119.425 E717.23398
G1 Z18.046 X135.082 Y119.154 E717.27603
G1 Z18.047 X133.889 Y118.807 E717.31808
G1 Z18.048 X132.72 Y118.386 E717.36013
G1 Z18.049 X131.58 Y117.893 E717.40218
G1 Z18.050 X130.473 Y117.329 E717.44423
G1 Z18.051 X129.404 Y116.696 E717.48628
G1 Z18.052 X128.377 Y115.998 E717.52833
G1 Z18.053 X127.395 Y115.237 E717.57038
G1 Z18.055 X126.463 Y114.415 E717.61243
G1 Z18.056 X125.585 Y113.537 E717.65448
G1 Z18.057 X124.763 Y112.605 E717.69653
G1 Z18.058 X124.002 Y111.623 E717.73858
G1 Z18.059 X123.304 Y110.596 E717.78063
G1 Z18.060 X122.671 Y109.527 E717.82268
G1 Z18.061 X122.107 Y108.42 E717.86473
G1 Z18.062 X121.614 Y107.28 E717.90678
G1 Z18.064 X121.193 Y106.111 E717.94883
G1 Z18.065 X120.846 Y104.918 E717.99088
G1 Z18.066 X120.575 Y103.705 E718.03293
G1 Z18.067 X120.381 Y102.478 E718.07498
G1 Z18.068 X120.264 Y101.242 E718.11703
G1 Z18.069 X120.225 Y100 E718.15908
G1 Z18.070 X120.264 Y98.758 E718.20113
G1 Z18.071 X120.381 Y97.522 E718.24318
G1 Z18.073 X120.575 Y96.295 E718.28523
G1 Z18.074 X120.846 Y95.082 E718.32728
G1 Z18.075 X121.193 Y93.889 E718.36933
G1 Z18.076 X121.614 Y92.72 E718.41138
G1 Z18.077 X122.107 Y91.58 E718.45343
G1 Z18.078 X122.671 Y90.473 E718.49548
G1 Z18.079 X123.304 Y89.404 E718.53753
G1 Z18.080 X123.738 Y88.765 E718.5637
;LAYER_CHANGE
;Z:18.28
;HEIGHT:0.200001
G1 Z18.080 F600
G1 F6052
G1 Z18.080 X124.002 Y88.377 E718.57958
G1 Z18.082 X124.763 Y87.395 E718.62163
G1 Z18.083 X125.585 Y86.463 E718.66368
G1 Z18.084 X126.463 Y85.585 E718.70573
G1 Z18.085 X127.395 Y84.763 E718.74778
G1 Z18.086 X128.377 Y84.002 E718.78983
G1 Z18.087 X129.404 Y83.304 E718.83188
G1 Z18.088 X130.473 Y82.671 E718.87393
G1 Z18.089 X131.58 Y82.107 E718.91598
G1 Z18.091 X132.72 Y81.614 E718.95803
G1 Z18.092 X133.889 Y81.193 E719.00008
G1 Z18.093 X135.082 Y80.846 E719.04213
G1 Z18.094 X136.295 Y80.575 E719.08418
G1 Z18.095 X137.522 Y80.381 E719.12623
G1 Z18.096 X138.758 Y80.264 E719.16828
G1 Z18.097 X140.004 Y80.225 E719.21045
G1 Z18.115 X159.475 Y80.225 E719.86953
G1 Z18.124 X159.475 Y90.225 E720.20802
G1 Z18.125 X160.525 Y90.225 E720.24356
G1 Z18.134 X160.525 Y80.225 E720.58205
G1 Z18.151 X179.775 Y80.225 E721.23364
G1 Z18.169 X179.775 Y99.475 E721.88523
G1 Z18.178 X169.775 Y99.475 E722.22372
G1 Z18.179 X169.775 Y100.525 E722.25926
G1 Z18.188 X179.775 Y100.525 E722.59775
G1 Z18.205 X179.775 Y119.775 E723.24934
G1 Z18.241 X140.004 Y119.775 E724.59555
G1 Z18.242 X138.758 Y119.736 E724.63772
G1 Z18.243 X137.522 Y119.619 E724.67977
G1 Z18.244 X136.295 Y119.425 E724.72182
G1 Z18.246 X135.082 Y119.154 E724.76387
G1 Z18.247 X133.889 Y118.807 E724.80592
G1 Z18.248 X132.72 Y118.386 E724.84797
G1 Z18.249 X131.58 Y117.893 E724.89002
G1 Z18.250 X130.473 Y117.329 E724.93207
G1 Z18.251 X129.404 Y116.696 E724.97412
G1 Z18.252 X128.377 Y115.998 E725.01617
G1 Z18.253 X127.395 Y115.237 E725.05822
G1 Z18.255 X126.463 Y114.415 E725.10027
G1 Z18.256 X125.585 Y113.537 E725.14232
G1 Z18.257 X124.763 Y112.605 E725.18437
G1 Z18.258 X124.002 Y111.623 E725.22642
G1 Z18.259 X123.304 Y110.596 E725.26847
G1 Z18.260 X122.671 Y109.527 E725.31052
G1 Z18.261 X122.107 Y108.42 E725.35257
G1 Z18.262 X121.614 Y107.28 E725.39462
G1 Z18.264 X121.193 Y106.111 E725.43667
G1 Z18.265 X120.846 Y104.918 E725.47872
G1 Z18.266 X120.575 Y103.705 E725.52077
G1 Z18.267 X120.381 Y102.478 E725.56282
G1 Z18.268 X120.264 Y101.242 E725.60487
G1 Z18.269 X120.225 Y100 E725.64692
G1 Z18.270 X120.264 Y98.758 E725.68897
G1 Z18.271 X120.381 Y97.522 E725.73102
G1 Z18.273 X120.575 Y96.295 E725.77307
G1 Z18.274 X120.846 Y95.082 E725.81512
G1 Z18.275 X121.193 Y93.889 E725.85717
G1 Z18.276 X121.614 Y92.72 E725.89922
G1 Z18.277 X122.107 Y91.58 E725.94127
G1 Z18.278 X122.671 Y90.473 E725.98332
G1 Z18.279 X123.304 Y89.404 E726.02537
G1 Z18.280 X123.738 Y88.765 E726.05155
;LAYER_CHANGE
;Z:18.48
;HEIGHT:0.199999
G1 Z18.280 F600
G1 F6052
G1 Z18.280 X124.002 Y88.377 E726.06742
G1 Z18.282 X124.763 Y87.395 E726.10947
G1 Z18.283 X125.585 Y86.463 E726.15152
G1 Z18.284 X126.463 Y85.585 E726.19357
G1 Z18.285 X127.395 Y84.763 E726.23562
G1 Z18.286 X128.377 Y84.002 E726.27767
G1 Z18.287 X129.404 Y83.304 E726.31972
G1 Z18.288 X130.473 Y82.671 E726.36177
G1 Z18.289 X131.58 Y82.107 E726.40382
G1 Z18.291 X132.72 Y81.614 E726.44587
G1 Z18.292 X133.889 Y81.193 E726.48792
G1 Z18.293 X135.082 Y80.846 E726.52997
G1 Z18.294 X136.295 Y80.575 E726.57202
G1 Z18.295 X137.522 Y80.381 E726.61407
G1 Z18.296 X138.758 Y80.264 E726.65612
G1 Z18.297 X140.004 Y80.225 E726.69829
G1 Z18.315 X159.475 Y80.225 E727.35738
G1 Z18.324 X159.475 Y90.225 E727.69587
G1 Z18.325 X160.525 Y90.225 E727.73141
G1 Z18.334 X160.525 Y80.225 E728.0699
G1 Z18.351 X179.775 Y80.225 E728.72149
G1 Z18.369 X179.775 Y99.475 E729.37308
G1 Z18.378 X169.775 Y99.475 E729.71156
G1 Z18.379 X169.775 Y100.525 E729.74711
G1 Z18.388 X179.775 Y100.525 E730.08559
G1 Z18.405 X179.775 Y119.775 E730.73718
G1 Z18.441 X140.004 Y119.775 E732.0834
G1 Z18.442 X138.758 Y119.736 E732.12557
G1 Z18.443 X137.522 Y119.619 E732.16762
G1 Z18.444 X136.295 Y119.425 E732.20967
G1 Z18.446 X135.082 Y119.154 E732.25172
G1 Z18.447 X133.889 Y118.807 E732.29377
G1 Z18.448 X132.72 Y118.386 E732.33582
G1 Z18.449 X131.58 Y117.893 E732.37787
G1 Z18.450 X130.473 Y117.329 E732.41992
G1 Z18.451 X129.404 Y116.696 E732.46197
G1 Z18.452 X128.377 Y115.998 E732.50402
G1 Z18.453 X127.395 Y115.237 E732.54607
G1 Z18.455 X126.463 Y114.415 E732.58812
G1 Z18.456 X125.585 Y113.537 E732.63017
G1 Z18.457 X124.763 Y112.605 E732.67222
G1 Z18.458 X124.002 Y111.623 E732.71427
G1 Z18.459 X123.304 Y110.596 E732.75632
G1 Z18.460 X122.671 Y109.527 E732.79837
G1 Z18.461 X122.107 Y108.42 E732.84042
G1 Z18.462 X121.614 Y107.28 E732.88247
G1 Z18.464 X121.193 Y106.111 E732.92452
G1 Z18.465 X120.846 Y104.918 E732.96657
G1 Z18.466 X120.575 Y103.705 E733.00862
G1 Z18.467 X120.381 Y102.478 E733.05067
G1 Z18.468 X120.264 Y101.242 E733.09272
G1 Z18.469 X120.225 Y100 E733.13477
G1 Z18.470 X120.264 Y98.758 E733.17682
G1 Z18.471 X120.381 Y97.522 E733.21887
G1 Z18.473 X120.575 Y96.295 E733.26092
G1 Z18.474 X120.846 Y95.082 E733.30297
G1 Z18.475 X121.193 Y93.889 E733.34502
G1 Z18.476 X121.614 Y92.72 E733.38707
G1 Z18.477 X122.107 Y91.58 E733.42912
G1 Z18.478 X122.671 Y90.473 E733.47117
G1 Z18.479 X123.304 Y89.404 E733.51322
G1 Z18.480 X123.738 Y88.765 E733.53939
;LAYER_CHANGE
;Z:18.68
;HEIGHT:0.200001
G1 Z18.480 F600
G1 F6052
G1 Z18.480 X124.002 Y88.377 E733.55527
G1 Z18.482 X124.763 Y87.395 E733.59732
G1 Z18.483 X125.585 Y86.463 E733.63937
G1 Z18.484 X126.463 Y85.585 E733.68142
G1 Z18.485 X127.395 Y84.763 E733.72347
G1 Z18.486 X128.377 Y84.002 E733.76552
G1 Z18.487 X129.404 Y83.304 E733.80757
G1 Z18.488 X130.473 Y82.671 E733.84962
G1 Z18.489 X131.58 Y82.107 E733.89167
G1 Z18.491 X132.72 Y81.614 E733.93372
G1 Z18.492 X133.889 Y81.193 E733.97577
G1 Z18.493 X135.082 Y80.846 E734.01782
G1 Z18.494 X136.295 Y80.575 E734.05987
G1 Z18.495 X137.522 Y80.381 E734.10192
G1 Z18.496 X138.758 Y80.264 E734.14397
G1 Z18.497 X140.004 Y80.225 E734.18614
G1 Z18.515 X159.475 Y80.225 E734.84522
G1 Z18.524 X159.475 Y90.225 E735.18371
G1 Z18.525 X160.525 Y90.225 E735.21925
G1 Z18.534 X160.525 Y80.225 E735.55774
G1 Z18.551 X179.775 Y80.225 E736.20933
G1 Z18.569 X179.775 Y99.475 E736.86092
G1 Z18.578 X169.775 Y99.475 E737.19941
G1 Z18.579 X169.775 Y100.525 E737.23495
G1 Z18.588 X179.775 Y100.525 E737.57344
G1 Z18.605 X179.775 Y119.775 E738.22503
G1 Z18.641 X140.004 Y119.775 E739.57124
G1 Z18.642 X138.758 Y119.736 E739.61341
G1 Z18.643 X137.522 Y119.619 E739.65547
G1 Z18.644 X136.295 Y119.425 E739.69751
G1 Z18.646 X135.082 Y119.154 E739.73957
G1 Z18.647 X133.889 Y118.807 E739.78161
G1 Z18.648 X132.72 Y118.386 E739.82367
G1 Z18.649 X131.58 Y117.893 E739.86571
G1 Z18.650 X130.473 Y117.329 E739.90776
G1 Z18.651 X129.404 Y116.696 E739.94981
G1 Z18.652 X128.377 Y115.998 E739.99186
G1 Z18.653 X127.395 Y115.237 E740.03392
G1 Z18.655 X126.463 Y114.415 E740.07596
G1 Z18.656 X125.585 Y113.537 E740.11801
G1 Z18.657 X124.763 Y112.605 E740.16006
G1 Z18.658 X124.056 Y111.694 E740.19909
G1 Z18.659 X123.303 Y110.596 E740.24417
G1 Z18.660 X122.671 Y109.527 E740.28621
G1 Z18.661 X122.107 Y108.42 E740.32826
G1 Z18.662 X121.614 Y107.28 E740.37031
G1 Z18.664 X121.193 Y106.111 E740.41236
G1 Z18.665 X120.846 Y104.918 E740.45441
G1 Z18.666 X120.575 Y103.705 E740.49646
G1 Z18.667 X120.381 Y102.478 E740.53851
G1 Z18.668 X120.264 Y101.242 E740.58056
G1 Z18.669 X120.225 Y100 E740.62261
G1 Z18.670 X120.264 Y98.758 E740.66466
G1 Z18.671 X120.381 Y97.522 E740.70671
G1 Z18.673 X120.575 Y96.295 E740.74876
G1 Z18.674 X120.846 Y95.082 E740.79081
G1 Z18.675 X121.193 Y93.889 E740.83286
G1 Z18.676 X121.584 Y92.804 E740.87189
G1 Z18.677 X122.107 Y91.58 E740.91697
G1 Z18.678 X122.671 Y90.473 E740.959
G1 Z18.679 X123.304 Y89.404 E741.00105
G1 Z18.680 X123.738 Y88.765 E741.02723
;LAYER_CHANGE
;Z:18.88
;HEIGHT:0.199999
G1 Z18.680 F600
G1 F6052
G1 Z18.680 X124.002 Y88.377 E741.0431
G1 Z18.682 X124.763 Y87.395 E741.08515
G1 Z18.683 X125.585 Y86.463 E741.1272
G1 Z18.684 X126.463 Y85.585 E741.16925
G1 Z18.685 X127.395 Y84.763 E741.2113
G1 Z18.686 X128.377 Y84.002 E741.25335
G1 Z18.687 X129.404 Y83.304 E741.2954
G1 Z18.688 X130.473 Y82.671 E741.33745
G1 Z18.689 X131.58 Y82.107 E741.3795
G1 Z18.691 X132.72 Y81.614 E741.42155
G1 Z18.692 X133.889 Y81.193 E741.4636
G1 Z18.693 X135.082 Y80.846 E741.50565
G1 Z18.694 X136.295 Y80.575 E741.5477
G1 Z18.695 X137.522 Y80.381 E741.58975
G1 Z18.696 X138.758 Y80.264 E741.6318
G1 Z18.697 X140.004 Y80.225 E741.67397
G1 Z18.715 X159.475 Y80.225 E742.33306
G1 Z18.724 X159.475 Y90.225 E742.67155
G1 Z18.725 X160.525 Y90.225 E742.70709
G1 Z18.734 X160.525 Y80.225 E743.04558
G1 Z18.751 X179.775 Y80.225 E743.69717
G1 Z18.769 X179.775 Y99.475 E744.34876
G1 Z18.778 X169.775 Y99.475 E744.68724
G1 Z18.779 X169.775 Y100.525 E744.72278
G1 Z18.788 X179.775 Y100.525 E745.06127
G1 Z18.805 X179.775 Y119.775 E745.71286
G1 Z18.841 X140.004 Y119.775 E747.05908
G1 Z18.842 X138.758 Y119.736 E747.10125
G1 Z18.843 X137.522 Y119.619 E747.1433
G1 Z18.844 X136.295 Y119.425 E747.18535
G1 Z18.846 X135.082 Y119.154 E747.2274
G1 Z18.847 X133.889 Y118.807 E747.26945
G1 Z18.848 X132.72 Y118.386 E747.3115
G1 Z18.849 X131.58 Y117.893 E747.35355
G1 Z18.850 X130.473 Y117.329 E747.3956
G1 Z18.851 X129.404 Y116.696 E747.43765
G1 Z18.852 X128.377 Y115.998 E747.4797
G1 Z18.853 X127.395 Y115.237 E747.52175
G1 Z18.855 X126.463 Y114.415 E747.5638
G1 Z18.856 X125.585 Y113.537 E747.60585
G1 Z18.857 X124.763 Y112.605 E747.6479
G1 Z18.858 X124.002 Y111.623 E747.68995
G1 Z18.859 X123.304 Y110.596 E747.732
G1 Z18.860 X122.671 Y109.527 E747.77405
G1 Z18.861 X122.107 Y108.42 E747.8161
G1 Z18.862 X121.614 Y107.28 E747.85815
G1 Z18.864 X121.193 Y106.111 E747.9002
G1 Z18.865 X120.846 Y104.918 E747.94225
G1 Z18.866 X120.575 Y103.705 E747.9843
G1 Z18.867 X120.381 Y102.478 E748.02635
G1 Z18.868 X120.264 Y101.242 E748.0684
G1 Z18.869 X120.225 Y100 E748.11045
G1 Z18.870 X120.264 Y98.758 E748.1525
G1 Z18.871 X120.381 Y97.522 E748.19455
G1 Z18.873 X120.575 Y96.295 E748.2366
G1 Z18.874 X120.846 Y95.082 E748.27865
G1 Z18.875 X121.193 Y93.889 E748.3207
G1 Z18.876 X121.594 Y92.776 E748.36074
G1 Z18.877 X122.107 Y91.58 E748.40481
G1 Z18.878 X122.671 Y90.473 E748.44684
G1 Z18.879 X123.304 Y89.404 E748.48889
G1 Z18.880 X123.738 Y88.765 E748.51507
;LAYER_CHANGE
;Z:19.08
;HEIGHT:0.200001
G1 Z18.880 F600
G1 F6052
G1 Z18.880 X124.002 Y88.377 E748.53094
G1 Z18.882 X124.763 Y87.395 E748.573
G1 Z18.883 X125.585 Y86.463 E748.61504
G1 Z18.884 X126.463 Y85.585 E748.65709
G1 Z18.885 X127.395 Y84.763 E748.69914
G1 Z18.886 X128.377 Y84.002 E748.74119
G1 Z18.887 X129.404 Y83.304 E748.78324
G1 Z18.888 X130.473 Y82.671 E748.82529
G1 Z18.889 X131.58 Y82.107 E748.86734
G1 Z18.891 X132.72 Y81.614 E748.90939
G1 Z18.892 X133.889 Y81.193 E748.95144
G1 Z18.893 X135.082 Y80.846 E748.99349
G1 Z18.894 X136.295 Y80.575 E749.03554
G1 Z18.895 X137.522 Y80.381 E749.07759
G1 Z18.896 X138.758 Y80.264 E749.11964
G1 Z18.897 X140.004 Y80.225 E749.16182
G1 Z18.915 X159.475 Y80.225 E749.8209
G1 Z18.924 X159.475 Y90.225 E750.15939
G1 Z18.925 X160.525 Y90.225 E750.19493
G1 Z18.934 X160.525 Y80.225 E750.53342
G1 Z18.951 X179.775 Y80.225 E751.18501
G1 Z18.969 X179.775 Y99.475 E751.8366
G1 Z18.978 X169.775 Y99.475 E752.17508
G1 Z18.979 X169.775 Y100.525 E752.21063
G1 Z18.988 X179.775 Y100.525 E752.54911
G1 Z19.005 X179.775 Y119.775 E753.2007
G1 Z19.041 X140.004 Y119.775 E754.54692
G1 Z19.042 X138.758 Y119.736 E754.58909
G1 Z19.043 X137.522 Y119.619 E754.63114
G1 Z19.044 X136.295 Y119.425 E754.67319
G1 Z19.046 X135.082 Y119.154 E754.71524
G1 Z19.047 X133.889 Y118.807 E754.75729
G1 Z19.048 X132.72 Y118.386 E754.79934
G1 Z19.049 X131.58 Y117.893 E754.84139
G1 Z19.050 X130.473 Y117.329 E754.88344
G1 Z19.051 X129.404 Y116.696 E754.92549
G1 Z19.052 X128.377 Y115.998 E754.96754
G1 Z19.053 X127.395 Y115.237 E755.00959
G1 Z19.055 X126.463 Y114.415 E755.05164
G1 Z19.056 X125.585 Y113.537 E755.09369
G1 Z19.057 X124.763 Y112.605 E755.13574
G1 Z19.058 X124.02 Y111.647 E755.1768
G1 Z19.059 X123.303 Y110.596 E755.21984
G1 Z19.060 X122.671 Y109.527 E755.26189
G1 Z19.061 X122.107 Y108.42 E755.30394
G1 Z19.062 X121.614 Y107.28 E755.34599
G1 Z19.064 X121.193 Y106.111 E755.38804
G1 Z19.065 X120.846 Y104.918 E755.43009
G1 Z19.066 X120.575 Y103.705 E755.47214
G1 Z19.067 X120.381 Y102.478 E755.51419
G1 Z19.068 X120.264 Y101.242 E755.55624
G1 Z19.069 X120.225 Y100 E755.59829
G1 Z19.070 X120.264 Y98.758 E755.64034
G1 Z19.071 X120.381 Y97.522 E755.68239
G1 Z19.073 X120.575 Y96.295 E755.72444
G1 Z19.074 X120.846 Y95.082 E755.76649
G1 Z19.075 X121.193 Y93.889 E755.80854
G1 Z19.076 X121.614 Y92.72 E755.85059
G1 Z19.077 X122.107 Y91.58 E755.89264
G1 Z19.078 X122.671 Y90.473 E755.93469
G1 Z19.079 X123.304 Y89.404 E755.97674
G1 Z19.080 X123.738 Y88.765 E756.00291
;LAYER_CHANGE
;Z:19.28
;HEIGHT:0.200001
G1 Z19.080 F600
G1 F6052
G1 Z19.080 X124.002 Y88.377 E756.01879
G1 Z19.082 X124.764 Y87.396 E756.06084
G1 Z19.083 X125.585 Y86.464 E756.10288
G1 Z19.084 X126.464 Y85.585 E756.14493
G1 Z19.085 X127.396 Y84.764 E756.18698
G1 Z19.086 X128.377 Y84.002 E756.22903
G1 Z19.087 X129.405 Y83.304 E756.27108
G1 Z19.088 X130.474 Y82.672 E756.31313
G1 Z19.089 X131.581 Y82.108 E756.35517
G1 Z19.091 X132.726 Y81.613 E756.39741
G1 Z19.092 X133.889 Y81.194 E756.43927
G1 Z19.093 X135.082 Y80.847 E756.48132
G1 Z19.094 X136.295 Y80.576 E756.52337
G1 Z19.095 X137.522 Y80.382 E756.56541
G1 Z19.096 X138.758 Y80.265 E756.60746
G1 Z19.097 X140.004 Y80.226 E756.64963
G1 Z19.115 X159.475 Y80.226 E757.30872
G1 Z19.124 X159.475 Y90.225 E757.64718
G1 Z19.125 X160.525 Y90.225 E757.68272
G1 Z19.134 X160.525 Y80.226 E758.02118
G1 Z19.151 X179.774 Y80.226 E758.67274
G1 Z19.169 X179.774 Y99.475 E759.32431
G1 Z19.178 X169.775 Y99.475 E759.66277
G1 Z19.179 X169.775 Y100.525 E759.69831
G1 Z19.188 X179.774 Y100.525 E760.03677
G1 Z19.205 X179.774 Y119.774 E760.68833
G1 Z19.241 X140.004 Y119.774 E762.03452
G1 Z19.242 X138.753 Y119.735 E762.07688
G1 Z19.243 X137.522 Y119.618 E762.11874
G1 Z19.244 X136.295 Y119.424 E762.16079
G1 Z19.246 X135.082 Y119.153 E762.20283
G1 Z19.247 X133.889 Y118.806 E762.24488
G1 Z19.248 X132.721 Y118.385 E762.28693
G1 Z19.249 X131.581 Y117.892 E762.32898
G1 Z19.250 X130.474 Y117.328 E762.37103
G1 Z19.251 X129.405 Y116.696 E762.41307
G1 Z19.252 X128.373 Y115.994 E762.45531
G1 Z19.253 X127.396 Y115.236 E762.49717
G1 Z19.255 X126.464 Y114.415 E762.53922
G1 Z19.256 X125.585 Y113.536 E762.58127
G1 Z19.257 X124.764 Y112.604 E762.62332
G1 Z19.258 X124.002 Y111.623 E762.66536
G1 Z19.259 X123.304 Y110.595 E762.70741
G1 Z19.260 X122.672 Y109.526 E762.74946
G1 Z19.261 X122.108 Y108.419 E762.79151
G1 Z19.262 X121.613 Y107.274 E762.83375
G1 Z19.264 X121.194 Y106.111 E762.87561
G1 Z19.265 X120.847 Y104.918 E762.91765
G1 Z19.266 X120.576 Y103.705 E762.9597
G1 Z19.267 X120.382 Y102.478 E763.00175
G1 Z19.268 X120.265 Y101.236 E763.04399
G1 Z19.269 X120.226 Y100 E763.08585
G1 Z19.270 X120.265 Y98.758 E763.1279
G1 Z19.271 X120.382 Y97.522 E763.16994
G1 Z19.273 X120.576 Y96.295 E763.21199
G1 Z19.274 X120.847 Y95.082 E763.25404
G1 Z19.275 X121.194 Y93.889 E763.29609
G1 Z19.276 X121.615 Y92.721 E763.33814
G1 Z19.277 X122.11 Y91.576 E763.38037
G1 Z19.278 X122.672 Y90.474 E763.42223
G1 Z19.279 X123.304 Y89.405 E763.46428
G1 Z19.280 X123.739 Y88.765 E763.49045
;LAYER_CHANGE
;Z:19.48
;HEIGHT:0.199999
G1 Z19.280 F600
G1 F6046
G1 Z19.280 X124.037 Y88.402 E763.50628
G1 Z19.282 X124.797 Y87.423 E763.54824
G1 Z19.283 X125.617 Y86.493 E763.5902
G1 Z19.284 X126.493 Y85.617 E763.63215
G1 Z19.285 X127.423 Y84.797 E763.67411
G1 Z19.286 X128.402 Y84.037 E763.71607
G1 Z19.287 X129.428 Y83.341 E763.75802
G1 Z19.287 X129.687 Y83.187 E763.76821
G1 Z19.288 X130.494 Y82.71 E763.79998
G1 Z19.289 X131.599 Y82.147 E763.84194
G1 Z19.291 X132.737 Y81.655 E763.88389
G1 Z19.292 X133.903 Y81.235 E763.92585
G1 Z19.293 X135.093 Y80.889 E763.96781
G1 Z19.294 X136.303 Y80.618 E764.00977
G1 Z19.295 X137.527 Y80.425 E764.05172
G1 Z19.296 X138.761 Y80.308 E764.09368
G1 Z19.297 X140.004 Y80.269 E764.13576
G1 Z19.315 X159.475 Y80.269 E764.79484
G1 Z19.324 X159.475 Y90.225 E765.13185
G1 Z19.325 X160.525 Y90.225 E765.16739
G1 Z19.334 X160.525 Y80.269 E765.50439
G1 Z19.351 X179.731 Y80.269 E766.1545
G1 Z19.369 X179.731 Y99.475 E766.8046
G1 Z19.378 X169.775 Y99.475 E767.14161
G1 Z19.379 X169.775 Y100.525 E767.17715
G1 Z19.388 X179.731 Y100.525 E767.51415
G1 Z19.405 X179.731 Y119.731 E768.16426
G1 Z19.441 X140.004 Y119.731 E769.50899
G1 Z19.442 X138.761 Y119.692 E769.55107
G1 Z19.443 X137.527 Y119.575 E769.59303
G1 Z19.444 X136.303 Y119.382 E769.63498
G1 Z19.446 X135.093 Y119.111 E769.67694
G1 Z19.447 X133.903 Y118.765 E769.7189
G1 Z19.448 X132.737 Y118.345 E769.76085
G1 Z19.449 X131.599 Y117.853 E769.80281
G1 Z19.450 X130.494 Y117.29 E769.84477
G1 Z19.451 X129.428 Y116.659 E769.88672
G1 Z19.452 X128.402 Y115.963 E769.92868
G1 Z19.453 X127.423 Y115.203 E769.97064
G1 Z19.455 X126.493 Y114.383 E770.01259
G1 Z19.456 X125.617 Y113.507 E770.05455
G1 Z19.457 X124.797 Y112.577 E770.09651
G1 Z19.458 X124.037 Y111.598 E770.13847
G1 Z19.459 X123.341 Y110.572 E770.18042
G1 Z19.460 X122.71 Y109.506 E770.22238
G1 Z19.461 X122.147 Y108.401 E770.26434
G1 Z19.462 X121.655 Y107.263 E770.30629
G1 Z19.464 X121.235 Y106.097 E770.34825
G1 Z19.465 X120.889 Y104.907 E770.39021
G1 Z19.466 X120.618 Y103.697 E770.43216
G1 Z19.467 X120.425 Y102.473 E770.47412
G1 Z19.468 X120.308 Y101.239 E770.51608
G1 Z19.469 X120.269 Y100 E770.55803
G1 Z19.470 X120.308 Y98.761 E770.59999
G1 Z19.471 X120.425 Y97.527 E770.64195
G1 Z19.473 X120.618 Y96.303 E770.6839
G1 Z19.474 X120.889 Y95.093 E770.72586
G1 Z19.475 X121.235 Y93.903 E770.76782
G1 Z19.476 X121.655 Y92.737 E770.80977
G1 Z19.477 X122.147 Y91.599 E770.85173
G1 Z19.478 X122.71 Y90.494 E770.89369
G1 Z19.479 X123.341 Y89.428 E770.93564
G1 Z19.480 X123.774 Y88.789 E770.96177
;LAYER_CHANGE
;Z:19.68
;HEIGHT:0.200001
M593 P1 F50 ; set_input_shaper_EI_50
G1 Z19.480 F600
G1 F6040
G1 Z19.480 X124.072 Y88.428 E770.97755
G1 Z19.482 X124.83 Y87.45 E771.01942
G1 Z19.483 X125.648 Y86.523 E771.06129
G1 Z19.484 X126.523 Y85.648 E771.10315
G1 Z19.485 X127.45 Y84.83 E771.14502
G1 Z19.486 X128.428 Y84.072 E771.18688
G1 Z19.487 X129.451 Y83.377 E771.22875
G1 Z19.488 X130.515 Y82.747 E771.27061
G1 Z19.489 X131.617 Y82.186 E771.31248
G1 Z19.491 X132.752 Y81.695 E771.35434
G1 Z19.492 X133.916 Y81.276 E771.39621
G1 Z19.493 X135.104 Y80.931 E771.43807
G1 Z19.494 X136.311 Y80.661 E771.47994
G1 Z19.495 X137.532 Y80.467 E771.5218
G1 Z19.496 X138.764 Y80.351 E771.56367
G1 Z19.497 X140.004 Y80.312 E771.60565
G1 Z19.515 X159.475 Y80.312 E772.26474
G1 Z19.524 X159.475 Y90.225 E772.60029
G1 Z19.525 X160.525 Y90.225 E772.63583
G1 Z19.534 X160.525 Y80.312 E772.97138
G1 Z19.551 X179.688 Y80.312 E773.62003
G1 Z19.569 X179.688 Y99.475 E774.26868
G1 Z19.578 X169.775 Y99.475 E774.60422
G1 Z19.579 X169.775 Y100.525 E774.63977
G1 Z19.588 X179.688 Y100.525 E774.97531
G1 Z19.605 X179.688 Y119.688 E775.62396
G1 Z19.641 X140.004 Y119.688 E776.96724
G1 Z19.642 X138.764 Y119.649 E777.00922
G1 Z19.643 X137.532 Y119.533 E777.05109
G1 Z19.644 X136.311 Y119.339 E777.09296
G1 Z19.646 X135.104 Y119.069 E777.13482
G1 Z19.647 X133.916 Y118.724 E777.17669
G1 Z19.648 X132.752 Y118.305 E777.21855
G1 Z19.649 X131.617 Y117.814 E777.26042
G1 Z19.650 X130.515 Y117.253 E777.30228
G1 Z19.651 X129.451 Y116.623 E777.34415
G1 Z19.652 X128.428 Y115.928 E777.38601
G1 Z19.653 X127.45 Y115.17 E777.42788
G1 Z19.655 X126.523 Y114.352 E777.46974
G1 Z19.656 X125.648 Y113.477 E777.51161
G1 Z19.657 X124.83 Y112.55 E777.55347
G1 Z19.658 X124.072 Y111.572 E777.59534
G1 Z19.659 X123.377 Y110.549 E777.6372
G1 Z19.660 X122.747 Y109.485 E777.67907
G1 Z19.661 X122.186 Y108.383 E777.72094
G1 Z19.662 X121.695 Y107.248 E777.7628
G1 Z19.664 X121.276 Y106.084 E777.80467
G1 Z19.665 X120.931 Y104.896 E777.84653
G1 Z19.666 X120.661 Y103.689 E777.8884
G1 Z19.667 X120.467 Y102.468 E777.93026
G1 Z19.668 X120.351 Y101.236 E777.97213
G1 Z19.669 X120.312 Y100 E778.01399
G1 Z19.670 X120.351 Y98.764 E778.05586
G1 Z19.671 X120.467 Y97.532 E778.09772
G1 Z19.673 X120.661 Y96.311 E778.13959
G1 Z19.674 X120.931 Y95.104 E778.18145
G1 Z19.675 X121.276 Y93.916 E778.22332
G1 Z19.676 X121.695 Y92.752 E778.26518
G1 Z19.677 X122.186 Y91.617 E778.30705
G1 Z19.678 X122.747 Y90.515 E778.34891
G1 Z19.679 X123.377 Y89.451 E778.39078
G1 Z19.680 X123.81 Y88.813 E778.41686
;LAYER_CHANGE
;Z:19.88
;HEIGHT:0.199999
G1 Z19.680 F600
G1 F6035
G1 Z19.680 X124.107 Y88.453 E778.4326
G1 Z19.682 X124.863 Y87.478 E778.47437
G1 Z19.683 X125.679 Y86.552 E778.51615
G1 Z19.684 X126.552 Y85.679 E778.55792
G1 Z19.685 X127.478 Y84.863 E778.59969
G1 Z19.686 X128.453 Y84.107 E778.64147
G1 Z19.687 X129.474 Y83.413 E778.68324
G1 Z19.688 X130.253 Y82.952 E778.7139
G1 Z19.688 X130.536 Y82.785 E778.72502
G1 Z19.689 X131.636 Y82.225 E778.76679
G1 Z19.691 X132.768 Y81.735 E778.80856
G1 Z19.692 X133.929 Y81.316 E778.85034
G1 Z19.693 X135.114 Y80.972 E778.89211
G1 Z19.694 X136.319 Y80.703 E778.93389
G1 Z19.695 X137.538 Y80.51 E778.97566
G1 Z19.696 X138.766 Y80.394 E779.01743
G1 Z19.697 X140.004 Y80.355 E779.05933
G1 Z19.715 X159.475 Y80.355 E779.71841
G1 Z19.724 X159.475 Y90.225 E780.0525
G1 Z19.725 X160.525 Y90.225 E780.08804
G1 Z19.734 X160.525 Y80.355 E780.42214
G1 Z19.751 X179.645 Y80.355 E781.06933
G1 Z19.769 X179.645 Y99.475 E781.71652
G1 Z19.778 X169.775 Y99.475 E782.05061
G1 Z19.779 X169.775 Y100.525 E782.08616
G1 Z19.788 X179.645 Y100.525 E782.42025
G1 Z19.805 X179.645 Y119.645 E783.06744
G1 Z19.841 X140.004 Y119.645 E784.40926
G1 Z19.842 X138.766 Y119.606 E784.45115
G1 Z19.843 X137.538 Y119.49 E784.49293
G1 Z19.844 X136.319 Y119.297 E784.5347
G1 Z19.846 X135.114 Y119.028 E784.57648
G1 Z19.847 X133.929 Y118.684 E784.61825
G1 Z19.848 X132.768 Y118.265 E784.66002
G1 Z19.849 X131.636 Y117.775 E784.7018
G1 Z19.850 X130.536 Y117.215 E784.74357
G1 Z19.851 X129.474 Y116.587 E784.78534
G1 Z19.852 X128.453 Y115.893 E784.82712
G1 Z19.853 X127.478 Y115.137 E784.86889
G1 Z19.855 X126.552 Y114.321 E784.91067
G1 Z19.856 X125.679 Y113.448 E784.95244
G1 Z19.857 X124.863 Y112.522 E784.99421
G1 Z19.858 X124.107 Y111.547 E785.03599
G1 Z19.859 X123.413 Y110.526 E785.07776
G1 Z19.860 X122.785 Y109.464 E785.11954
G1 Z19.861 X122.225 Y108.364 E785.16131
G1 Z19.862 X121.735 Y107.232 E785.20308
G1 Z19.864 X121.316 Y106.071 E785.24486
G1 Z19.865 X120.972 Y104.886 E785.28663
G1 Z19.866 X120.703 Y103.681 E785.3284
G1 Z19.867 X120.51 Y102.462 E785.37018
G1 Z19.868 X120.394 Y101.234 E785.41195
G1 Z19.869 X120.365 Y100.328 E785.44261
G1 Z19.869 X120.355 Y100 E785.45373
G1 Z19.870 X120.394 Y98.766 E785.4955
G1 Z19.871 X120.51 Y97.538 E785.53727
G1 Z19.873 X120.703 Y96.319 E785.57905
G1 Z19.874 X120.972 Y95.114 E785.62082
G1 Z19.875 X121.316 Y93.929 E785.66259
G1 Z19.876 X121.735 Y92.768 E785.70437
G1 Z19.877 X122.225 Y91.636 E785.74614
G1 Z19.878 X122.785 Y90.536 E785.78792
G1 Z19.879 X123.413 Y89.474 E785.82969
G1 Z19.880 X123.846 Y88.837 E785.85573
;LAYER_CHANGE
;Z:20.08
;HEIGHT:0.200001
G1 Z19.880 F600
G1 F6029
G1 Z19.880 X124.142 Y88.478 E785.87142
G1 Z19.882 X124.878 Y87.529 E785.91207
G1 Z19.883 X125.711 Y86.581 E785.95479
G1 Z19.884 X126.582 Y85.711 E785.99646
G1 Z19.885 X127.482 Y84.916 E786.03712
G1 Z19.886 X128.478 Y84.142 E786.07983
G1 Z19.887 X129.497 Y83.449 E786.12151
G1 Z19.888 X130.557 Y82.823 E786.16319
G1 Z19.889 X131.654 Y82.264 E786.20487
G1 Z19.891 X132.784 Y81.775 E786.24655
G1 Z19.892 X133.943 Y81.357 E786.28824
G1 Z19.893 X135.125 Y81.014 E786.32992
G1 Z19.894 X136.327 Y80.745 E786.3716
G1 Z19.895 X137.543 Y80.553 E786.41328
G1 Z19.896 X138.769 Y80.437 E786.45497
G1 Z19.897 X140.004 Y80.398 E786.49677
G1 Z19.915 X159.475 Y80.398 E787.15585
G1 Z19.924 X159.475 Y90.225 E787.48849
G1 Z19.925 X160.525 Y90.225 E787.52403
G1 Z19.934 X160.525 Y80.398 E787.85666
G1 Z19.951 X179.602 Y80.398 E788.5024
G1 Z19.969 X179.602 Y99.475 E789.14814
G1 Z19.978 X169.775 Y99.475 E789.48077
G1 Z19.979 X169.775 Y100.525 E789.51631
G1 Z19.988 X179.602 Y100.525 E789.84895
G1 Z20.005 X179.602 Y119.602 E790.49469
G1 Z20.041 X140.004 Y119.602 E791.83505
G1 Z20.042 X138.769 Y119.563 E791.87685
G1 Z20.043 X137.543 Y119.447 E791.91853
G1 Z20.044 X136.327 Y119.255 E791.96022
G1 Z20.046 X135.125 Y118.986 E792.0019
G1 Z20.047 X133.943 Y118.643 E792.04358
G1 Z20.048 X132.784 Y118.225 E792.08526
G1 Z20.049 X131.654 Y117.736 E792.12695
G1 Z20.050 X130.557 Y117.177 E792.16863
G1 Z20.051 X129.497 Y116.551 E792.21031
G1 Z20.052 X128.478 Y115.858 E792.25199
G1 Z20.053 X127.529 Y115.122 E792.29265
G1 Z20.055 X126.581 Y114.289 E792.33536
G1 Z20.056 X125.711 Y113.418 E792.37704
G1 Z20.057 X124.896 Y112.495 E792.41872
G1 Z20.058 X124.142 Y111.522 E792.4604
G1 Z20.059 X123.449 Y110.503 E792.50208
G1 Z20.060 X122.823 Y109.443 E792.54377
G1 Z20.061 X122.264 Y108.346 E792.58545
G1 Z20.062 X121.775 Y107.216 E792.62713
G1 Z20.064 X121.357 Y106.057 E792.66881
G1 Z20.065 X121.014 Y104.875 E792.7105
G1 Z20.066 X120.745 Y103.673 E792.75218
G1 Z20.067 X120.553 Y102.457 E792.79386
G1 Z20.068 X120.437 Y101.231 E792.83554
G1 Z20.069 X120.399 Y100.03 E792.8762
G1 Z20.070 X120.437 Y98.769 E792.91891
G1 Z20.071 X120.553 Y97.543 E792.96059
G1 Z20.073 X120.745 Y96.327 E793.00227
G1 Z20.074 X121.014 Y95.125 E793.04395
G1 Z20.075 X121.357 Y93.943 E793.08563
G1 Z20.076 X121.775 Y92.784 E793.12732
G1 Z20.077 X122.264 Y91.654 E793.169
G1 Z20.078 X122.823 Y90.557 E793.21068
G1 Z20.079 X123.449 Y89.497 E793.25236
G1 Z20.080 X123.881 Y88.862 E793.27835
;LAYER_CHANGE
;Z:20.28
;HEIGHT:0.200001
G1 Z20.080 F600
G1 F6034
G1 Z20.080 X124.114 Y88.458 E793.29408
G1 Z20.082 X124.87 Y87.483 E793.33584
G1 Z20.083 X125.686 Y86.558 E793.37759
G1 Z20.084 X126.558 Y85.686 E793.41935
G1 Z20.085 X127.483 Y84.87 E793.4611
G1 Z20.086 X128.458 Y84.114 E793.50286
G1 Z20.087 X129.478 Y83.42 E793.54462
G1 Z20.088 X130.54 Y82.792 E793.58637
G1 Z20.089 X131.639 Y82.232 E793.62813
G1 Z20.091 X132.771 Y81.743 E793.66988
G1 Z20.092 X133.932 Y81.325 E793.71164
G1 Z20.093 X135.117 Y80.981 E793.75339
G1 Z20.094 X136.321 Y80.711 E793.79515
G1 Z20.095 X137.539 Y80.518 E793.8369
G1 Z20.096 X138.767 Y80.402 E793.87866
G1 Z20.097 X140.004 Y80.363 E793.92053
G1 Z20.115 X159.475 Y80.363 E794.57962
G1 Z20.124 X159.475 Y90.225 E794.91342
G1 Z20.125 X160.525 Y90.225 E794.94896
G1 Z20.134 X160.525 Y80.363 E795.28276
G1 Z20.151 X179.637 Y80.363 E795.92966
G1 Z20.169 X179.637 Y99.475 E796.57657
G1 Z20.178 X169.775 Y99.475 E796.91037
G1 Z20.179 X169.775 Y100.525 E796.94591
G1 Z20.188 X179.637 Y100.525 E797.27971
G1 Z20.205 X179.637 Y119.637 E797.92661
G1 Z20.241 X140.004 Y119.637 E799.26814
G1 Z20.242 X138.767 Y119.598 E799.31001
G1 Z20.243 X137.539 Y119.482 E799.35177
G1 Z20.244 X136.321 Y119.289 E799.39352
G1 Z20.246 X135.117 Y119.019 E799.43528
G1 Z20.247 X133.932 Y118.675 E799.47704
G1 Z20.248 X132.771 Y118.257 E799.51879
G1 Z20.249 X131.639 Y117.768 E799.56055
G1 Z20.250 X130.54 Y117.208 E799.6023
G1 Z20.251 X129.478 Y116.58 E799.64406
G1 Z20.252 X128.458 Y115.886 E799.68581
G1 Z20.253 X127.483 Y115.13 E799.72757
G1 Z20.255 X126.558 Y114.314 E799.76932
G1 Z20.256 X125.686 Y113.442 E799.81108
G1 Z20.257 X124.87 Y112.517 E799.85283
G1 Z20.258 X124.114 Y111.542 E799.89459
G1 Z20.259 X123.42 Y110.522 E799.93635
G1 Z20.260 X122.792 Y109.46 E799.9781
G1 Z20.261 X122.232 Y108.361 E800.01986
G1 Z20.262 X121.743 Y107.229 E800.06161
G1 Z20.264 X121.325 Y106.068 E800.10337
G1 Z20.265 X120.981 Y104.883 E800.14512
G1 Z20.266 X120.711 Y103.679 E800.18688
G1 Z20.267 X120.518 Y102.461 E800.22863
G1 Z20.268 X120.402 Y101.233 E800.27039
G1 Z20.269 X120.364 Y100 E800.31215
G1 Z20.270 X120.402 Y98.767 E800.3539
G1 Z20.271 X120.518 Y97.539 E800.39566
G1 Z20.273 X120.711 Y96.321 E800.43741
G1 Z20.274 X120.981 Y95.117 E800.47917
G1 Z20.275 X121.325 Y93.932 E800.52092
G1 Z20.276 X121.743 Y92.771 E800.56268
G1 Z20.277 X122.232 Y91.639 E800.60443
G1 Z20.278 X122.792 Y90.54 E800.64619
G1 Z20.279 X123.42 Y89.478 E800.68794
G1 Z20.280 X123.853 Y88.842 E800.71397
;LAYER_CHANGE
;Z:20.48
;HEIGHT:0.199999
G1 Z20.280 F600
G1 F6039
G1 Z20.280 X124.079 Y88.433 E800.72975
G1 Z20.282 X124.837 Y87.456 E800.77159
G1 Z20.283 X125.654 Y86.529 E800.81344
G1 Z20.284 X126.529 Y85.654 E800.85529
G1 Z20.285 X127.456 Y84.837 E800.89713
G1 Z20.286 X128.433 Y84.079 E800.93898
G1 Z20.287 X129.455 Y83.384 E800.98083
G1 Z20.288 X130.519 Y82.755 E801.02268
G1 Z20.289 X131.621 Y82.194 E801.06452
G1 Z20.291 X132.756 Y81.703 E801.10637
G1 Z20.292 X133.919 Y81.284 E801.14822
G1 Z20.293 X135.106 Y80.939 E801.19006
G1 Z20.294 X136.312 Y80.669 E801.23191
G1 Z20.295 X137.534 Y80.476 E801.27376
G1 Z20.296 X138.764 Y80.359 E801.31561
G1 Z20.297 X140.004 Y80.32 E801.35757
G1 Z20.315 X159.475 Y80.32 E802.01666
G1 Z20.324 X159.475 Y90.225 E802.35191
G1 Z20.325 X160.525 Y90.225 E802.38746
G1 Z20.334 X160.525 Y80.32 E802.72271
G1 Z20.351 X179.68 Y80.32 E803.37107
G1 Z20.369 X179.68 Y99.475 E804.01943
G1 Z20.378 X169.775 Y99.475 E804.35469
G1 Z20.379 X169.775 Y100.525 E804.39023
G1 Z20.388 X179.68 Y100.525 E804.72548
G1 Z20.405 X179.68 Y119.68 E805.37384
G1 Z20.441 X140.004 Y119.68 E806.71683
G1 Z20.442 X138.764 Y119.641 E806.75879
G1 Z20.443 X137.534 Y119.524 E806.80064
G1 Z20.444 X136.312 Y119.331 E806.84249
G1 Z20.446 X135.106 Y119.061 E806.88433
G1 Z20.447 X133.919 Y118.716 E806.92618
G1 Z20.448 X132.756 Y118.297 E806.96803
G1 Z20.449 X131.621 Y117.806 E807.00988
G1 Z20.450 X130.519 Y117.245 E807.05172
G1 Z20.451 X129.455 Y116.616 E807.09357
G1 Z20.452 X128.433 Y115.921 E807.13542
G1 Z20.453 X127.456 Y115.163 E807.17726
G1 Z20.455 X126.529 Y114.346 E807.21911
G1 Z20.456 X125.654 Y113.471 E807.26096
G1 Z20.457 X124.837 Y112.544 E807.3028
G1 Z20.458 X124.079 Y111.567 E807.34465
G1 Z20.459 X123.384 Y110.545 E807.3865
G1 Z20.460 X122.755 Y109.481 E807.42835
G1 Z20.461 X122.194 Y108.379 E807.47019
G1 Z20.462 X121.703 Y107.244 E807.51204
G1 Z20.464 X121.284 Y106.081 E807.55389
G1 Z20.465 X120.939 Y104.894 E807.59573
G1 Z20.466 X120.669 Y103.688 E807.63758
G1 Z20.467 X120.476 Y102.466 E807.67943
G1 Z20.468 X120.359 Y101.236 E807.72128
G1 Z20.469 X120.321 Y100 E807.76312
G1 Z20.470 X120.359 Y98.764 E807.80497
G1 Z20.471 X120.476 Y97.534 E807.84682
G1 Z20.473 X120.669 Y96.312 E807.88866
G1 Z20.474 X120.939 Y95.106 E807.93051
G1 Z20.474 X121.099 Y94.556 E807.94989
G1 Z20.475 X121.284 Y93.919 E807.97236
G1 Z20.476 X121.703 Y92.756 E808.0142
G1 Z20.477 X122.194 Y91.621 E808.05605
G1 Z20.478 X122.755 Y90.519 E808.0979
G1 Z20.479 X123.384 Y89.455 E808.13974
G1 Z20.480 X123.817 Y88.818 E808.16582
;LAYER_CHANGE
;Z:20.68
;HEIGHT:0.200001
G1 Z20.480 F600
G1 F6045
G1 Z20.480 X124.044 Y88.407 E808.18164
G1 Z20.482 X124.804 Y87.428 E808.22358
G1 Z20.483 X125.623 Y86.499 E808.26551
G1 Z20.484 X126.499 Y85.623 E808.30745
G1 Z20.485 X127.428 Y84.804 E808.34939
G1 Z20.486 X128.407 Y84.044 E808.39133
G1 Z20.487 X129.432 Y83.348 E808.43327
G1 Z20.488 X130.499 Y82.717 E808.47521
G1 Z20.489 X131.603 Y82.155 E808.51715
G1 Z20.491 X132.74 Y81.663 E808.55908
G1 Z20.492 X133.905 Y81.243 E808.60102
G1 Z20.493 X135.095 Y80.897 E808.64296
G1 Z20.494 X136.304 Y80.627 E808.6849
G1 Z20.495 X137.528 Y80.433 E808.72684
G1 Z20.496 X138.762 Y80.316 E808.76878
G1 Z20.497 X140.004 Y80.277 E808.81083
G1 Z20.515 X159.475 Y80.277 E809.46992
G1 Z20.524 X159.475 Y90.225 E809.80663
G1 Z20.525 X160.525 Y90.225 E809.84217
G1 Z20.534 X160.525 Y80.277 E810.17889
G1 Z20.551 X179.723 Y80.277 E810.8287
G1 Z20.569 X179.723 Y99.475 E811.47852
G1 Z20.578 X169.775 Y99.475 E811.81523
G1 Z20.579 X169.775 Y100.525 E811.85077
G1 Z20.588 X179.723 Y100.525 E812.18749
G1 Z20.605 X179.723 Y119.723 E812.8373
G1 Z20.641 X140.004 Y119.723 E814.18174
G1 Z20.642 X138.762 Y119.684 E814.2238
G1 Z20.643 X137.528 Y119.567 E814.26574
G1 Z20.644 X136.304 Y119.373 E814.30768
G1 Z20.646 X135.095 Y119.103 E814.34962
G1 Z20.647 X133.905 Y118.757 E814.39155
G1 Z20.648 X132.74 Y118.337 E814.43349
G1 Z20.649 X131.603 Y117.845 E814.47543
G1 Z20.650 X130.499 Y117.283 E814.51737
G1 Z20.651 X129.432 Y116.652 E814.55931
G1 Z20.652 X128.407 Y115.956 E814.60125
G1 Z20.653 X127.428 Y115.196 E814.64319
G1 Z20.655 X126.499 Y114.377 E814.68512
G1 Z20.656 X125.623 Y113.501 E814.72706
G1 Z20.657 X124.804 Y112.572 E814.769
G1 Z20.658 X124.266 Y111.878 E814.79871
G1 Z20.658 X124.044 Y111.593 E814.81094
G1 Z20.659 X123.348 Y110.568 E814.85288
G1 Z20.660 X122.717 Y109.501 E814.89482
G1 Z20.661 X122.155 Y108.397 E814.93675
G1 Z20.662 X121.663 Y107.26 E814.97869
G1 Z20.664 X121.243 Y106.095 E815.02063
G1 Z20.665 X120.897 Y104.905 E815.06257
G1 Z20.666 X120.627 Y103.696 E815.10451
G1 Z20.667 X120.433 Y102.472 E815.14645
G1 Z20.668 X120.316 Y101.238 E815.18839
G1 Z20.669 X120.278 Y100 E815.23032
G1 Z20.670 X120.316 Y98.762 E815.27226
G1 Z20.671 X120.433 Y97.528 E815.3142
G1 Z20.673 X120.627 Y96.304 E815.35614
G1 Z20.674 X120.897 Y95.095 E815.39808
G1 Z20.674 X121.142 Y94.252 E815.42778
G1 Z20.675 X121.243 Y93.905 E815.44002
G1 Z20.676 X121.663 Y92.74 E815.48196
G1 Z20.677 X122.155 Y91.603 E815.52389
G1 Z20.678 X122.717 Y90.499 E815.56583
G1 Z20.679 X123.348 Y89.432 E815.60777
G1 Z20.680 X123.782 Y88.794 E815.63389
;LAYER_CHANGE
;Z:20.88
;HEIGHT:0.199999
G1 Z20.680 F600
G1 F6051
G1 Z20.680 X124.009 Y88.382 E815.64975
G1 Z20.682 X124.77 Y87.401 E815.69179
G1 Z20.683 X125.592 Y86.47 E815.73381
G1 Z20.684 X126.47 Y85.592 E815.77584
G1 Z20.685 X127.401 Y84.77 E815.81787
G1 Z20.686 X128.382 Y84.009 E815.85991
G1 Z20.687 X129.409 Y83.311 E815.90193
G1 Z20.688 X130.478 Y82.679 E815.94396
G1 Z20.689 X131.584 Y82.116 E815.98599
G1 Z20.691 X132.724 Y81.623 E816.02802
G1 Z20.692 X133.892 Y81.202 E816.07005
G1 Z20.693 X135.085 Y80.855 E816.11208
G1 Z20.694 X136.296 Y80.585 E816.15411
G1 Z20.695 X137.523 Y80.39 E816.19614
G1 Z20.696 X138.759 Y80.274 E816.23817
G1 Z20.697 X140.004 Y80.234 E816.28033
G1 Z20.715 X159.475 Y80.234 E816.93941
G1 Z20.724 X159.475 Y90.225 E817.27758
G1 Z20.725 X160.525 Y90.225 E817.31312
G1 Z20.734 X160.525 Y80.234 E817.65129
G1 Z20.751 X179.766 Y80.234 E818.30256
G1 Z20.769 X179.766 Y99.475 E818.95383
G1 Z20.778 X169.775 Y99.475 E819.292
G1 Z20.779 X169.775 Y100.525 E819.32754
G1 Z20.788 X179.766 Y100.525 E819.66571
G1 Z20.805 X179.766 Y119.766 E820.31699
G1 Z20.841 X140.004 Y119.766 E821.66288
G1 Z20.842 X138.759 Y119.726 E821.70503
G1 Z20.843 X137.523 Y119.61 E821.74706
G1 Z20.844 X136.296 Y119.415 E821.78909
G1 Z20.846 X135.085 Y119.145 E821.83112
G1 Z20.847 X133.892 Y118.798 E821.87315
G1 Z20.848 X132.724 Y118.377 E821.91518
G1 Z20.849 X131.584 Y117.884 E821.95721
G1 Z20.850 X130.478 Y117.321 E821.99924
G1 Z20.851 X129.409 Y116.689 E822.04127
G1 Z20.852 X128.382 Y115.991 E822.0833
G1 Z20.853 X127.401 Y115.23 E822.12533
G1 Z20.855 X126.47 Y114.408 E822.16736
G1 Z20.856 X125.592 Y113.53 E822.20939
G1 Z20.857 X124.77 Y112.599 E822.25142
G1 Z20.858 X124.05 Y111.67 E822.29123
G1 Z20.859 X123.311 Y110.591 E822.33549
G1 Z20.860 X122.679 Y109.522 E822.37751
G1 Z20.861 X122.116 Y108.416 E822.41954
G1 Z20.862 X121.623 Y107.276 E822.46157
G1 Z20.864 X121.202 Y106.108 E822.5036
G1 Z20.865 X120.855 Y104.915 E822.54563
G1 Z20.866 X120.585 Y103.704 E822.58766
G1 Z20.867 X120.39 Y102.477 E822.62969
G1 Z20.868 X120.274 Y101.241 E822.67172
G1 Z20.869 X120.235 Y100 E822.71375
G1 Z20.870 X120.274 Y98.759 E822.75578
G1 Z20.871 X120.39 Y97.523 E822.79781
G1 Z20.873 X120.585 Y96.296 E822.83984
G1 Z20.874 X120.855 Y95.085 E822.88187
G1 Z20.875 X121.202 Y93.892 E822.9239
G1 Z20.876 X121.623 Y92.724 E822.96593
G1 Z20.877 X122.116 Y91.584 E823.00796
G1 Z20.878 X122.679 Y90.478 E823.04999
G1 Z20.879 X123.311 Y89.409 E823.09202
G1 Z20.880 X123.746 Y88.77 E823.11818
;LAYER_CHANGE
;Z:21.08
;HEIGHT:0.200001
G1 Z20.880 F600
G1 F6052
G1 Z20.880 X124.002 Y88.377 E823.13406
G1 Z20.882 X124.763 Y87.395 E823.17611
G1 Z20.883 X125.585 Y86.463 E823.21816
G1 Z20.884 X126.481 Y85.569 E823.261
G1 Z20.885 X127.395 Y84.763 E823.30226
G1 Z20.886 X128.377 Y84.002 E823.34431
G1 Z20.887 X129.404 Y83.304 E823.38636
G1 Z20.888 X130.473 Y82.671 E823.42841
G1 Z20.889 X131.58 Y82.107 E823.47045
G1 Z20.891 X132.742 Y81.606 E823.5133
G1 Z20.892 X133.889 Y81.193 E823.55456
G1 Z20.893 X135.082 Y80.846 E823.59661
G1 Z20.894 X136.295 Y80.575 E823.63866
G1 Z20.895 X137.522 Y80.381 E823.68071
G1 Z20.896 X138.758 Y80.264 E823.72276
G1 Z20.897 X140.004 Y80.225 E823.76493
G1 Z20.915 X159.475 Y80.225 E824.42401
G1 Z20.924 X159.475 Y90.225 E824.7625
G1 Z20.925 X160.525 Y90.225 E824.79804
G1 Z20.934 X160.525 Y80.225 E825.13653
G1 Z20.951 X179.775 Y80.225 E825.78812
G1 Z20.969 X179.775 Y99.475 E826.43971
G1 Z20.978 X169.775 Y99.475 E826.7782
G1 Z20.979 X169.775 Y100.525 E826.81374
G1 Z20.988 X179.775 Y100.525 E827.15223
G1 Z21.005 X179.775 Y119.775 E827.80382
G1 Z21.041 X140.004 Y119.775 E829.15003
G1 Z21.042 X138.758 Y119.736 E829.1922
G1 Z21.043 X137.522 Y119.619 E829.23425
G1 Z21.044 X136.295 Y119.425 E829.2763
G1 Z21.046 X135.082 Y119.154 E829.31835
G1 Z21.047 X133.889 Y118.807 E829.3604
G1 Z21.048 X132.72 Y118.386 E829.40245
G1 Z21.049 X131.58 Y117.893 E829.4445
G1 Z21.050 X130.473 Y117.329 E829.48655
G1 Z21.051 X129.404 Y116.697 E829.5286
G1 Z21.052 X128.358 Y115.984 E829.57144
G1 Z21.053 X127.395 Y115.237 E829.6127
G1 Z21.055 X126.463 Y114.415 E829.65475
G1 Z21.056 X125.585 Y113.537 E829.6968
G1 Z21.057 X124.763 Y112.605 E829.73885
G1 Z21.058 X124.002 Y111.623 E829.7809
G1 Z21.059 X123.304 Y110.596 E829.82295
G1 Z21.060 X122.671 Y109.527 E829.865
G1 Z21.061 X122.107 Y108.42 E829.90705
G1 Z21.062 X121.606 Y107.258 E829.94989
G1 Z21.064 X121.193 Y106.111 E829.99115
G1 Z21.065 X120.846 Y104.918 E830.0332
G1 Z21.066 X120.575 Y103.705 E830.07525
G1 Z21.067 X120.381 Y102.479 E830.11729
G1 Z21.068 X120.263 Y101.218 E830.16014
G1 Z21.069 X120.225 Y100 E830.2014
G1 Z21.070 X120.264 Y98.758 E830.24345
G1 Z21.071 X120.381 Y97.522 E830.2855
G1 Z21.073 X120.575 Y96.295 E830.32755
G1 Z21.074 X120.846 Y95.082 E830.3696
G1 Z21.075 X121.193 Y93.889 E830.41165
G1 Z21.076 X121.614 Y92.72 E830.4537
G1 Z21.077 X122.107 Y91.58 E830.49575
G1 Z21.078 X122.671 Y90.473 E830.5378
G1 Z21.079 X123.304 Y89.404 E830.57985
G1 Z21.080 X123.738 Y88.765 E830.60602
;LAYER_CHANGE
;Z:21.28
;HEIGHT:0.200001
G1 Z21.080 F600
G1 X123.738 Y88.765 F6000
G1 F6052
G1 Z21.080 X124.002 Y88.377 E830.6219
G1 Z21.082 X124.763 Y87.395 E830.66395
G1 Z21.083 X125.585 Y86.463 E830.706
G1 Z21.084 X126.463 Y85.585 E830.74805
G1 Z21.085 X127.395 Y84.763 E830.7901
G1 Z21.086 X128.377 Y84.002 E830.83215
G1 Z21.087 X129.404 Y83.304 E830.8742
G1 Z21.088 X130.473 Y82.671 E830.91625
G1 Z21.089 X131.58 Y82.107 E830.95829
G1 Z21.091 X132.771 Y81.596 E831.00215
G1 Z21.092 X133.889 Y81.193 E831.04239
G1 Z21.093 X135.082 Y80.846 E831.08444
G1 Z21.094 X136.295 Y80.575 E831.12649
G1 Z21.095 X137.522 Y80.381 E831.16854
G1 Z21.096 X138.758 Y80.264 E831.21059
G1 Z21.097 X140.004 Y80.225 E831.25276
G1 Z21.115 X159.475 Y80.225 E831.91185
G1 Z21.124 X159.475 Y90.225 E832.25034
G1 Z21.125 X160.525 Y90.225 E832.28588
G1 Z21.134 X160.525 Y80.225 E832.62437
G1 Z21.151 X179.775 Y80.225 E833.27596
G1 Z21.169 X179.775 Y99.475 E833.92755
G1 Z21.178 X169.775 Y99.475 E834.26603
G1 Z21.179 X169.775 Y100.525 E834.30158
G1 Z21.188 X179.775 Y100.525 E834.64006
G1 Z21.205 X179.775 Y119.775 E835.29165
G1 Z21.241 X140.004 Y119.775 E836.63786
G1 Z21.242 X138.705 Y119.731 E836.68184
G1 Z21.243 X137.522 Y119.619 E836.72209
G1 Z21.244 X136.295 Y119.425 E836.76414
G1 Z21.246 X135.082 Y119.154 E836.80619
G1 Z21.247 X133.889 Y118.807 E836.84823
G1 Z21.248 X132.671 Y118.365 E836.89209
G1 Z21.249 X131.58 Y117.893 E836.93233
G1 Z21.250 X130.473 Y117.329 E836.97438
G1 Z21.251 X129.404 Y116.696 E837.01643
G1 Z21.252 X128.377 Y115.998 E837.05848
G1 Z21.253 X127.395 Y115.237 E837.10053
G1 Z21.255 X126.463 Y114.415 E837.14258
G1 Z21.256 X125.585 Y113.537 E837.18463
G1 Z21.257 X124.763 Y112.605 E837.22668
G1 Z21.258 X124.002 Y111.623 E837.26873
G1 Z21.259 X123.304 Y110.596 E837.31078
G1 Z21.260 X122.671 Y109.527 E837.35283
G1 Z21.261 X122.107 Y108.42 E837.39487
G1 Z21.263 X121.596 Y107.229 E837.43873
G1 Z21.264 X121.193 Y106.111 E837.47898
G1 Z21.265 X120.846 Y104.918 E837.52103
G1 Z21.266 X120.575 Y103.705 E837.56308
G1 Z21.267 X120.381 Y102.478 E837.60513
G1 Z21.268 X120.264 Y101.242 E837.64718
G1 Z21.269 X120.225 Y100 E837.68923
G1 Z21.270 X120.264 Y98.758 E837.73128
G1 Z21.271 X120.381 Y97.522 E837.77333
G1 Z21.273 X120.575 Y96.295 E837.81538
G1 Z21.274 X120.846 Y95.082 E837.85743
G1 Z21.275 X121.193 Y93.889 E837.89947
G1 Z21.276 X121.635 Y92.671 E837.94333
G1 Z21.277 X122.107 Y91.58 E837.98357
G1 Z21.278 X122.671 Y90.474 E838.02562
G1 Z21.279 X123.333 Y89.36 E838.06948
G1 Z21.280 X123.738 Y88.765 E838.09385
;LAYER_CHANGE
;Z:21.48
;HEIGHT:0.199999
G1 Z21.280 F600
G1 F6052
G1 Z21.280 X124.002 Y88.377 E838.10972
G1 Z21.282 X124.763 Y87.395 E838.15177
G1 Z21.283 X125.585 Y86.463 E838.19382
G1 Z21.284 X126.463 Y85.585 E838.23587
G1 Z21.285 X127.395 Y84.763 E838.27792
G1 Z21.286 X128.376 Y84.002 E838.31996
G1 Z21.287 X129.476 Y83.261 E838.36483
G1 Z21.288 X130.473 Y82.671 E838.40407
G1 Z21.289 X131.58 Y82.107 E838.44612
G1 Z21.291 X132.72 Y81.614 E838.48817
G1 Z21.292 X133.889 Y81.193 E838.53022
G1 Z21.293 X135.082 Y80.846 E838.57227
G1 Z21.294 X136.295 Y80.575 E838.61432
G1 Z21.295 X137.522 Y80.381 E838.65637
G1 Z21.296 X138.758 Y80.264 E838.69842
G1 Z21.297 X140.004 Y80.225 E838.74059
G1 Z21.315 X159.475 Y80.225 E839.39967
G1 Z21.324 X159.475 Y90.225 E839.73816
G1 Z21.325 X160.525 Y90.225 E839.7737
G1 Z21.334 X160.525 Y80.225 E840.11219
G1 Z21.351 X179.775 Y80.225 E840.76378
G1 Z21.369 X179.775 Y99.475 E841.41537
G1 Z21.378 X169.775 Y99.475 E841.75386
G1 Z21.379 X169.775 Y100.525 E841.7894
G1 Z21.388 X179.775 Y100.525 E842.12789
G1 Z21.405 X179.775 Y119.775 E842.77948
G1 Z21.441 X140.004 Y119.775 E844.12569
G1 Z21.442 X138.758 Y119.736 E844.16786
G1 Z21.443 X137.522 Y119.619 E844.20991
G1 Z21.444 X136.295 Y119.425 E844.25196
G1 Z21.446 X135.082 Y119.154 E844.29401
G1 Z21.447 X133.889 Y118.807 E844.33606
G1 Z21.448 X132.72 Y118.386 E844.37811
G1 Z21.449 X131.58 Y117.893 E844.42016
G1 Z21.450 X130.473 Y117.329 E844.46221
G1 Z21.451 X129.404 Y116.696 E844.50426
G1 Z21.452 X128.377 Y115.998 E844.54631
G1 Z21.453 X127.395 Y115.237 E844.58836
G1 Z21.455 X126.463 Y114.415 E844.63041
G1 Z21.456 X125.585 Y113.537 E844.67246
G1 Z21.457 X124.763 Y112.605 E844.71451
G1 Z21.458 X124.002 Y111.623 E844.75656
G1 Z21.459 X123.304 Y110.596 E844.79861
G1 Z21.460 X122.671 Y109.527 E844.84066
G1 Z21.461 X122.107 Y108.42 E844.88271
G1 Z21.462 X121.614 Y107.28 E844.92476
G1 Z21.464 X121.193 Y106.111 E844.96681
G1 Z21.465 X120.846 Y104.918 E845.00886
G1 Z21.466 X120.575 Y103.705 E845.05091
G1 Z21.467 X120.381 Y102.478 E845.09296
G1 Z21.468 X120.264 Y101.242 E845.13501
G1 Z21.469 X120.225 Y100 E845.17706
G1 Z21.470 X120.264 Y98.758 E845.21911
G1 Z21.471 X120.381 Y97.522 E845.26116
G1 Z21.473 X120.575 Y96.295 E845.30321
G1 Z21.474 X120.846 Y95.082 E845.34526
G1 Z21.475 X121.193 Y93.889 E845.38731
G1 Z21.476 X121.614 Y92.72 E845.42936
G1 Z21.477 X122.107 Y91.58 E845.47141
G1 Z21.478 X122.671 Y90.473 E845.51346
G1 Z21.479 X123.304 Y89.404 E845.55551
G1 Z21.480 X123.738 Y88.765 E845.58169
;LAYER_CHANGE
;Z:21.68
;HEIGHT:0.200001
G1 Z21.480 F600
G1 F6052
G1 Z21.480 X124.002 Y88.377 E845.59756
G1 Z21.482 X124.763 Y87.395 E845.63961
G1 Z21.483 X125.585 Y86.463 E845.68166
G1 Z21.484 X126.463 Y85.585 E845.72371
G1 Z21.485 X127.395 Y84.763 E845.76576
G1 Z21.486 X128.377 Y84.002 E845.80781
G1 Z21.487 X129.404 Y83.304 E845.84986
G1 Z21.488 X130.473 Y82.671 E845.89191
G1 Z21.489 X131.58 Y82.107 E845.93396
G1 Z21.491 X132.72 Y81.614 E845.97601
G1 Z21.492 X133.889 Y81.193 E846.01806
G1 Z21.493 X135.082 Y80.846 E846.06011
G1 Z21.494 X136.295 Y80.575 E846.10216
G1 Z21.495 X137.522 Y80.381 E846.14421
G1 Z21.496 X138.758 Y80.264 E846.18626
G1 Z21.497 X140.004 Y80.225 E846.22843
G1 Z21.515 X159.475 Y80.225 E846.88752
G1 Z21.524 X159.475 Y90.225 E847.22601
G1 Z21.525 X160.525 Y90.225 E847.26155
G1 Z21.534 X160.525 Y80.225 E847.60003
G1 Z21.551 X179.775 Y80.225 E848.25162
G1 Z21.569 X179.775 Y99.475 E848.90321
G1 Z21.578 X169.775 Y99.475 E849.2417
G1 Z21.579 X169.775 Y100.525 E849.27724
G1 Z21.588 X179.775 Y100.525 E849.61573
G1 Z21.605 X179.775 Y119.775 E850.26732
G1 Z21.641 X140.004 Y119.775 E851.61352
G1 Z21.642 X138.646 Y119.725 E851.65953
G1 Z21.643 X137.522 Y119.619 E851.69775
G1 Z21.644 X136.295 Y119.425 E851.7398
G1 Z21.646 X135.082 Y119.154 E851.78185
G1 Z21.647 X133.889 Y118.807 E851.8239
G1 Z21.648 X132.72 Y118.386 E851.86595
G1 Z21.649 X131.58 Y117.893 E851.908
G1 Z21.650 X130.473 Y117.329 E851.95005
G1 Z21.651 X129.405 Y116.697 E851.99208
G1 Z21.652 X128.287 Y115.929 E852.03797
G1 Z21.653 X127.395 Y115.237 E852.07619
G1 Z21.655 X126.463 Y114.415 E852.11824
G1 Z21.656 X125.585 Y113.537 E852.16029
G1 Z21.657 X124.763 Y112.605 E852.20234
G1 Z21.658 X124.002 Y111.623 E852.24439
G1 Z21.659 X123.304 Y110.596 E852.28644
G1 Z21.660 X122.671 Y109.527 E852.32849
G1 Z21.661 X122.107 Y108.42 E852.37054
G1 Z21.662 X121.614 Y107.28 E852.41259
G1 Z21.664 X121.193 Y106.111 E852.45464
G1 Z21.665 X120.846 Y104.918 E852.49669
G1 Z21.666 X120.575 Y103.705 E852.53874
G1 Z21.667 X120.381 Y102.478 E852.58079
G1 Z21.668 X120.264 Y101.242 E852.62284
G1 Z21.669 X120.225 Y100 E852.66489
G1 Z21.670 X120.264 Y98.758 E852.70694
G1 Z21.671 X120.381 Y97.522 E852.74899
G1 Z21.673 X120.575 Y96.295 E852.79104
G1 Z21.674 X120.846 Y95.082 E852.83309
G1 Z21.675 X121.193 Y93.889 E852.87514
G1 Z21.676 X121.614 Y92.721 E852.91717
G1 Z21.677 X122.159 Y91.479 E852.96307
G1 Z21.678 X122.671 Y90.473 E853.00129
G1 Z21.679 X123.304 Y89.404 E853.04334
G1 Z21.680 X123.738 Y88.765 E853.06951
;LAYER_CHANGE
;Z:21.88
;HEIGHT:0.199999
G1 Z21.680 F600
G1 F6052
G1 Z21.680 X124.002 Y88.377 E853.08539
G1 Z21.682 X124.763 Y87.395 E853.12744
G1 Z21.683 X125.585 Y86.463 E853.16949
G1 Z21.684 X126.463 Y85.585 E853.21154
G1 Z21.685 X127.395 Y84.763 E853.25359
G1 Z21.686 X128.377 Y84.002 E853.29564
G1 Z21.687 X129.404 Y83.304 E853.33769
G1 Z21.688 X130.473 Y82.671 E853.37974
G1 Z21.689 X131.58 Y82.107 E853.42179
G1 Z21.691 X132.72 Y81.614 E853.46384
G1 Z21.692 X133.889 Y81.193 E853.50589
G1 Z21.693 X135.082 Y80.846 E853.54794
G1 Z21.694 X136.295 Y80.575 E853.58999
G1 Z21.695 X137.522 Y80.381 E853.63204
G1 Z21.696 X138.758 Y80.264 E853.67409
G1 Z21.697 X140.004 Y80.225 E853.71626
G1 Z21.715 X159.475 Y80.225 E854.37534
G1 Z21.724 X159.475 Y90.225 E854.71383
G1 Z21.725 X160.525 Y90.225 E854.74937
G1 Z21.734 X160.525 Y80.225 E855.08786
G1 Z21.751 X179.775 Y80.225 E855.73945
G1 Z21.769 X179.775 Y99.475 E856.39104
G1 Z21.778 X169.775 Y99.475 E856.72953
G1 Z21.779 X169.775 Y100.525 E856.76507
G1 Z21.788 X179.775 Y100.525 E857.10356
G1 Z21.805 X179.775 Y119.775 E857.75515
G1 Z21.841 X140.004 Y119.775 E859.10136
G1 Z21.842 X138.758 Y119.736 E859.14353
G1 Z21.843 X137.522 Y119.619 E859.18558
G1 Z21.844 X136.295 Y119.425 E859.22763
G1 Z21.846 X135.082 Y119.154 E859.26968
G1 Z21.847 X133.889 Y118.807 E859.31173
G1 Z21.848 X132.72 Y118.386 E859.35378
G1 Z21.849 X131.58 Y117.893 E859.39583
G1 Z21.850 X130.473 Y117.329 E859.43788
G1 Z21.851 X129.404 Y116.696 E859.47993
G1 Z21.852 X128.377 Y115.998 E859.52198
G1 Z21.853 X127.395 Y115.237 E859.56403
G1 Z21.855 X126.463 Y114.415 E859.60608
G1 Z21.856 X125.585 Y113.537 E859.64813
G1 Z21.857 X124.763 Y112.605 E859.69018
G1 Z21.858 X124.002 Y111.623 E859.73223
G1 Z21.859 X123.304 Y110.596 E859.77428
G1 Z21.860 X122.671 Y109.527 E859.81633
G1 Z21.861 X122.107 Y108.42 E859.85838
G1 Z21.862 X121.614 Y107.28 E859.90043
G1 Z21.864 X121.193 Y106.111 E859.94248
G1 Z21.865 X120.846 Y104.918 E859.98453
G1 Z21.866 X120.575 Y103.705 E860.02658
G1 Z21.867 X120.381 Y102.478 E860.06863
G1 Z21.868 X120.264 Y101.242 E860.11068
G1 Z21.869 X120.225 Y100 E860.15273
G1 Z21.870 X120.264 Y98.758 E860.19478
G1 Z21.871 X120.381 Y97.522 E860.23683
G1 Z21.873 X120.575 Y96.295 E860.27888
G1 Z21.874 X120.846 Y95.082 E860.32093
G1 Z21.875 X121.193 Y93.889 E860.36298
G1 Z21.876 X121.614 Y92.72 E860.40503
G1 Z21.877 X122.107 Y91.58 E860.44708
G1 Z21.878 X122.671 Y90.473 E860.48913
G1 Z21.879 X123.304 Y89.404 E860.53118
G1 Z21.880 X123.738 Y88.765 E860.55736
;LAYER_CHANGE
;Z:22.08
;HEIGHT:0.200001
G1 Z21.880 F600
G1 F6052
G1 Z21.880 X124.002 Y88.377 E860.57323
G1 Z21.882 X124.763 Y87.395 E860.61528
G1 Z21.883 X125.585 Y86.463 E860.65733
G1 Z21.884 X126.463 Y85.585 E860.69938
G1 Z21.885 X127.395 Y84.763 E860.74143
G1 Z21.886 X128.377 Y84.002 E860.78348
G1 Z21.887 X129.404 Y83.304 E860.82553
G1 Z21.888 X130.473 Y82.671 E860.86758
G1 Z21.889 X131.58 Y82.107 E860.90963
G1 Z21.891 X132.72 Y81.614 E860.95168
G1 Z21.892 X133.889 Y81.193 E860.99373
G1 Z21.893 X135.082 Y80.846 E861.03578
G1 Z21.894 X136.295 Y80.575 E861.07783
G1 Z21.895 X137.522 Y80.381 E861.11988
G1 Z21.896 X138.758 Y80.264 E861.16193
G1 Z21.897 X140.004 Y80.225 E861.2041
G1 Z21.915 X159.475 Y80.225 E861.86319
G1 Z21.924 X159.475 Y90.225 E862.20167
G1 Z21.925 X160.525 Y90.225 E862.23722
G1 Z21.934 X160.525 Y80.225 E862.5757
G1 Z21.951 X179.775 Y80.225 E863.22729
G1 Z21.969 X179.775 Y99.475 E863.87888
G1 Z21.978 X169.775 Y99.475 E864.21737
G1 Z21.979 X169.775 Y100.525 E864.25291
G1 Z21.988 X179.775 Y100.525 E864.5914
G1 Z22.005 X179.775 Y119.775 E865.24299
G1 Z22.041 X140.004 Y119.775 E866.58918
G1 Z22.042 X138.586 Y119.72 E866.63723
G1 Z22.043 X137.522 Y119.619 E866.67342
G1 Z22.044 X136.295 Y119.425 E866.71547
G1 Z22.046 X135.082 Y119.154 E866.75752
G1 Z22.047 X133.889 Y118.807 E866.79957
G1 Z22.048 X132.72 Y118.386 E866.84162
G1 Z22.049 X131.58 Y117.893 E866.88367
G1 Z22.050 X130.473 Y117.329 E866.92572
G1 Z22.051 X129.405 Y116.697 E866.96774
G1 Z22.053 X128.24 Y115.892 E867.01567
G1 Z22.053 X127.395 Y115.237 E867.05186
G1 Z22.055 X126.463 Y114.415 E867.09391
G1 Z22.056 X125.585 Y113.537 E867.13596
G1 Z22.057 X124.763 Y112.605 E867.17801
G1 Z22.058 X124.002 Y111.623 E867.22006
G1 Z22.059 X123.304 Y110.596 E867.26211
G1 Z22.060 X122.671 Y109.527 E867.30416
G1 Z22.061 X122.107 Y108.42 E867.34621
G1 Z22.062 X121.614 Y107.28 E867.38826
G1 Z22.064 X121.193 Y106.111 E867.43031
G1 Z22.065 X120.846 Y104.918 E867.47236
G1 Z22.066 X120.575 Y103.705 E867.51441
G1 Z22.067 X120.381 Y102.479 E867.55643
G1 Z22.068 X120.259 Y101.069 E867.60435
G1 Z22.069 X120.225 Y100 E867.64055
G1 Z22.070 X120.264 Y98.758 E867.6826
G1 Z22.071 X120.381 Y97.522 E867.72465
G1 Z22.073 X120.575 Y96.295 E867.7667
G1 Z22.074 X120.846 Y95.082 E867.80875
G1 Z22.075 X121.193 Y93.889 E867.8508
G1 Z22.076 X121.614 Y92.72 E867.89285
G1 Z22.077 X122.107 Y91.58 E867.9349
G1 Z22.078 X122.671 Y90.473 E867.97695
G1 Z22.079 X123.304 Y89.404 E868.019
G1 Z22.080 X123.738 Y88.765 E868.04517
;LAYER_CHANGE
;Z:22.28
;HEIGHT:0.200001
G1 Z22.080 F600
G1 F6052
G1 Z22.080 X124.002 Y88.377 E868.06105
G1 Z22.082 X124.763 Y87.395 E868.1031
G1 Z22.083 X125.585 Y86.463 E868.14515
G1 Z22.084 X126.463 Y85.585 E868.1872
G1 Z22.085 X127.395 Y84.763 E868.22925
G1 Z22.086 X128.377 Y84.002 E868.2713
G1 Z22.087 X129.404 Y83.304 E868.31335
G1 Z22.088 X130.473 Y82.671 E868.3554
G1 Z22.089 X131.58 Y82.107 E868.39745
G1 Z22.091 X132.72 Y81.614 E868.4395
G1 Z22.092 X133.889 Y81.193 E868.48155
G1 Z22.093 X135.082 Y80.846 E868.5236
G1 Z22.094 X136.295 Y80.575 E868.56565
G1 Z22.095 X137.522 Y80.381 E868.6077
G1 Z22.096 X138.758 Y80.264 E868.64975
G1 Z22.097 X140.004 Y80.225 E868.69192
G1 Z22.115 X159.475 Y80.225 E869.351
G1 Z22.124 X159.475 Y90.225 E869.68949
G1 Z22.125 X160.525 Y90.225 E869.72503
G1 Z22.134 X160.525 Y80.225 E870.06352
G1 Z22.151 X179.775 Y80.225 E870.71511
G1 Z22.169 X179.775 Y99.475 E871.3667
G1 Z22.178 X169.775 Y99.475 E871.70519
G1 Z22.179 X169.775 Y100.525 E871.74073
G1 Z22.188 X179.775 Y100.525 E872.07922
G1 Z22.205 X179.775 Y119.775 E872.73081
G1 Z22.241 X140.005 Y119.775 E874.07699
G1 Z22.242 X138.556 Y119.717 E874.12605
G1 Z22.243 X137.522 Y119.619 E874.16123
G1 Z22.244 X136.295 Y119.425 E874.20328
G1 Z22.246 X135.082 Y119.154 E874.24533
G1 Z22.247 X133.889 Y118.807 E874.28738
G1 Z22.248 X132.72 Y118.386 E874.32943
G1 Z22.249 X131.58 Y117.893 E874.37148
G1 Z22.250 X130.473 Y117.329 E874.41353
G1 Z22.251 X129.404 Y116.696 E874.45558
G1 Z22.252 X128.377 Y115.998 E874.49763
G1 Z22.253 X127.395 Y115.237 E874.53968
G1 Z22.255 X126.463 Y114.415 E874.58173
G1 Z22.256 X125.585 Y113.537 E874.62378
G1 Z22.257 X124.763 Y112.605 E874.66583
G1 Z22.258 X124.002 Y111.623 E874.70788
G1 Z22.259 X123.304 Y110.596 E874.74993
G1 Z22.260 X122.671 Y109.527 E874.79198
G1 Z22.261 X122.107 Y108.42 E874.83403
G1 Z22.262 X121.614 Y107.28 E874.87608
G1 Z22.264 X121.193 Y106.111 E874.91813
G1 Z22.265 X120.846 Y104.918 E874.96018
G1 Z22.266 X120.575 Y103.705 E875.00223
G1 Z22.267 X120.381 Y102.478 E875.04428
G1 Z22.268 X120.264 Y101.242 E875.08633
G1 Z22.269 X120.225 Y100 E875.12838
G1 Z22.270 X120.264 Y98.758 E875.17043
G1 Z22.271 X120.381 Y97.522 E875.21248
G1 Z22.273 X120.575 Y96.295 E875.25453
G1 Z22.274 X120.846 Y95.082 E875.29658
G1 Z22.275 X121.193 Y93.889 E875.33863
G1 Z22.276 X121.614 Y92.72 E875.38068
G1 Z22.277 X122.107 Y91.58 E875.42273
G1 Z22.278 X122.671 Y90.473 E875.46478
G1 Z22.279 X123.304 Y89.404 E875.50683
G1 Z22.280 X123.738 Y88.765 E875.533
;LAYER_CHANGE
;Z:22.48
;HEIGHT:0.199999
G1 Z22.280 F600
G1 X123.738 Y88.765 F6000
G1 F6052
G1 Z22.280 X124.002 Y88.377 E875.54888
G1 Z22.282 X124.763 Y87.395 E875.59093
G1 Z22.283 X125.585 Y86.463 E875.63298
G1 Z22.284 X126.463 Y85.585 E875.67503
G1 Z22.285 X127.395 Y84.763 E875.71708
G1 Z22.286 X128.377 Y84.002 E875.75913
G1 Z22.287 X129.404 Y83.304 E875.80118
G1 Z22.288 X130.473 Y82.671 E875.84323
G1 Z22.289 X131.58 Y82.107 E875.88528
G1 Z22.291 X132.72 Y81.614 E875.92733
G1 Z22.292 X133.889 Y81.193 E875.96938
G1 Z22.293 X135.082 Y80.846 E876.01143
G1 Z22.294 X136.295 Y80.575 E876.05348
G1 Z22.295 X137.522 Y80.381 E876.09553
G1 Z22.296 X138.758 Y80.264 E876.13758
G1 Z22.297 X140.004 Y80.225 E876.17975
G1 Z22.315 X159.475 Y80.225 E876.83884
G1 Z22.324 X159.475 Y90.225 E877.17732
G1 Z22.325 X160.525 Y90.225 E877.21286
G1 Z22.334 X160.525 Y80.225 E877.55135
G1 Z22.351 X179.775 Y80.225 E878.20294
G1 Z22.369 X179.775 Y99.475 E878.85453
G1 Z22.378 X169.775 Y99.475 E879.19302
G1 Z22.379 X169.775 Y100.525 E879.22856
G1 Z22.388 X179.775 Y100.525 E879.56705
G1 Z22.405 X179.775 Y119.775 E880.21864
G1 Z22.441 X140.004 Y119.775 E881.56485
G1 Z22.442 X138.758 Y119.736 E881.60703
G1 Z22.443 X137.522 Y119.619 E881.64908
G1 Z22.444 X136.295 Y119.425 E881.69113
G1 Z22.446 X135.082 Y119.154 E881.73318
G1 Z22.447 X133.889 Y118.807 E881.77523
G1 Z22.448 X132.72 Y118.386 E881.81728
G1 Z22.449 X131.58 Y117.893 E881.85932
G1 Z22.450 X130.473 Y117.329 E881.90138
G1 Z22.451 X129.405 Y116.697 E881.94339
G1 Z22.453 X128.193 Y115.855 E881.99335
G1 Z22.453 X127.395 Y115.237 E882.02751
G1 Z22.455 X126.463 Y114.415 E882.06956
G1 Z22.456 X125.585 Y113.537 E882.11161
G1 Z22.457 X124.763 Y112.605 E882.15366
G1 Z22.458 X124.002 Y111.623 E882.19571
G1 Z22.459 X123.304 Y110.596 E882.23776
G1 Z22.460 X122.671 Y109.527 E882.27981
G1 Z22.461 X122.107 Y108.42 E882.32186
G1 Z22.462 X121.614 Y107.28 E882.36391
G1 Z22.464 X121.193 Y106.111 E882.40596
G1 Z22.465 X120.846 Y104.918 E882.44801
G1 Z22.466 X120.575 Y103.705 E882.49006
G1 Z22.467 X120.381 Y102.478 E882.53211
G1 Z22.468 X120.264 Y101.242 E882.57416
G1 Z22.469 X120.225 Y100 E882.61621
G1 Z22.470 X120.264 Y98.758 E882.65826
G1 Z22.471 X120.381 Y97.522 E882.70031
G1 Z22.473 X120.575 Y96.295 E882.74236
G1 Z22.474 X120.846 Y95.082 E882.78441
G1 Z22.475 X121.193 Y93.889 E882.82646
G1 Z22.476 X121.614 Y92.72 E882.86851
G1 Z22.477 X122.107 Y91.58 E882.91056
G1 Z22.478 X122.671 Y90.473 E882.95261
G1 Z22.479 X123.304 Y89.404 E882.99466
G1 Z22.480 X123.738 Y88.765 E883.02084
;LAYER_CHANGE
;Z:22.68
;HEIGHT:0.200001
G1 Z22.480 F600
G1 X123.738 Y88.765 F6000
G1 F6052
G1 Z22.480 X124.002 Y88.377 E883.03671
G1 Z22.482 X124.763 Y87.395 E883.07876
G1 Z22.483 X125.585 Y86.463 E883.12081
G1 Z22.484 X126.463 Y85.585 E883.16286
G1 Z22.484 X126.656 Y85.415 E883.17156
G1 Z22.485 X127.395 Y84.763 E883.20491
G1 Z22.486 X128.377 Y84.002 E883.24696
G1 Z22.487 X129.404 Y83.304 E883.28901
G1 Z22.488 X130.473 Y82.671 E883.33106
G1 Z22.489 X131.58 Y82.107 E883.37311
G1 Z22.491 X132.72 Y81.614 E883.41516
G1 Z22.492 X133.889 Y81.193 E883.45721
G1 Z22.493 X135.082 Y80.846 E883.49926
G1 Z22.494 X136.295 Y80.575 E883.54131
G1 Z22.495 X137.522 Y80.381 E883.58336
G1 Z22.496 X138.758 Y80.264 E883.62541
G1 Z22.497 X140.004 Y80.225 E883.66758
G1 Z22.515 X159.475 Y80.225 E884.32667
G1 Z22.524 X159.475 Y90.225 E884.66516
G1 Z22.525 X160.525 Y90.225 E884.7007
G1 Z22.534 X160.525 Y80.225 E885.03918
G1 Z22.551 X179.775 Y80.225 E885.69077
G1 Z22.569 X179.775 Y99.475 E886.34236
G1 Z22.578 X169.775 Y99.475 E886.68085
G1 Z22.579 X169.775 Y100.525 E886.71639
G1 Z22.588 X179.775 Y100.525 E887.05488
G1 Z22.605 X179.775 Y119.775 E887.70647
G1 Z22.641 X140.004 Y119.775 E889.05269
G1 Z22.642 X138.758 Y119.736 E889.09486
G1 Z22.643 X137.522 Y119.619 E889.13691
G1 Z22.644 X136.295 Y119.425 E889.17896
G1 Z22.646 X135.082 Y119.154 E889.22101
G1 Z22.647 X133.889 Y118.807 E889.26306
G1 Z22.648 X132.72 Y118.386 E889.30511
G1 Z22.649 X131.58 Y117.893 E889.34716
G1 Z22.650 X130.473 Y117.329 E889.38921
G1 Z22.651 X129.404 Y116.696 E889.43126
G1 Z22.652 X128.377 Y115.998 E889.47331
G1 Z22.653 X127.395 Y115.237 E889.51536
G1 Z22.655 X126.463 Y114.415 E889.55741
G1 Z22.656 X125.585 Y113.537 E889.59946
G1 Z22.657 X124.763 Y112.605 E889.64151
G1 Z22.658 X124.002 Y111.623 E889.68356
G1 Z22.659 X123.304 Y110.596 E889.72561
G1 Z22.660 X122.671 Y109.527 E889.76766
G1 Z22.661 X122.107 Y108.42 E889.80971
G1 Z22.662 X121.614 Y107.28 E889.85176
G1 Z22.664 X121.193 Y106.111 E889.89381
G1 Z22.665 X120.846 Y104.918 E889.93586
G1 Z22.666 X120.575 Y103.705 E889.97791
G1 Z22.667 X120.381 Y102.478 E890.01996
G1 Z22.668 X120.264 Y101.242 E890.06201
G1 Z22.669 X120.225 Y100 E890.10406
G1 Z22.670 X120.264 Y98.758 E890.14611
G1 Z22.671 X120.381 Y97.522 E890.18816
G1 Z22.673 X120.575 Y96.295 E890.23021
G1 Z22.674 X120.846 Y95.082 E890.27226
G1 Z22.675 X121.193 Y93.889 E890.31431
G1 Z22.676 X121.614 Y92.72 E890.35636
G1 Z22.677 X122.107 Y91.58 E890.39841
G1 Z22.678 X122.671 Y90.473 E890.44046
G1 Z22.679 X123.304 Y89.404 E890.48251
G1 Z22.680 X123.738 Y88.765 E890.50868
;LAYER_CHANGE
;Z:22.88
;HEIGHT:0.199999
G1 Z22.680 F600
G1 F6052
G1 Z22.680 X124.002 Y88.377 E890.52456
G1 Z22.682 X124.763 Y87.395 E890.56661
G1 Z22.683 X125.585 Y86.463 E890.60866
G1 Z22.684 X126.463 Y85.585 E890.65071
G1 Z22.685 X127.395 Y84.763 E890.69276
G1 Z22.686 X128.377 Y84.002 E890.73481
G1 Z22.687 X129.404 Y83.304 E890.77686
G1 Z22.688 X130.473 Y82.671 E890.81891
G1 Z22.689 X131.58 Y82.107 E890.86096
G1 Z22.691 X132.72 Y81.614 E890.90301
G1 Z22.692 X133.889 Y81.193 E890.94506
G1 Z22.693 X135.082 Y80.846 E890.98711
G1 Z22.694 X136.295 Y80.575 E891.02916
G1 Z22.695 X137.522 Y80.381 E891.07121
G1 Z22.696 X138.758 Y80.264 E891.11326
G1 Z22.697 X140.004 Y80.225 E891.15543
G1 Z22.715 X159.475 Y80.225 E891.81451
G1 Z22.724 X159.475 Y90.225 E892.153
G1 Z22.725 X160.525 Y90.225 E892.18854
G1 Z22.734 X160.525 Y80.225 E892.52703
G1 Z22.751 X179.775 Y80.225 E893.17862
G1 Z22.769 X179.775 Y99.475 E893.83021
G1 Z22.778 X169.775 Y99.475 E894.1687
G1 Z22.779 X169.775 Y100.525 E894.20424
G1 Z22.788 X179.775 Y100.525 E894.54273
G1 Z22.805 X179.775 Y119.775 E895.19432
G1 Z22.841 X140.004 Y119.775 E896.54053
G1 Z22.842 X138.758 Y119.736 E896.5827
G1 Z22.843 X137.522 Y119.619 E896.62475
G1 Z22.844 X136.295 Y119.425 E896.6668
G1 Z22.846 X135.082 Y119.154 E896.70885
G1 Z22.847 X133.889 Y118.807 E896.7509
G1 Z22.848 X132.72 Y118.386 E896.79295
G1 Z22.849 X131.58 Y117.893 E896.835
G1 Z22.850 X130.473 Y117.329 E896.87705
G1 Z22.851 X129.404 Y116.696 E896.9191
G1 Z22.852 X128.377 Y115.998 E896.96115
G1 Z22.853 X127.395 Y115.237 E897.0032
G1 Z22.855 X126.463 Y114.415 E897.04525
G1 Z22.856 X125.585 Y113.537 E897.0873
G1 Z22.857 X124.763 Y112.605 E897.12935
G1 Z22.858 X124.002 Y111.623 E897.1714
G1 Z22.859 X123.304 Y110.596 E897.21345
G1 Z22.860 X122.671 Y109.527 E897.2555
G1 Z22.861 X122.107 Y108.42 E897.29755
G1 Z22.862 X121.614 Y107.28 E897.3396
G1 Z22.864 X121.193 Y106.111 E897.38165
G1 Z22.865 X120.846 Y104.918 E897.4237
G1 Z22.866 X120.575 Y103.705 E897.46575
G1 Z22.867 X120.381 Y102.478 E897.5078
G1 Z22.868 X120.264 Y101.242 E897.54985
G1 Z22.869 X120.225 Y100 E897.5919
G1 Z22.870 X120.264 Y98.758 E897.63395
G1 Z22.871 X120.381 Y97.522 E897.676
G1 Z22.873 X120.575 Y96.295 E897.71805
G1 Z22.874 X120.846 Y95.082 E897.7601
G1 Z22.875 X121.193 Y93.889 E897.80215
G1 Z22.876 X121.614 Y92.72 E897.8442
G1 Z22.877 X122.107 Y91.58 E897.88625
G1 Z22.878 X122.671 Y90.473 E897.9283
G1 Z22.879 X123.304 Y89.404 E897.97035
G1 Z22.880 X123.738 Y88.765 E897.99653
;LAYER_CHANGE
;Z:23.08
;HEIGHT:0.200001
G1 Z22.880 F600
G1 F6052
G1 Z22.880 X124.002 Y88.377 E898.0124
G1 Z22.882 X124.763 Y87.395 E898.05445
G1 Z22.883 X125.585 Y86.463 E898.0965
G1 Z22.884 X126.463 Y85.585 E898.13855
G1 Z22.885 X127.395 Y84.763 E898.1806
G1 Z22.886 X128.377 Y84.002 E898.22265
G1 Z22.887 X129.404 Y83.304 E898.2647
G1 Z22.888 X130.473 Y82.671 E898.30675
G1 Z22.889 X131.58 Y82.107 E898.3488
G1 Z22.891 X132.72 Y81.614 E898.39085
G1 Z22.892 X133.889 Y81.193 E898.4329
G1 Z22.893 X135.082 Y80.846 E898.47495
G1 Z22.894 X136.295 Y80.575 E898.517
G1 Z22.895 X137.522 Y80.381 E898.55905
G1 Z22.896 X138.758 Y80.264 E898.6011
G1 Z22.897 X140.004 Y80.225 E898.64327
G1 Z22.915 X159.475 Y80.225 E899.30236
G1 Z22.924 X159.475 Y90.225 E899.64085
G1 Z22.925 X160.525 Y90.225 E899.67639
G1 Z22.934 X160.525 Y80.225 E900.01487
G1 Z22.951 X179.775 Y80.225 E900.66646
G1 Z22.969 X179.775 Y99.475 E901.31805
G1 Z22.978 X169.775 Y99.475 E901.65654
G1 Z22.979 X169.775 Y100.525 E901.69208
G1 Z22.988 X179.775 Y100.525 E902.03057
G1 Z23.005 X179.775 Y119.775 E902.68216
G1 Z23.041 X140.004 Y119.775 E904.02838
G1 Z23.042 X138.758 Y119.736 E904.07055
G1 Z23.043 X137.522 Y119.619 E904.1126
G1 Z23.044 X136.295 Y119.425 E904.15465
G1 Z23.046 X135.082 Y119.154 E904.1967
G1 Z23.047 X133.889 Y118.807 E904.23875
G1 Z23.048 X132.72 Y118.386 E904.2808
G1 Z23.049 X131.58 Y117.893 E904.32285
G1 Z23.050 X130.473 Y117.329 E904.3649
G1 Z23.051 X129.404 Y116.696 E904.40695
G1 Z23.052 X128.377 Y115.998 E904.449
G1 Z23.053 X127.395 Y115.237 E904.49105
G1 Z23.055 X126.463 Y114.415 E904.5331
G1 Z23.056 X125.585 Y113.537 E904.57515
G1 Z23.057 X124.763 Y112.605 E904.6172
G1 Z23.058 X124.002 Y111.623 E904.65925
G1 Z23.059 X123.304 Y110.596 E904.7013
G1 Z23.060 X122.671 Y109.527 E904.74335
G1 Z23.061 X122.107 Y108.42 E904.7854
G1 Z23.062 X121.614 Y107.28 E904.82745
G1 Z23.064 X121.193 Y106.111 E904.8695
G1 Z23.065 X120.846 Y104.918 E904.91155
G1 Z23.066 X120.575 Y103.705 E904.9536
G1 Z23.067 X120.381 Y102.478 E904.99565
G1 Z23.068 X120.264 Y101.242 E905.0377
G1 Z23.069 X120.225 Y100 E905.07975
G1 Z23.070 X120.264 Y98.758 E905.1218
G1 Z23.071 X120.381 Y97.522 E905.16385
G1 Z23.073 X120.575 Y96.295 E905.2059
G1 Z23.074 X120.846 Y95.082 E905.24795
G1 Z23.075 X121.193 Y93.889 E905.29
G1 Z23.076 X121.614 Y92.72 E905.33205
G1 Z23.077 X122.107 Y91.58 E905.3741
G1 Z23.078 X122.671 Y90.473 E905.41615
G1 Z23.079 X123.304 Y89.404 E905.4582
G1 Z23.080 X123.738 Y88.765 E905.48437
;LAYER_CHANGE
;Z:23.28
;HEIGHT:0.200001
G1 Z23.080 F600
G1 F6052
G1 Z23.080 X124.002 Y88.377 E905.50025
G1 Z23.082 X124.763 Y87.395 E905.5423
G1 Z23.083 X125.585 Y86.463 E905.58435
G1 Z23.084 X126.463 Y85.585 E905.6264
G1 Z23.085 X127.395 Y84.763 E905.66845
G1 Z23.086 X128.377 Y84.002 E905.7105
G1 Z23.087 X129.404 Y83.304 E905.75255
G1 Z23.088 X130.473 Y82.671 E905.7946
G1 Z23.089 X131.58 Y82.107 E905.83665
G1 Z23.091 X132.72 Y81.614 E905.8787
G1 Z23.092 X133.889 Y81.193 E905.92075
G1 Z23.093 X135.082 Y80.846 E905.9628
G1 Z23.094 X136.295 Y80.575 E906.00485
G1 Z23.095 X137.522 Y80.381 E906.0469
G1 Z23.096 X138.758 Y80.264 E906.08895
G1 Z23.097 X140.004 Y80.225 E906.13112
G1 Z23.115 X159.475 Y80.225 E906.7902
G1 Z23.124 X159.475 Y90.225 E907.12869
G1 Z23.125 X160.525 Y90.225 E907.16423
G1 Z23.134 X160.525 Y80.225 E907.50272
G1 Z23.151 X179.775 Y80.225 E908.15431
G1 Z23.169 X179.775 Y99.475 E908.8059
G1 Z23.178 X169.775 Y99.475 E909.14439
G1 Z23.179 X169.775 Y100.525 E909.17993
G1 Z23.188 X179.775 Y100.525 E909.51842
G1 Z23.205 X179.775 Y119.775 E910.17001
G1 Z23.241 X140.004 Y119.775 E911.51622
G1 Z23.242 X138.758 Y119.736 E911.55839
G1 Z23.243 X137.522 Y119.619 E911.60044
G1 Z23.244 X136.295 Y119.425 E911.64249
G1 Z23.246 X135.082 Y119.154 E911.68454
G1 Z23.247 X133.889 Y118.807 E911.72659
G1 Z23.248 X132.72 Y118.386 E911.76864
G1 Z23.249 X131.58 Y117.893 E911.81069
G1 Z23.250 X130.473 Y117.329 E911.85274
G1 Z23.251 X129.404 Y116.696 E911.89479
G1 Z23.252 X128.377 Y115.998 E911.93684
G1 Z23.253 X127.395 Y115.237 E911.97889
G1 Z23.255 X126.463 Y114.415 E912.02094
G1 Z23.256 X125.585 Y113.537 E912.06299
G1 Z23.257 X124.763 Y112.605 E912.10504
G1 Z23.258 X124.002 Y111.623 E912.14709
G1 Z23.259 X123.304 Y110.596 E912.18914
G1 Z23.260 X122.671 Y109.527 E912.23119
G1 Z23.261 X122.107 Y108.42 E912.27324
G1 Z23.262 X121.614 Y107.28 E912.31529
G1 Z23.264 X121.193 Y106.111 E912.35734
G1 Z23.265 X120.846 Y104.918 E912.39939
G1 Z23.266 X120.575 Y103.705 E912.44144
G1 Z23.267 X120.381 Y102.478 E912.48349
G1 Z23.268 X120.264 Y101.242 E912.52554
G1 Z23.269 X120.225 Y100 E912.56759
G1 Z23.270 X120.264 Y98.758 E912.60964
G1 Z23.271 X120.381 Y97.522 E912.65169
G1 Z23.273 X120.575 Y96.295 E912.69374
G1 Z23.274 X120.846 Y95.082 E912.73579
G1 Z23.275 X121.193 Y93.889 E912.77784
G1 Z23.276 X121.614 Y92.72 E912.81989
G1 Z23.277 X122.107 Y91.58 E912.86194
G1 Z23.278 X122.671 Y90.473 E912.90399
G1 Z23.279 X123.304 Y89.404 E912.94604
G1 Z23.280 X123.738 Y88.765 E912.97222
;LAYER_CHANGE
;Z:23.48
;HEIGHT:0.199999
G1 Z23.280 F600
G1 F6052
G1 Z23.280 X124.002 Y88.377 E912.98809
G1 Z23.282 X124.763 Y87.395 E913.03014
G1 Z23.283 X125.585 Y86.463 E913.07219
G1 Z23.284 X126.463 Y85.585 E913.11424
G1 Z23.285 X127.395 Y84.763 E913.15629
G1 Z23.286 X128.377 Y84.002 E913.19834
G1 Z23.287 X129.404 Y83.304 E913.24039
G1 Z23.288 X130.473 Y82.671 E913.28244
G1 Z23.289 X131.58 Y82.107 E913.32449
G1 Z23.291 X132.72 Y81.614 E913.36654
G1 Z23.292 X133.889 Y81.193 E913.40859
G1 Z23.293 X135.082 Y80.846 E913.45064
G1 Z23.294 X136.295 Y80.575 E913.49269
G1 Z23.295 X137.522 Y80.381 E913.53474
G1 Z23.296 X138.758 Y80.264 E913.57679
G1 Z23.297 X140.004 Y80.225 E913.61896
G1 Z23.315 X159.475 Y80.225 E914.27805
G1 Z23.324 X159.475 Y90.225 E914.61654
G1 Z23.325 X160.525 Y90.225 E914.65208
G1 Z23.334 X160.525 Y80.225 E914.99057
G1 Z23.351 X179.775 Y80.225 E915.64216
G1 Z23.369 X179.775 Y99.475 E916.29374
G1 Z23.378 X169.775 Y99.475 E916.63223
G1 Z23.379 X169.775 Y100.525 E916.66777
G1 Z23.388 X179.775 Y100.525 E917.00626
G1 Z23.405 X179.775 Y119.775 E917.65785
G1 Z23.441 X140.004 Y119.775 E919.00407
G1 Z23.442 X138.758 Y119.736 E919.04624
G1 Z23.443 X137.522 Y119.619 E919.08829
G1 Z23.444 X136.295 Y119.425 E919.13034
G1 Z23.446 X135.082 Y119.154 E919.17239
G1 Z23.447 X133.889 Y118.807 E919.21444
G1 Z23.448 X132.72 Y118.386 E919.25649
G1 Z23.449 X131.58 Y117.893 E919.29854
G1 Z23.450 X130.473 Y117.329 E919.34059
G1 Z23.451 X129.404 Y116.696 E919.38264
G1 Z23.452 X128.377 Y115.998 E919.42469
G1 Z23.453 X127.395 Y115.237 E919.46674
G1 Z23.455 X126.463 Y114.415 E919.50879
G1 Z23.456 X125.585 Y113.537 E919.55084
G1 Z23.457 X124.763 Y112.605 E919.59289
G1 Z23.458 X124.002 Y111.623 E919.63494
G1 Z23.459 X123.304 Y110.596 E919.67699
G1 Z23.460 X122.671 Y109.527 E919.71904
G1 Z23.461 X122.107 Y108.42 E919.76109
G1 Z23.462 X121.614 Y107.28 E919.80314
G1 Z23.464 X121.193 Y106.111 E919.84519
G1 Z23.465 X120.846 Y104.918 E919.88724
G1 Z23.466 X120.575 Y103.705 E919.92929
G1 Z23.467 X120.381 Y102.478 E919.97134
G1 Z23.468 X120.264 Y101.242 E920.01339
G1 Z23.469 X120.225 Y100 E920.05544
G1 Z23.470 X120.264 Y98.758 E920.09749
G1 Z23.471 X120.381 Y97.522 E920.13954
G1 Z23.473 X120.575 Y96.295 E920.18159
G1 Z23.474 X120.846 Y95.082 E920.22364
G1 Z23.475 X121.193 Y93.889 E920.26569
G1 Z23.476 X121.614 Y92.72 E920.30774
G1 Z23.477 X122.107 Y91.58 E920.34979
G1 Z23.478 X122.671 Y90.473 E920.39184
G1 Z23.479 X123.304 Y89.404 E920.43389
G1 Z23.480 X123.738 Y88.765 E920.46006
;LAYER_CHANGE
;Z:23.68
;HEIGHT:0.200001
G1 Z23.480 F600
G1 F6066
G1 Z23.480 X124.002 Y88.377 E920.47594
G1 Z23.482 X124.763 Y87.395 E920.51799
G1 Z23.483 X125.585 Y86.463 E920.56004
G1 Z23.484 X126.463 Y85.585 E920.60209
G1 Z23.485 X127.395 Y84.763 E920.64414
G1 Z23.486 X128.377 Y84.002 E920.68619
G1 Z23.487 X129.404 Y83.304 E920.72824
G1 Z23.488 X130.473 Y82.671 E920.77029
G1 Z23.489 X131.58 Y82.107 E920.81234
G1 Z23.490 X132.72 Y81.614 E920.85439
G1 Z23.492 X133.889 Y81.193 E920.89644
G1 Z23.493 X135.082 Y80.846 E920.93849
G1 Z23.494 X136.295 Y80.575 E920.98054
G1 Z23.495 X137.522 Y80.381 E921.02259
G1 Z23.496 X138.758 Y80.264 E921.06464
G1 Z23.497 X140.004 Y80.225 E921.10681
G1 Z23.511 X155.405 Y80.225 E921.62814
G1 Z23.511 X155.405 Y80.525 E921.63829
G1 Z23.512 X155.994 Y80.525 E921.65821
G1 Z23.512 X155.994 Y80.225 E921.66837
G1 Z23.515 X159.475 Y80.225 E921.7862
G1 Z23.524 X159.475 Y90.225 E922.12469
G1 Z23.525 X160.525 Y90.225 E922.16023
G1 Z23.534 X160.525 Y80.225 E922.49872
G1 Z23.551 X179.775 Y80.225 E923.15031
G1 Z23.565 X179.775 Y95.405 E923.66413
G1 Z23.565 X179.475 Y95.405 E923.67429
G1 Z23.566 X179.475 Y95.993 E923.69421
G1 Z23.566 X179.775 Y95.993 E923.70436
G1 Z23.569 X179.775 Y99.475 E923.82221
G1 Z23.578 X169.775 Y99.475 E924.1607
G1 Z23.579 X169.775 Y100.525 E924.19624
G1 Z23.588 X179.775 Y100.525 E924.53473
G1 Z23.606 X179.775 Y119.775 E925.18632
G1 Z23.641 X140.004 Y119.775 E926.53253
G1 Z23.642 X138.758 Y119.736 E926.5747
G1 Z23.644 X137.522 Y119.619 E926.61675
G1 Z23.645 X136.295 Y119.425 E926.6588
G1 Z23.646 X135.082 Y119.154 E926.70085
G1 Z23.647 X133.889 Y118.807 E926.7429
G1 Z23.648 X132.72 Y118.386 E926.78495
G1 Z23.649 X131.58 Y117.893 E926.827
G1 Z23.650 X130.473 Y117.329 E926.86905
G1 Z23.651 X129.404 Y116.696 E926.9111
G1 Z23.652 X128.377 Y115.998 E926.95315
G1 Z23.654 X127.395 Y115.237 E926.9952
G1 Z23.655 X126.463 Y114.415 E927.03725
G1 Z23.656 X125.585 Y113.537 E927.0793
G1 Z23.657 X124.763 Y112.605 E927.12135
G1 Z23.658 X124.002 Y111.623 E927.1634
G1 Z23.659 X123.304 Y110.596 E927.20545
G1 Z23.660 X122.671 Y109.527 E927.2475
G1 Z23.661 X122.107 Y108.42 E927.28955
G1 Z23.663 X121.614 Y107.28 E927.3316
G1 Z23.664 X121.193 Y106.111 E927.37365
G1 Z23.665 X120.846 Y104.918 E927.4157
G1 Z23.666 X120.575 Y103.705 E927.45775
G1 Z23.667 X120.381 Y102.478 E927.4998
G1 Z23.668 X120.264 Y101.242 E927.54185
G1 Z23.669 X120.225 Y100 E927.5839
G1 Z23.670 X120.264 Y98.758 E927.62595
G1 Z23.671 X120.381 Y97.522 E927.668
G1 Z23.673 X120.575 Y96.295 E927.71005
G1 Z23.674 X120.846 Y95.082 E927.7521
G1 Z23.675 X121.193 Y93.889 E927.79415
G1 Z23.676 X121.614 Y92.72 E927.8362
G1 Z23.677 X122.107 Y91.58 E927.87825
G1 Z23.678 X122.671 Y90.473 E927.9203
G1 Z23.679 X123.304 Y89.404 E927.96235
G1 Z23.680 X123.738 Y88.765 E927.98853
;LAYER_CHANGE
;Z:23.88
;HEIGHT:0.199999
G1 Z23.680 F600
G1 F6066
G1 Z23.680 X124.002 Y88.377 E928.0044
G1 Z23.682 X124.763 Y87.395 E928.04645
G1 Z23.683 X125.585 Y86.463 E928.0885
G1 Z23.684 X126.463 Y85.585 E928.13055
G1 Z23.685 X127.395 Y84.763 E928.1726
G1 Z23.686 X128.377 Y84.002 E928.21465
G1 Z23.687 X129.404 Y83.304 E928.2567
G1 Z23.688 X130.473 Y82.671 E928.29875
G1 Z23.689 X131.58 Y82.107 E928.3408
G1 Z23.690 X132.72 Y81.614 E928.38285
G1 Z23.692 X133.889 Y81.193 E928.4249
G1 Z23.693 X135.082 Y80.846 E928.46695
G1 Z23.694 X136.295 Y80.575 E928.509
G1 Z23.695 X137.522 Y80.381 E928.55105
G1 Z23.696 X138.758 Y80.264 E928.5931
G1 Z23.697 X140.004 Y80.225 E928.63527
G1 Z23.711 X155.405 Y80.225 E929.1566
G1 Z23.711 X155.405 Y80.525 E929.16675
G1 Z23.712 X156.34 Y80.525 E929.1984
G1 Z23.712 X156.34 Y80.225 E929.20856
G1 Z23.715 X159.475 Y80.225 E929.31467
G1 Z23.724 X159.475 Y90.225 E929.65315
G1 Z23.725 X160.525 Y90.225 E929.6887
G1 Z23.734 X160.525 Y80.225 E930.02718
G1 Z23.751 X179.775 Y80.225 E930.67877
G1 Z23.765 X179.775 Y95.405 E931.1926
G1 Z23.765 X179.475 Y95.405 E931.20275
G1 Z23.766 X179.475 Y96.34 E931.2344
G1 Z23.766 X179.775 Y96.34 E931.24455
G1 Z23.769 X179.775 Y99.475 E931.35067
G1 Z23.778 X169.775 Y99.475 E931.68916
G1 Z23.779 X169.775 Y100.525 E931.7247
G1 Z23.788 X179.775 Y100.525 E932.06319
G1 Z23.806 X179.775 Y119.775 E932.71478
G1 Z23.841 X140.004 Y119.775 E934.061
G1 Z23.842 X138.758 Y119.736 E934.10317
G1 Z23.844 X137.522 Y119.619 E934.14522
G1 Z23.845 X136.295 Y119.425 E934.18727
G1 Z23.846 X135.082 Y119.154 E934.22932
G1 Z23.847 X133.889 Y118.807 E934.27137
G1 Z23.848 X132.72 Y118.386 E934.31342
G1 Z23.849 X131.58 Y117.893 E934.35547
G1 Z23.850 X130.473 Y117.329 E934.39752
G1 Z23.851 X129.404 Y116.696 E934.43957
G1 Z23.852 X128.377 Y115.998 E934.48162
G1 Z23.854 X127.395 Y115.237 E934.52367
G1 Z23.855 X126.463 Y114.415 E934.56572
G1 Z23.856 X125.585 Y113.537 E934.60777
G1 Z23.857 X124.763 Y112.605 E934.64982
G1 Z23.858 X124.002 Y111.623 E934.69187
G1 Z23.859 X123.304 Y110.596 E934.73392
G1 Z23.860 X122.671 Y109.527 E934.77597
G1 Z23.861 X122.107 Y108.42 E934.81802
G1 Z23.863 X121.614 Y107.28 E934.86007
G1 Z23.864 X121.193 Y106.111 E934.90212
G1 Z23.865 X120.846 Y104.918 E934.94417
G1 Z23.866 X120.575 Y103.705 E934.98622
G1 Z23.867 X120.381 Y102.478 E935.02827
G1 Z23.868 X120.264 Y101.242 E935.07032
G1 Z23.869 X120.225 Y100 E935.11237
G1 Z23.870 X120.264 Y98.758 E935.15442
G1 Z23.871 X120.381 Y97.522 E935.19647
G1 Z23.873 X120.575 Y96.295 E935.23852
G1 Z23.874 X120.846 Y95.082 E935.28057
G1 Z23.875 X121.193 Y93.889 E935.32262
G1 Z23.876 X121.614 Y92.72 E935.36467
G1 Z23.877 X122.107 Y91.58 E935.40672
G1 Z23.878 X122.671 Y90.473 E935.44877
G1 Z23.879 X123.304 Y89.404 E935.49082
G1 Z23.880 X123.738 Y88.765 E935.51699
;LAYER_CHANGE
;Z:24.08
;HEIGHT:0.200001
G1 Z23.880 F600
G1 F6066
G1 Z23.880 X124.002 Y88.377 E935.53287
G1 Z23.882 X124.763 Y87.395 E935.57492
G1 Z23.883 X125.585 Y86.463 E935.61697
G1 Z23.884 X126.463 Y85.585 E935.65902
G1 Z23.885 X127.395 Y84.763 E935.70106
G1 Z23.886 X128.377 Y84.002 E935.74312
G1 Z23.887 X129.404 Y83.304 E935.78517
G1 Z23.888 X130.473 Y82.671 E935.82722
G1 Z23.889 X131.58 Y82.107 E935.86927
G1 Z23.890 X132.72 Y81.614 E935.91132
G1 Z23.892 X133.889 Y81.193 E935.95337
G1 Z23.893 X135.082 Y80.846 E935.99541
G1 Z23.894 X136.295 Y80.575 E936.03747
G1 Z23.895 X137.522 Y80.381 E936.07951
G1 Z23.896 X138.758 Y80.264 E936.12157
G1 Z23.897 X140.004 Y80.225 E936.16374
G1 Z23.911 X155.405 Y80.225 E936.68506
G1 Z23.911 X155.405 Y80.525 E936.69522
G1 Z23.912 X156.687 Y80.525 E936.73859
G1 Z23.913 X156.687 Y80.225 E936.74875
G1 Z23.915 X159.475 Y80.225 E936.84313
G1 Z23.924 X159.475 Y90.225 E937.18162
G1 Z23.925 X160.525 Y90.225 E937.21716
G1 Z23.934 X160.525 Y80.225 E937.55565
G1 Z23.951 X179.775 Y80.225 E938.20724
G1 Z23.965 X179.775 Y95.405 E938.72106
G1 Z23.965 X179.475 Y95.405 E938.73121
G1 Z23.967 X179.475 Y96.686 E938.77459
G1 Z23.967 X179.775 Y96.686 E938.78474
G1 Z23.969 X179.775 Y99.475 E938.87914
G1 Z23.978 X169.775 Y99.475 E939.21762
G1 Z23.979 X169.775 Y100.525 E939.25317
G1 Z23.988 X179.775 Y100.525 E939.59165
G1 Z24.006 X179.775 Y119.775 E940.24324
G1 Z24.041 X140.004 Y119.775 E941.58946
G1 Z24.042 X138.758 Y119.736 E941.63163
G1 Z24.044 X137.522 Y119.619 E941.67368
G1 Z24.045 X136.295 Y119.425 E941.71573
G1 Z24.046 X135.082 Y119.154 E941.75778
G1 Z24.047 X133.889 Y118.807 E941.79983
G1 Z24.048 X132.72 Y118.386 E941.84188
G1 Z24.049 X131.58 Y117.893 E941.88393
G1 Z24.050 X130.473 Y117.329 E941.92598
G1 Z24.051 X129.404 Y116.696 E941.96803
G1 Z24.052 X128.377 Y115.998 E942.01008
G1 Z24.054 X127.395 Y115.237 E942.05213
G1 Z24.055 X126.463 Y114.415 E942.09418
G1 Z24.056 X125.585 Y113.537 E942.13623
G1 Z24.057 X124.763 Y112.605 E942.17828
G1 Z24.058 X124.002 Y111.623 E942.22033
G1 Z24.059 X123.304 Y110.596 E942.26238
G1 Z24.060 X122.671 Y109.527 E942.30443
G1 Z24.061 X122.107 Y108.42 E942.34648
G1 Z24.063 X121.614 Y107.28 E942.38853
G1 Z24.064 X121.193 Y106.111 E942.43058
G1 Z24.065 X120.846 Y104.918 E942.47263
G1 Z24.066 X120.575 Y103.705 E942.51468
G1 Z24.067 X120.381 Y102.478 E942.55673
G1 Z24.068 X120.264 Y101.242 E942.59878
G1 Z24.069 X120.225 Y100 E942.64083
G1 Z24.070 X120.264 Y98.758 E942.68288
G1 Z24.071 X120.381 Y97.522 E942.72493
G1 Z24.073 X120.575 Y96.295 E942.76698
G1 Z24.074 X120.846 Y95.082 E942.80903
G1 Z24.075 X121.193 Y93.889 E942.85108
G1 Z24.076 X121.614 Y92.72 E942.89313
G1 Z24.077 X122.107 Y91.58 E942.93518
G1 Z24.078 X122.671 Y90.473 E942.97723
G1 Z24.079 X123.304 Y89.404 E943.01928
G1 Z24.080 X123.738 Y88.765 E943.04545
;LAYER_CHANGE
;Z:24.28
;HEIGHT:0.200001
G1 Z24.080 F600
G1 F6066
G1 Z24.080 X124.002 Y88.377 E943.06133
G1 Z24.082 X124.763 Y87.395 E943.10338
G1 Z24.083 X125.585 Y86.463 E943.14543
G1 Z24.084 X126.463 Y85.585 E943.18748
G1 Z24.085 X127.395 Y84.763 E943.22953
G1 Z24.086 X128.377 Y84.002 E943.27158
G1 Z24.087 X129.404 Y83.304 E943.31363
G1 Z24.088 X130.473 Y82.671 E943.35568
G1 Z24.089 X131.58 Y82.107 E943.39773
G1 Z24.090 X132.72 Y81.614 E943.43978
G1 Z24.092 X133.889 Y81.193 E943.48183
G1 Z24.093 X135.082 Y80.846 E943.52388
G1 Z24.094 X136.295 Y80.575 E943.56593
G1 Z24.095 X137.522 Y80.381 E943.60798
G1 Z24.096 X138.758 Y80.264 E943.65003
G1 Z24.097 X140.004 Y80.225 E943.6922
G1 Z24.111 X155.405 Y80.225 E944.21353
G1 Z24.111 X155.405 Y80.525 E944.22368
G1 Z24.113 X157.033 Y80.525 E944.27878
G1 Z24.113 X157.033 Y80.225 E944.28894
G1 Z24.115 X159.475 Y80.225 E944.37159
G1 Z24.124 X159.475 Y90.225 E944.71008
G1 Z24.125 X160.525 Y90.225 E944.74562
G1 Z24.134 X160.525 Y80.225 E945.08411
G1 Z24.151 X179.775 Y80.225 E945.7357
G1 Z24.165 X179.775 Y95.405 E946.24952
G1 Z24.165 X179.475 Y95.405 E946.25968
G1 Z24.167 X179.475 Y97.033 E946.31478
G1 Z24.167 X179.775 Y97.033 E946.32493
G1 Z24.169 X179.775 Y99.475 E946.4076
G1 Z24.178 X169.775 Y99.475 E946.74609
G1 Z24.179 X169.775 Y100.525 E946.78163
G1 Z24.188 X179.775 Y100.525 E947.12012
G1 Z24.206 X179.775 Y119.775 E947.77171
G1 Z24.241 X140.004 Y119.775 E949.11792
G1 Z24.242 X138.758 Y119.736 E949.16009
G1 Z24.244 X137.522 Y119.619 E949.20214
G1 Z24.245 X136.295 Y119.425 E949.24419
G1 Z24.246 X135.082 Y119.154 E949.28624
G1 Z24.247 X133.889 Y118.807 E949.32829
G1 Z24.248 X132.72 Y118.386 E949.37034
G1 Z24.249 X131.58 Y117.893 E949.41239
G1 Z24.250 X130.473 Y117.329 E949.45444
G1 Z24.251 X129.404 Y116.696 E949.49649
G1 Z24.252 X128.377 Y115.998 E949.53854
G1 Z24.254 X127.395 Y115.237 E949.58059
G1 Z24.255 X126.463 Y114.415 E949.62264
G1 Z24.256 X125.585 Y113.537 E949.66469
G1 Z24.257 X124.763 Y112.605 E949.70674
G1 Z24.258 X124.002 Y111.623 E949.74879
G1 Z24.259 X123.304 Y110.596 E949.79084
G1 Z24.260 X122.671 Y109.527 E949.83289
G1 Z24.261 X122.107 Y108.42 E949.87494
G1 Z24.263 X121.614 Y107.28 E949.91699
G1 Z24.264 X121.193 Y106.111 E949.95904
G1 Z24.265 X120.846 Y104.918 E950.00109
G1 Z24.266 X120.575 Y103.705 E950.04314
G1 Z24.267 X120.381 Y102.478 E950.08519
G1 Z24.268 X120.264 Y101.242 E950.12724
G1 Z24.269 X120.225 Y100 E950.16929
G1 Z24.270 X120.264 Y98.758 E950.21134
G1 Z24.271 X120.381 Y97.522 E950.25339
G1 Z24.273 X120.575 Y96.295 E950.29544
G1 Z24.274 X120.846 Y95.082 E950.33749
G1 Z24.275 X121.193 Y93.889 E950.37954
G1 Z24.276 X121.614 Y92.72 E950.42159
G1 Z24.277 X122.107 Y91.58 E950.46364
G1 Z24.278 X122.671 Y90.473 E950.50569
G1 Z24.279 X123.304 Y89.404 E950.54774
G1 Z24.280 X123.738 Y88.765 E950.57392
;LAYER_CHANGE
;Z:24.48
;HEIGHT:0.199999
G1 Z24.280 F600
G1 F6066
G1 Z24.280 X124.002 Y88.377 E950.58979
G1 Z24.282 X124.763 Y87.395 E950.63184
G1 Z24.283 X125.585 Y86.463 E950.67389
G1 Z24.284 X126.463 Y85.585 E950.71594
G1 Z24.285 X127.395 Y84.763 E950.75799
G1 Z24.286 X128.377 Y84.002 E950.80004
G1 Z24.287 X129.404 Y83.304 E950.84209
G1 Z24.288 X130.473 Y82.671 E950.88414
G1 Z24.289 X131.58 Y82.107 E950.92619
G1 Z24.290 X132.72 Y81.614 E950.96824
G1 Z24.292 X133.889 Y81.193 E951.01029
G1 Z24.293 X135.082 Y80.846 E951.05234
G1 Z24.294 X136.295 Y80.575 E951.09439
G1 Z24.295 X137.522 Y80.381 E951.13644
G1 Z24.296 X138.758 Y80.264 E951.17849
G1 Z24.297 X140.004 Y80.225 E951.22066
G1 Z24.311 X155.405 Y80.225 E951.74199
G1 Z24.311 X155.405 Y80.525 E951.75215
G1 Z24.313 X157.379 Y80.525 E951.81897
G1 Z24.313 X157.379 Y80.225 E951.82913
G1 Z24.315 X159.475 Y80.225 E951.90006
G1 Z24.324 X159.475 Y90.225 E952.23855
G1 Z24.325 X160.525 Y90.225 E952.27409
G1 Z24.334 X160.525 Y80.225 E952.61258
G1 Z24.351 X179.775 Y80.225 E953.26417
G1 Z24.365 X179.775 Y95.405 E953.77799
G1 Z24.365 X179.475 Y95.405 E953.78814
G1 Z24.367 X179.475 Y97.379 E953.85497
G1 Z24.367 X179.775 Y97.379 E953.86512
G1 Z24.369 X179.775 Y99.475 E953.93606
G1 Z24.378 X169.775 Y99.475 E954.27455
G1 Z24.379 X169.775 Y100.525 E954.31009
G1 Z24.388 X179.775 Y100.525 E954.64858
G1 Z24.406 X179.775 Y119.775 E955.30017
G1 Z24.441 X140.004 Y119.775 E956.64639
G1 Z24.442 X138.758 Y119.736 E956.68856
G1 Z24.444 X137.522 Y119.619 E956.73061
G1 Z24.445 X136.295 Y119.425 E956.77266
G1 Z24.446 X135.082 Y119.154 E956.81471
G1 Z24.447 X133.889 Y118.807 E956.85676
G1 Z24.448 X132.72 Y118.386 E956.89881
G1 Z24.449 X131.58 Y117.893 E956.94086
G1 Z24.450 X130.473 Y117.329 E956.98291
G1 Z24.451 X129.404 Y116.696 E957.02496
G1 Z24.452 X128.377 Y115.998 E957.06701
G1 Z24.454 X127.395 Y115.237 E957.10906
G1 Z24.455 X126.463 Y114.415 E957.15111
G1 Z24.456 X125.585 Y113.537 E957.19316
G1 Z24.457 X124.763 Y112.605 E957.23521
G1 Z24.458 X124.002 Y111.623 E957.27726
G1 Z24.459 X123.304 Y110.596 E957.31931
G1 Z24.460 X122.671 Y109.527 E957.36136
G1 Z24.461 X122.107 Y108.42 E957.40341
G1 Z24.463 X121.614 Y107.28 E957.44546
G1 Z24.464 X121.193 Y106.111 E957.48751
G1 Z24.465 X120.846 Y104.918 E957.52956
G1 Z24.466 X120.575 Y103.705 E957.57161
G1 Z24.467 X120.381 Y102.478 E957.61366
G1 Z24.468 X120.264 Y101.242 E957.65571
G1 Z24.469 X120.225 Y100 E957.69776
G1 Z24.470 X120.264 Y98.758 E957.73981
G1 Z24.471 X120.381 Y97.522 E957.78186
G1 Z24.473 X120.575 Y96.295 E957.82391
G1 Z24.474 X120.846 Y95.082 E957.86596
G1 Z24.475 X121.193 Y93.889 E957.90801
G1 Z24.476 X121.614 Y92.72 E957.95006
G1 Z24.477 X122.107 Y91.58 E957.99211
G1 Z24.478 X122.671 Y90.473 E958.03416
G1 Z24.479 X123.304 Y89.404 E958.07621
G1 Z24.480 X123.738 Y88.765 E958.10238
;LAYER_CHANGE
;Z:24.68
;HEIGHT:0.200001
G1 Z24.480 F600
G1 F6066
G1 Z24.480 X124.002 Y88.377 E958.11826
G1 Z24.482 X124.763 Y87.395 E958.16031
G1 Z24.483 X125.585 Y86.463 E958.20236
G1 Z24.484 X126.463 Y85.585 E958.24441
G1 Z24.485 X127.395 Y84.763 E958.28646
G1 Z24.486 X128.377 Y84.002 E958.32851
G1 Z24.487 X129.404 Y83.304 E958.37056
G1 Z24.488 X130.473 Y82.671 E958.41261
G1 Z24.489 X131.58 Y82.107 E958.45466
G1 Z24.490 X132.72 Y81.614 E958.49671
G1 Z24.492 X133.889 Y81.193 E958.53876
G1 Z24.493 X135.082 Y80.846 E958.58081
G1 Z24.494 X136.295 Y80.575 E958.62286
G1 Z24.495 X137.522 Y80.381 E958.66491
G1 Z24.496 X138.758 Y80.264 E958.70696
G1 Z24.497 X140.004 Y80.225 E958.74913
G1 Z24.511 X155.405 Y80.225 E959.27046
G1 Z24.511 X155.405 Y80.525 E959.28061
G1 Z24.513 X157.726 Y80.525 E959.35916
G1 Z24.514 X157.726 Y80.225 E959.36931
G1 Z24.515 X159.475 Y80.225 E959.42852
G1 Z24.524 X159.475 Y90.225 E959.76701
G1 Z24.525 X160.525 Y90.225 E959.80255
G1 Z24.534 X160.525 Y80.225 E960.14104
G1 Z24.551 X179.775 Y80.225 E960.79263
G1 Z24.565 X179.775 Y95.405 E961.30645
G1 Z24.565 X179.475 Y95.405 E961.31661
G1 Z24.567 X179.475 Y97.726 E961.39516
G1 Z24.568 X179.775 Y97.726 E961.40531
G1 Z24.569 X179.775 Y99.475 E961.46453
G1 Z24.578 X169.775 Y99.475 E961.80302
G1 Z24.579 X169.775 Y100.525 E961.83856
G1 Z24.588 X179.775 Y100.525 E962.17705
G1 Z24.606 X179.775 Y119.775 E962.82863
G1 Z24.641 X140.004 Y119.775 E964.17485
G1 Z24.642 X138.758 Y119.736 E964.21702
G1 Z24.644 X137.522 Y119.619 E964.25907
G1 Z24.645 X136.295 Y119.425 E964.30112
G1 Z24.646 X135.082 Y119.154 E964.34317
G1 Z24.647 X133.889 Y118.807 E964.38522
G1 Z24.648 X132.72 Y118.386 E964.42727
G1 Z24.649 X131.58 Y117.893 E964.46932
G1 Z24.650 X130.473 Y117.329 E964.51137
G1 Z24.651 X129.404 Y116.696 E964.55342
G1 Z24.652 X128.377 Y115.998 E964.59547
G1 Z24.654 X127.395 Y115.237 E964.63752
G1 Z24.655 X126.463 Y114.415 E964.67957
G1 Z24.656 X125.585 Y113.537 E964.72162
G1 Z24.657 X124.763 Y112.605 E964.76367
G1 Z24.658 X124.002 Y111.623 E964.80572
G1 Z24.659 X123.304 Y110.596 E964.84777
G1 Z24.660 X122.671 Y109.527 E964.88982
G1 Z24.661 X122.107 Y108.42 E964.93187
G1 Z24.663 X121.614 Y107.28 E964.97392
G1 Z24.664 X121.193 Y106.111 E965.01597
G1 Z24.665 X120.846 Y104.918 E965.05802
G1 Z24.666 X120.575 Y103.705 E965.10007
G1 Z24.667 X120.381 Y102.478 E965.14212
G1 Z24.668 X120.264 Y101.242 E965.18417
G1 Z24.669 X120.225 Y100 E965.22622
G1 Z24.670 X120.264 Y98.758 E965.26827
G1 Z24.671 X120.381 Y97.522 E965.31032
G1 Z24.673 X120.575 Y96.295 E965.35237
G1 Z24.674 X120.846 Y95.082 E965.39442
G1 Z24.675 X121.193 Y93.889 E965.43647
G1 Z24.676 X121.614 Y92.72 E965.47852
G1 Z24.677 X122.107 Y91.58 E965.52057
G1 Z24.678 X122.671 Y90.473 E965.56262
G1 Z24.679 X123.304 Y89.404 E965.60467
G1 Z24.680 X123.738 Y88.765 E965.63085
;LAYER_CHANGE
;Z:24.88
;HEIGHT:0.199999
G1 Z24.680 F600
G1 F6066
G1 Z24.680 X124.002 Y88.377 E965.64672
G1 Z24.682 X124.763 Y87.395 E965.68877
G1 Z24.683 X125.585 Y86.463 E965.73082
G1 Z24.684 X126.463 Y85.585 E965.77287
G1 Z24.685 X127.395 Y84.763 E965.81492
G1 Z24.686 X128.377 Y84.002 E965.85697
G1 Z24.687 X129.404 Y83.304 E965.89902
G1 Z24.688 X130.473 Y82.671 E965.94107
G1 Z24.689 X131.58 Y82.107 E965.98312
G1 Z24.690 X132.72 Y81.614 E966.02517
G1 Z24.692 X133.889 Y81.193 E966.06722
G1 Z24.693 X135.082 Y80.846 E966.10927
G1 Z24.694 X136.295 Y80.575 E966.15132
G1 Z24.695 X137.522 Y80.381 E966.19337
G1 Z24.696 X138.758 Y80.264 E966.23542
G1 Z24.697 X140.004 Y80.225 E966.27759
G1 Z24.711 X155.405 Y80.225 E966.79892
G1 Z24.711 X155.405 Y80.525 E966.80907
G1 Z24.714 X158.072 Y80.525 E966.89935
G1 Z24.714 X158.072 Y80.225 E966.9095
G1 Z24.715 X159.475 Y80.225 E966.95699
G1 Z24.724 X159.475 Y90.225 E967.29547
G1 Z24.725 X160.525 Y90.225 E967.33101
G1 Z24.734 X160.525 Y80.225 E967.6695
G1 Z24.751 X179.775 Y80.225 E968.32109
G1 Z24.765 X179.775 Y95.405 E968.83492
G1 Z24.765 X179.475 Y95.405 E968.84507
G1 Z24.768 X179.475 Y98.072 E968.93535
G1 Z24.768 X179.775 Y98.072 E968.9455
G1 Z24.769 X179.775 Y99.475 E968.99299
G1 Z24.778 X169.775 Y99.475 E969.33148
G1 Z24.779 X169.775 Y100.525 E969.36702
G1 Z24.788 X179.775 Y100.525 E969.70551
G1 Z24.806 X179.775 Y119.775 E970.3571
G1 Z24.841 X140.004 Y119.775 E971.70331
G1 Z24.842 X138.758 Y119.736 E971.74549
G1 Z24.844 X137.522 Y119.619 E971.78754
G1 Z24.845 X136.295 Y119.425 E971.82958
G1 Z24.846 X135.082 Y119.154 E971.87164
G1 Z24.847 X133.889 Y118.807 E971.91368
G1 Z24.848 X132.72 Y118.386 E971.95574
G1 Z24.849 X131.58 Y117.893 E971.99778
G1 Z24.850 X130.473 Y117.329 E972.03983
G1 Z24.851 X129.404 Y116.696 E972.08189
G1 Z24.852 X128.377 Y115.998 E972.12393
G1 Z24.854 X127.395 Y115.237 E972.16599
G1 Z24.855 X126.463 Y114.415 E972.20804
G1 Z24.856 X125.585 Y113.537 E972.25009
G1 Z24.857 X124.763 Y112.605 E972.29213
G1 Z24.858 X124.002 Y111.623 E972.33419
G1 Z24.859 X123.304 Y110.596 E972.37623
G1 Z24.860 X122.671 Y109.527 E972.41828
G1 Z24.861 X122.107 Y108.42 E972.46034
G1 Z24.863 X121.614 Y107.28 E972.50238
G1 Z24.864 X121.193 Y106.111 E972.54444
G1 Z24.865 X120.846 Y104.918 E972.58648
G1 Z24.866 X120.575 Y103.705 E972.62854
G1 Z24.867 X120.381 Y102.478 E972.67058
G1 Z24.868 X120.264 Y101.242 E972.71263
G1 Z24.869 X120.225 Y100 E972.75468
G1 Z24.870 X120.264 Y98.758 E972.79673
G1 Z24.871 X120.381 Y97.522 E972.83879
G1 Z24.873 X120.575 Y96.295 E972.88083
G1 Z24.874 X120.846 Y95.082 E972.92289
G1 Z24.875 X121.193 Y93.889 E972.96493
G1 Z24.876 X121.614 Y92.72 E973.00699
G1 Z24.877 X122.107 Y91.58 E973.04903
G1 Z24.878 X122.671 Y90.473 E973.09109
G1 Z24.879 X123.304 Y89.404 E973.13313
G1 Z24.880 X123.738 Y88.765 E973.15931
;LAYER_CHANGE
;Z:25.08
;HEIGHT:0.200001
G1 Z24.880 F600
G1 F6066
G1 Z24.880 X124.002 Y88.377 E973.17518
G1 Z24.882 X124.763 Y87.395 E973.21724
G1 Z24.883 X125.585 Y86.463 E973.25928
G1 Z24.884 X126.463 Y85.585 E973.30133
G1 Z24.885 X127.395 Y84.763 E973.34338
G1 Z24.886 X128.377 Y84.002 E973.38543
G1 Z24.887 X129.404 Y83.304 E973.42748
G1 Z24.888 X130.473 Y82.671 E973.46953
G1 Z24.889 X131.58 Y82.107 E973.51158
G1 Z24.890 X132.72 Y81.614 E973.55363
G1 Z24.892 X133.889 Y81.193 E973.59568
G1 Z24.893 X135.082 Y80.846 E973.63773
G1 Z24.894 X136.295 Y80.575 E973.67978
G1 Z24.895 X137.522 Y80.381 E973.72183
G1 Z24.896 X138.758 Y80.264 E973.76388
G1 Z24.897 X140.004 Y80.225 E973.80606
G1 Z24.911 X155.405 Y80.225 E974.32738
G1 Z24.911 X155.405 Y80.525 E974.33754
G1 Z24.914 X158.419 Y80.525 E974.43954
G1 Z24.914 X158.419 Y80.225 E974.44969
G1 Z24.915 X159.475 Y80.225 E974.48545
G1 Z24.924 X159.475 Y90.225 E974.82394
G1 Z24.925 X160.525 Y90.225 E974.85948
G1 Z24.934 X160.525 Y80.225 E975.19797
G1 Z24.951 X179.775 Y80.225 E975.84956
G1 Z24.965 X179.775 Y95.405 E976.36338
G1 Z24.965 X179.475 Y95.405 E976.37353
G1 Z24.968 X179.475 Y98.418 E976.47553
G1 Z24.968 X179.775 Y98.418 E976.48569
G1 Z24.969 X179.775 Y99.475 E976.52146
G1 Z24.978 X169.775 Y99.475 E976.85994
G1 Z24.979 X169.775 Y100.525 E976.89548
G1 Z24.988 X179.775 Y100.525 E977.23397
G1 Z25.006 X179.775 Y119.775 E977.88556
G1 Z25.041 X140.004 Y119.775 E979.23178
G1 Z25.042 X138.758 Y119.736 E979.27395
G1 Z25.044 X137.522 Y119.619 E979.316
G1 Z25.045 X136.295 Y119.425 E979.35805
G1 Z25.046 X135.082 Y119.154 E979.4001
G1 Z25.047 X133.889 Y118.807 E979.44215
G1 Z25.048 X132.72 Y118.386 E979.4842
G1 Z25.049 X131.58 Y117.893 E979.52625
G1 Z25.050 X130.473 Y117.329 E979.5683
G1 Z25.051 X129.404 Y116.696 E979.61035
G1 Z25.052 X128.377 Y115.998 E979.6524
G1 Z25.054 X127.395 Y115.237 E979.69445
G1 Z25.055 X126.463 Y114.415 E979.7365
G1 Z25.056 X125.585 Y113.537 E979.77855
G1 Z25.057 X124.763 Y112.605 E979.8206
G1 Z25.058 X124.002 Y111.623 E979.86265
G1 Z25.059 X123.304 Y110.596 E979.9047
G1 Z25.060 X122.671 Y109.527 E979.94675
G1 Z25.061 X122.107 Y108.42 E979.9888
G1 Z25.063 X121.614 Y107.28 E980.03085
G1 Z25.064 X121.193 Y106.111 E980.0729
G1 Z25.065 X120.846 Y104.918 E980.11495
G1 Z25.066 X120.575 Y103.705 E980.157
G1 Z25.067 X120.381 Y102.478 E980.19905
G1 Z25.068 X120.264 Y101.242 E980.2411
G1 Z25.069 X120.225 Y100 E980.28315
G1 Z25.070 X120.264 Y98.758 E980.3252
G1 Z25.071 X120.381 Y97.522 E980.36725
G1 Z25.073 X120.575 Y96.295 E980.4093
G1 Z25.074 X120.846 Y95.082 E980.45135
G1 Z25.075 X121.193 Y93.889 E980.4934
G1 Z25.076 X121.614 Y92.72 E980.53545
G1 Z25.077 X122.107 Y91.58 E980.5775
G1 Z25.078 X122.671 Y90.473 E980.61955
G1 Z25.079 X123.304 Y89.404 E980.6616
G1 Z25.080 X123.738 Y88.765 E980.68777
;LAYER_CHANGE
;Z:25.28
;HEIGHT:0.200001
G1 Z25.080 F600
G1 F6066
G1 Z25.080 X124.002 Y88.377 E980.70365
G1 Z25.082 X124.763 Y87.395 E980.7457
G1 Z25.083 X125.585 Y86.463 E980.78775
G1 Z25.084 X126.463 Y85.585 E980.8298
G1 Z25.085 X127.395 Y84.763 E980.87185
G1 Z25.086 X128.377 Y84.002 E980.9139
G1 Z25.087 X129.404 Y83.304 E980.95595
G1 Z25.088 X130.473 Y82.671 E980.998
G1 Z25.089 X131.58 Y82.107 E981.04005
G1 Z25.090 X132.72 Y81.614 E981.0821
G1 Z25.092 X133.889 Y81.193 E981.12415
G1 Z25.093 X135.082 Y80.846 E981.1662
G1 Z25.094 X136.295 Y80.575 E981.20825
G1 Z25.095 X137.522 Y80.381 E981.2503
G1 Z25.096 X138.758 Y80.264 E981.29235
G1 Z25.097 X140.004 Y80.225 E981.33452
G1 Z25.111 X155.405 Y80.225 E981.85585
G1 Z25.111 X155.405 Y80.525 E981.866
G1 Z25.114 X158.142 Y80.525 E981.95862
G1 Z25.114 X158.142 Y80.225 E981.96878
G1 Z25.115 X159.475 Y80.225 E982.01391
G1 Z25.124 X159.475 Y90.225 E982.3524
G1 Z25.125 X160.525 Y90.225 E982.38794
G1 Z25.134 X160.525 Y80.225 E982.72643
G1 Z25.151 X179.775 Y80.225 E983.37802
G1 Z25.165 X179.775 Y95.405 E983.89184
G1 Z25.165 X179.475 Y95.405 E983.902
G1 Z25.168 X179.475 Y98.141 E983.99462
G1 Z25.168 X179.775 Y98.141 E984.00477
G1 Z25.169 X179.775 Y99.475 E984.04992
G1 Z25.178 X169.775 Y99.475 E984.38841
G1 Z25.179 X169.775 Y100.525 E984.42395
G1 Z25.188 X179.775 Y100.525 E984.76244
G1 Z25.206 X179.775 Y119.775 E985.41403
G1 Z25.241 X140.004 Y119.775 E986.76024
G1 Z25.242 X138.758 Y119.736 E986.80241
G1 Z25.244 X137.522 Y119.619 E986.84446
G1 Z25.245 X136.295 Y119.425 E986.88651
G1 Z25.246 X135.082 Y119.154 E986.92856
G1 Z25.247 X133.889 Y118.807 E986.97061
G1 Z25.248 X132.72 Y118.386 E987.01266
G1 Z25.249 X131.58 Y117.893 E987.05471
G1 Z25.250 X130.473 Y117.329 E987.09676
G1 Z25.251 X129.404 Y116.696 E987.13881
G1 Z25.252 X128.377 Y115.998 E987.18086
G1 Z25.254 X127.395 Y115.237 E987.22291
G1 Z25.255 X126.463 Y114.415 E987.26496
G1 Z25.256 X125.585 Y113.537 E987.30701
G1 Z25.257 X124.763 Y112.605 E987.34906
G1 Z25.258 X124.002 Y111.623 E987.39111
G1 Z25.259 X123.304 Y110.596 E987.43316
G1 Z25.260 X122.671 Y109.527 E987.47521
G1 Z25.261 X122.107 Y108.42 E987.51726
G1 Z25.263 X121.614 Y107.28 E987.55931
G1 Z25.264 X121.193 Y106.111 E987.60136
G1 Z25.265 X120.846 Y104.918 E987.64341
G1 Z25.266 X120.575 Y103.705 E987.68546
G1 Z25.267 X120.381 Y102.478 E987.72751
G1 Z25.268 X120.264 Y101.242 E987.76956
G1 Z25.269 X120.225 Y100 E987.81161
G1 Z25.270 X120.264 Y98.758 E987.85366
G1 Z25.271 X120.381 Y97.522 E987.89571
G1 Z25.273 X120.575 Y96.295 E987.93776
G1 Z25.274 X120.846 Y95.082 E987.97981
G1 Z25.275 X121.193 Y93.889 E988.02186
G1 Z25.276 X121.614 Y92.72 E988.06391
G1 Z25.277 X122.107 Y91.58 E988.10596
G1 Z25.278 X122.671 Y90.473 E988.14801
G1 Z25.279 X123.304 Y89.404 E988.19006
G1 Z25.280 X123.738 Y88.765 E988.21624
;LAYER_CHANGE
;Z:25.48
;HEIGHT:0.199999
G1 Z25.280 F600
G1 F6066
G1 Z25.280 X124.002 Y88.377 E988.23211
G1 Z25.282 X124.763 Y87.395 E988.27416
G1 Z25.283 X125.585 Y86.463 E988.31621
G1 Z25.284 X126.463 Y85.585 E988.35826
G1 Z25.285 X127.395 Y84.763 E988.40031
G1 Z25.286 X128.377 Y84.002 E988.44236
G1 Z25.287 X129.404 Y83.304 E988.48441
G1 Z25.288 X130.473 Y82.671 E988.52646
G1 Z25.289 X131.58 Y82.107 E988.56851
G1 Z25.290 X132.72 Y81.614 E988.61056
G1 Z25.292 X133.889 Y81.193 E988.65261
G1 Z25.293 X135.082 Y80.846 E988.69466
G1 Z25.294 X136.295 Y80.575 E988.73671
G1 Z25.295 X137.522 Y80.381 E988.77876
G1 Z25.296 X138.758 Y80.264 E988.82081
G1 Z25.297 X140.004 Y80.225 E988.86298
G1 Z25.311 X155.405 Y80.225 E989.38431
G1 Z25.311 X155.405 Y80.525 E989.39447
G1 Z25.313 X157.795 Y80.525 E989.47536
G1 Z25.314 X157.795 Y80.225 E989.48552
G1 Z25.315 X159.475 Y80.225 E989.54238
G1 Z25.324 X159.475 Y90.225 E989.88087
G1 Z25.325 X160.525 Y90.225 E989.91641
G1 Z25.334 X160.525 Y80.225 E990.25489
G1 Z25.351 X179.775 Y80.225 E990.90648
G1 Z25.365 X179.775 Y95.405 E991.42031
G1 Z25.365 X179.475 Y95.405 E991.43046
G1 Z25.368 X179.475 Y97.795 E991.51136
G1 Z25.368 X179.775 Y97.795 E991.52151
G1 Z25.369 X179.775 Y99.475 E991.57838
G1 Z25.378 X169.775 Y99.475 E991.91687
G1 Z25.379 X169.775 Y100.525 E991.95241
G1 Z25.388 X179.775 Y100.525 E992.2909
G1 Z25.406 X179.775 Y119.775 E992.94249
G1 Z25.441 X140.004 Y119.775 E994.28871
G1 Z25.442 X138.758 Y119.736 E994.33088
G1 Z25.444 X137.522 Y119.619 E994.37293
G1 Z25.445 X136.295 Y119.425 E994.41498
G1 Z25.446 X135.082 Y119.154 E994.45703
G1 Z25.447 X133.889 Y118.807 E994.49908
G1 Z25.448 X132.72 Y118.386 E994.54113
G1 Z25.449 X131.58 Y117.893 E994.58318
G1 Z25.450 X130.473 Y117.329 E994.62523
G1 Z25.451 X129.404 Y116.696 E994.66728
G1 Z25.452 X128.377 Y115.998 E994.70933
G1 Z25.454 X127.395 Y115.237 E994.75138
G1 Z25.455 X126.463 Y114.415 E994.79343
G1 Z25.456 X125.585 Y113.537 E994.83548
G1 Z25.457 X124.763 Y112.605 E994.87753
G1 Z25.458 X124.002 Y111.623 E994.91958
G1 Z25.459 X123.304 Y110.596 E994.96163
G1 Z25.460 X122.671 Y109.527 E995.00368
G1 Z25.461 X122.107 Y108.42 E995.04573
G1 Z25.463 X121.614 Y107.28 E995.08778
G1 Z25.464 X121.193 Y106.111 E995.12983
G1 Z25.465 X120.846 Y104.918 E995.17188
G1 Z25.466 X120.575 Y103.705 E995.21393
G1 Z25.467 X120.381 Y102.478 E995.25598
G1 Z25.468 X120.264 Y101.242 E995.29803
G1 Z25.469 X120.225 Y100 E995.34008
G1 Z25.470 X120.264 Y98.758 E995.38213
G1 Z25.471 X120.381 Y97.522 E995.42418
G1 Z25.473 X120.575 Y96.295 E995.46623
G1 Z25.474 X120.846 Y95.082 E995.50828
G1 Z25.475 X121.193 Y93.889 E995.55033
G1 Z25.476 X121.614 Y92.72 E995.59238
G1 Z25.477 X122.107 Y91.58 E995.63443
G1 Z25.478 X122.671 Y90.473 E995.67648
G1 Z25.479 X123.304 Y89.404 E995.71853
G1 Z25.480 X123.738 Y88.765 E995.7447
;LAYER_CHANGE
;Z:25.68
;HEIGHT:0.200001
G1 Z25.480 F600
G1 F6066
G1 Z25.480 X124.002 Y88.377 E995.76058
G1 Z25.482 X124.763 Y87.395 E995.80263
G1 Z25.483 X125.585 Y86.463 E995.84468
G1 Z25.484 X126.463 Y85.585 E995.88673
G1 Z25.485 X127.395 Y84.763 E995.92878
G1 Z25.486 X128.377 Y84.002 E995.97083
G1 Z25.487 X129.404 Y83.304 E996.01288
G1 Z25.488 X130.473 Y82.671 E996.05493
G1 Z25.489 X131.58 Y82.107 E996.09698
G1 Z25.490 X132.72 Y81.614 E996.13903
G1 Z25.492 X133.889 Y81.193 E996.18108
G1 Z25.493 X135.082 Y80.846 E996.22313
G1 Z25.494 X136.295 Y80.575 E996.26518
G1 Z25.495 X137.522 Y80.381 E996.30723
G1 Z25.496 X138.758 Y80.264 E996.34928
G1 Z25.497 X140.004 Y80.225 E996.39145
G1 Z25.511 X155.405 Y80.225 E996.91277
G1 Z25.511 X155.405 Y80.525 E996.92293
G1 Z25.513 X157.449 Y80.525 E996.9921
G1 Z25.513 X157.449 Y80.225 E997.00225
G1 Z25.515 X159.475 Y80.225 E997.07084
G1 Z25.524 X159.475 Y90.225 E997.40933
G1 Z25.525 X160.525 Y90.225 E997.44487
G1 Z25.534 X160.525 Y80.225 E997.78336
G1 Z25.551 X179.775 Y80.225 E998.43495
G1 Z25.565 X179.775 Y95.405 E998.94877
G1 Z25.565 X179.475 Y95.405 E998.95892
G1 Z25.567 X179.475 Y97.448 E999.02809
G1 Z25.567 X179.775 Y97.448 E999.03825
G1 Z25.569 X179.775 Y99.475 E999.10685
G1 Z25.578 X169.775 Y99.475 E999.44533
G1 Z25.579 X169.775 Y100.525 E999.48088
G1 Z25.588 X179.775 Y100.525 E999.81936
G1 Z25.606 X179.775 Y119.775 E1000.47095
G1 Z25.641 X140.004 Y119.775 E1001.81717
G1 Z25.642 X138.758 Y119.736 E1001.85934
G1 Z25.644 X137.522 Y119.619 E1001.90139
G1 Z25.645 X136.295 Y119.425 E1001.94344
G1 Z25.646 X135.082 Y119.154 E1001.98549
G1 Z25.647 X133.889 Y118.807 E1002.02754
G1 Z25.648 X132.72 Y118.386 E1002.06959
G1 Z25.649 X131.58 Y117.893 E1002.11164
G1 Z25.650 X130.473 Y117.329 E1002.15369
G1 Z25.651 X129.404 Y116.696 E1002.19574
G1 Z25.652 X128.377 Y115.998 E1002.23779
G1 Z25.654 X127.395 Y115.237 E1002.27984
G1 Z25.655 X126.463 Y114.415 E1002.32189
G1 Z25.656 X125.585 Y113.537 E1002.36394
G1 Z25.657 X124.763 Y112.605 E1002.40599
G1 Z25.658 X124.002 Y111.623 E1002.44804
G1 Z25.659 X123.304 Y110.596 E1002.49009
G1 Z25.660 X122.671 Y109.527 E1002.53214
G1 Z25.661 X122.107 Y108.42 E1002.57419
G1 Z25.663 X121.614 Y107.28 E1002.61624
G1 Z25.664 X121.193 Y106.111 E1002.65829
G1 Z25.665 X120.846 Y104.918 E1002.70034
G1 Z25.666 X120.575 Y103.705 E1002.74239
G1 Z25.667 X120.381 Y102.478 E1002.78444
G1 Z25.668 X120.264 Y101.242 E1002.82649
G1 Z25.669 X120.225 Y100 E1002.86854
G1 Z25.670 X120.264 Y98.758 E1002.91059
G1 Z25.671 X120.381 Y97.522 E1002.95264
G1 Z25.673 X120.575 Y96.295 E1002.99469
G1 Z25.674 X120.846 Y95.082 E1003.03674
G1 Z25.675 X121.193 Y93.889 E1003.07879
G1 Z25.676 X121.614 Y92.72 E1003.12084
G1 Z25.677 X122.107 Y91.58 E1003.16289
G1 Z25.678 X122.671 Y90.473 E1003.20494
G1 Z25.679 X123.304 Y89.404 E1003.24699
G1 Z25.680 X123.738 Y88.765 E1003.27316
;LAYER_CHANGE
;Z:25.88
;HEIGHT:0.199999
G1 Z25.680 F600
G1 F6066
G1 Z25.680 X124.002 Y88.377 E1003.28904
G1 Z25.682 X124.763 Y87.395 E1003.33109
G1 Z25.683 X125.585 Y86.463 E1003.37314
G1 Z25.684 X126.463 Y85.585 E1003.41519
G1 Z25.685 X127.395 Y84.763 E1003.45724
G1 Z25.686 X128.377 Y84.002 E1003.49929
G1 Z25.687 X129.404 Y83.304 E1003.54134
G1 Z25.688 X130.473 Y82.671 E1003.58339
G1 Z25.689 X131.58 Y82.107 E1003.62544
G1 Z25.690 X132.72 Y81.614 E1003.66749
G1 Z25.692 X133.889 Y81.193 E1003.70954
G1 Z25.693 X135.082 Y80.846 E1003.75159
G1 Z25.694 X136.295 Y80.575 E1003.79364
G1 Z25.695 X137.522 Y80.381 E1003.83569
G1 Z25.696 X138.758 Y80.264 E1003.87774
G1 Z25.697 X140.004 Y80.225 E1003.91991
G1 Z25.711 X155.405 Y80.225 E1004.44124
G1 Z25.711 X155.405 Y80.525 E1004.45139
G1 Z25.713 X157.102 Y80.525 E1004.50884
G1 Z25.713 X157.102 Y80.225 E1004.51899
G1 Z25.715 X159.475 Y80.225 E1004.5993
G1 Z25.724 X159.475 Y90.225 E1004.93779
G1 Z25.725 X160.525 Y90.225 E1004.97333
G1 Z25.734 X160.525 Y80.225 E1005.31182
G1 Z25.751 X179.775 Y80.225 E1005.96341
G1 Z25.765 X179.775 Y95.405 E1006.47723
G1 Z25.765 X179.475 Y95.405 E1006.48739
G1 Z25.767 X179.475 Y97.102 E1006.54483
G1 Z25.767 X179.775 Y97.102 E1006.55499
G1 Z25.769 X179.775 Y99.475 E1006.63531
G1 Z25.778 X169.775 Y99.475 E1006.9738
G1 Z25.779 X169.775 Y100.525 E1007.00934
G1 Z25.788 X179.775 Y100.525 E1007.34783
G1 Z25.806 X179.775 Y119.775 E1007.99942
G1 Z25.841 X140.004 Y119.775 E1009.34563
G1 Z25.842 X138.758 Y119.736 E1009.3878
G1 Z25.844 X137.522 Y119.619 E1009.42985
G1 Z25.845 X136.295 Y119.425 E1009.4719
G1 Z25.846 X135.082 Y119.154 E1009.51395
G1 Z25.847 X133.889 Y118.807 E1009.556
G1 Z25.848 X132.72 Y118.386 E1009.59805
G1 Z25.849 X131.58 Y117.893 E1009.6401
G1 Z25.850 X130.473 Y117.329 E1009.68215
G1 Z25.851 X129.404 Y116.696 E1009.7242
G1 Z25.852 X128.377 Y115.998 E1009.76625
G1 Z25.854 X127.395 Y115.237 E1009.8083
G1 Z25.855 X126.463 Y114.415 E1009.85035
G1 Z25.856 X125.585 Y113.537 E1009.8924
G1 Z25.857 X124.763 Y112.605 E1009.93445
G1 Z25.858 X124.002 Y111.623 E1009.9765
G1 Z25.859 X123.304 Y110.596 E1010.01855
G1 Z25.860 X122.671 Y109.527 E1010.0606
G1 Z25.861 X122.107 Y108.42 E1010.10265
G1 Z25.863 X121.614 Y107.28 E1010.1447
G1 Z25.864 X121.193 Y106.111 E1010.18675
G1 Z25.865 X120.846 Y104.918 E1010.2288
G1 Z25.866 X120.575 Y103.705 E1010.27085
G1 Z25.867 X120.381 Y102.478 E1010.3129
G1 Z25.868 X120.264 Y101.242 E1010.35495
G1 Z25.869 X120.225 Y100 E1010.397
G1 Z25.870 X120.264 Y98.758 E1010.43905
G1 Z25.871 X120.381 Y97.522 E1010.4811
G1 Z25.873 X120.575 Y96.295 E1010.52315
G1 Z25.874 X120.846 Y95.082 E1010.5652
G1 Z25.875 X121.193 Y93.889 E1010.60725
G1 Z25.876 X121.614 Y92.72 E1010.6493
G1 Z25.877 X122.107 Y91.58 E1010.69135
G1 Z25.878 X122.671 Y90.473 E1010.7334
G1 Z25.879 X123.304 Y89.404 E1010.77545
G1 Z25.880 X123.738 Y88.765 E1010.80163
;LAYER_CHANGE
;Z:26.08
;HEIGHT:0.200001
G1 Z25.880 F600
G1 F6066
G1 Z25.880 X124.002 Y88.377 E1010.8175
G1 Z25.882 X124.763 Y87.395 E1010.85955
G1 Z25.883 X125.585 Y86.463 E1010.9016
G1 Z25.884 X126.463 Y85.585 E1010.94365
G1 Z25.885 X127.395 Y84.763 E1010.9857
G1 Z25.886 X128.377 Y84.002 E1011.02775
G1 Z25.887 X129.404 Y83.304 E1011.0698
G1 Z25.888 X130.473 Y82.671 E1011.11185
G1 Z25.889 X131.58 Y82.107 E1011.1539
G1 Z25.890 X132.72 Y81.614 E1011.19595
G1 Z25.892 X133.889 Y81.193 E1011.238
G1 Z25.893 X135.082 Y80.846 E1011.28005
G1 Z25.894 X136.295 Y80.575 E1011.3221
G1 Z25.895 X137.522 Y80.381 E1011.36415
G1 Z25.896 X138.758 Y80.264 E1011.4062
G1 Z25.897 X140.004 Y80.225 E1011.44837
G1 Z25.911 X155.405 Y80.225 E1011.9697
G1 Z25.911 X155.405 Y80.525 E1011.97986
G1 Z25.913 X156.756 Y80.525 E1012.02558
G1 Z25.913 X156.756 Y80.225 E1012.03573
G1 Z25.915 X159.475 Y80.225 E1012.12777
G1 Z25.924 X159.475 Y90.225 E1012.46626
G1 Z25.925 X160.525 Y90.225 E1012.5018
G1 Z25.934 X160.525 Y80.225 E1012.84029
G1 Z25.951 X179.775 Y80.225 E1013.49188
G1 Z25.965 X179.775 Y95.405 E1014.0057
G1 Z25.965 X179.475 Y95.405 E1014.01585
G1 Z25.967 X179.475 Y96.756 E1014.06157
G1 Z25.967 X179.775 Y96.756 E1014.07173
G1 Z25.969 X179.775 Y99.475 E1014.16377
G1 Z25.978 X169.775 Y99.475 E1014.50226
G1 Z25.979 X169.775 Y100.525 E1014.5378
G1 Z25.988 X179.775 Y100.525 E1014.87629
G1 Z26.006 X179.775 Y119.775 E1015.52788
G1 Z26.041 X140.004 Y119.775 E1016.8741
G1 Z26.042 X138.758 Y119.736 E1016.91627
G1 Z26.044 X137.522 Y119.619 E1016.95832
G1 Z26.045 X136.295 Y119.425 E1017.00037
G1 Z26.046 X135.082 Y119.154 E1017.04242
G1 Z26.047 X133.889 Y118.807 E1017.08447
G1 Z26.048 X132.72 Y118.386 E1017.12652
G1 Z26.049 X131.58 Y117.893 E1017.16857
G1 Z26.050 X130.473 Y117.329 E1017.21062
G1 Z26.051 X129.404 Y116.696 E1017.25267
G1 Z26.052 X128.377 Y115.998 E1017.29472
G1 Z26.054 X127.395 Y115.237 E1017.33677
G1 Z26.055 X126.463 Y114.415 E1017.37882
G1 Z26.056 X125.585 Y113.537 E1017.42087
G1 Z26.057 X124.763 Y112.605 E1017.46292
G1 Z26.058 X124.002 Y111.623 E1017.50497
G1 Z26.059 X123.304 Y110.596 E1017.54702
G1 Z26.060 X122.671 Y109.527 E1017.58907
G1 Z26.061 X122.107 Y108.42 E1017.63112
G1 Z26.063 X121.614 Y107.28 E1017.67317
G1 Z26.064 X121.193 Y106.111 E1017.71522
G1 Z26.065 X120.846 Y104.918 E1017.75727
G1 Z26.066 X120.575 Y103.705 E1017.79932
G1 Z26.067 X120.381 Y102.478 E1017.84137
G1 Z26.068 X120.264 Y101.242 E1017.88342
G1 Z26.069 X120.225 Y100 E1017.92547
G1 Z26.070 X120.264 Y98.758 E1017.96752
G1 Z26.071 X120.381 Y97.522 E1018.00957
G1 Z26.073 X120.575 Y96.295 E1018.05162
G1 Z26.074 X120.846 Y95.082 E1018.09367
G1 Z26.075 X121.193 Y93.889 E1018.13572
G1 Z26.076 X121.614 Y92.72 E1018.17777
G1 Z26.077 X122.107 Y91.58 E1018.21982
G1 Z26.078 X122.671 Y90.473 E1018.26187
G1 Z26.079 X123.304 Y89.404 E1018.30392
G1 Z26.080 X123.738 Y88.765 E1018.33009
;LAYER_CHANGE
;Z:26.28
;HEIGHT:0.200001
G1 Z26.080 F600
G1 F6066
G1 Z26.080 X124.002 Y88.377 E1018.34597
G1 Z26.082 X124.763 Y87.395 E1018.38802
G1 Z26.083 X125.585 Y86.463 E1018.43007
G1 Z26.084 X126.463 Y85.585 E1018.47212
G1 Z26.085 X127.395 Y84.763 E1018.51417
G1 Z26.086 X128.377 Y84.002 E1018.55622
G1 Z26.087 X129.404 Y83.304 E1018.59827
G1 Z26.088 X130.473 Y82.671 E1018.64032
G1 Z26.089 X131.58 Y82.107 E1018.68237
G1 Z26.090 X132.72 Y81.614 E1018.72442
G1 Z26.092 X133.889 Y81.193 E1018.76647
G1 Z26.093 X135.082 Y80.846 E1018.80852
G1 Z26.094 X136.295 Y80.575 E1018.85057
G1 Z26.095 X137.522 Y80.381 E1018.89262
G1 Z26.096 X138.758 Y80.264 E1018.93467
G1 Z26.097 X140.004 Y80.225 E1018.97684
G1 Z26.111 X155.405 Y80.225 E1019.49817
G1 Z26.111 X155.405 Y80.525 E1019.50832
G1 Z26.112 X156.409 Y80.525 E1019.54231
G1 Z26.112 X156.409 Y80.225 E1019.55247
G1 Z26.115 X159.475 Y80.225 E1019.65623
G1 Z26.124 X159.475 Y90.225 E1019.99472
G1 Z26.125 X160.525 Y90.225 E1020.03026
G1 Z26.134 X160.525 Y80.225 E1020.36875
G1 Z26.151 X179.775 Y80.225 E1021.02034
G1 Z26.165 X179.775 Y95.405 E1021.53416
G1 Z26.165 X179.475 Y95.405 E1021.54432
G1 Z26.166 X179.475 Y96.409 E1021.57831
G1 Z26.167 X179.775 Y96.409 E1021.58846
G1 Z26.169 X179.775 Y99.475 E1021.69224
G1 Z26.178 X169.775 Y99.475 E1022.03073
G1 Z26.179 X169.775 Y100.525 E1022.06627
G1 Z26.188 X179.775 Y100.525 E1022.40476
G1 Z26.206 X179.775 Y119.775 E1023.05635
G1 Z26.241 X140.004 Y119.775 E1024.40256
G1 Z26.242 X138.758 Y119.736 E1024.44473
G1 Z26.244 X137.522 Y119.619 E1024.48678
G1 Z26.245 X136.295 Y119.425 E1024.52883
G1 Z26.246 X135.082 Y119.154 E1024.57088
G1 Z26.247 X133.889 Y118.807 E1024.61293
G1 Z26.248 X132.72 Y118.386 E1024.65498
G1 Z26.249 X131.58 Y117.893 E1024.69703
G1 Z26.250 X130.473 Y117.329 E1024.73908
G1 Z26.251 X129.404 Y116.696 E1024.78113
G1 Z26.252 X128.377 Y115.998 E1024.82318
G1 Z26.254 X127.395 Y115.237 E1024.86523
G1 Z26.255 X126.463 Y114.415 E1024.90728
G1 Z26.256 X125.585 Y113.537 E1024.94933
G1 Z26.257 X124.763 Y112.605 E1024.99138
G1 Z26.258 X124.002 Y111.623 E1025.03343
G1 Z26.259 X123.304 Y110.596 E1025.07548
G1 Z26.260 X122.671 Y109.527 E1025.11753
G1 Z26.261 X122.107 Y108.42 E1025.15958
G1 Z26.263 X121.614 Y107.28 E1025.20163
G1 Z26.264 X121.193 Y106.111 E1025.24368
G1 Z26.265 X120.846 Y104.918 E1025.28573
G1 Z26.266 X120.575 Y103.705 E1025.32778
G1 Z26.267 X120.381 Y102.478 E1025.36983
G1 Z26.268 X120.264 Y101.242 E1025.41188
G1 Z26.269 X120.225 Y100 E1025.45393
G1 Z26.270 X120.264 Y98.758 E1025.49598
G1 Z26.271 X120.381 Y97.522 E1025.53803
G1 Z26.273 X120.575 Y96.295 E1025.58008
G1 Z26.274 X120.846 Y95.082 E1025.62213
G1 Z26.275 X121.193 Y93.889 E1025.66418
G1 Z26.276 X121.614 Y92.72 E1025.70623
G1 Z26.277 X122.107 Y91.58 E1025.74828
G1 Z26.278 X122.671 Y90.473 E1025.79033
G1 Z26.279 X123.304 Y89.404 E1025.83238
G1 Z26.280 X123.738 Y88.765 E1025.85856
;LAYER_CHANGE
;Z:26.48
;HEIGHT:0.199999
G1 Z26.280 F600
G1 F6066
G1 Z26.280 X124.002 Y88.377 E1025.87443
G1 Z26.282 X124.763 Y87.395 E1025.91648
G1 Z26.283 X125.585 Y86.463 E1025.95853
G1 Z26.284 X126.463 Y85.585 E1026.00058
G1 Z26.285 X127.395 Y84.763 E1026.04263
G1 Z26.286 X128.377 Y84.002 E1026.08468
G1 Z26.287 X129.404 Y83.304 E1026.12673
G1 Z26.288 X130.473 Y82.671 E1026.16878
G1 Z26.289 X131.58 Y82.107 E1026.21083
G1 Z26.290 X132.72 Y81.614 E1026.25288
G1 Z26.292 X133.889 Y81.193 E1026.29493
G1 Z26.293 X135.082 Y80.846 E1026.33698
G1 Z26.294 X136.295 Y80.575 E1026.37903
G1 Z26.295 X137.522 Y80.381 E1026.42108
G1 Z26.296 X138.758 Y80.264 E1026.46313
G1 Z26.297 X140.004 Y80.225 E1026.5053
G1 Z26.311 X155.405 Y80.225 E1027.02663
G1 Z26.311 X155.405 Y80.525 E1027.03678
G1 Z26.312 X156.063 Y80.525 E1027.05905
G1 Z26.312 X156.063 Y80.225 E1027.06921
G1 Z26.315 X159.475 Y80.225 E1027.1847
G1 Z26.324 X159.475 Y90.225 E1027.52318
G1 Z26.325 X160.525 Y90.225 E1027.55873
G1 Z26.334 X160.525 Y80.225 E1027.89721
G1 Z26.351 X179.775 Y80.225 E1028.5488
G1 Z26.365 X179.775 Y95.405 E1029.06263
G1 Z26.365 X179.475 Y95.405 E1029.07278
G1 Z26.366 X179.475 Y96.063 E1029.09505
G1 Z26.366 X179.775 Y96.063 E1029.1052
G1 Z26.369 X179.775 Y99.475 E1029.2207
G1 Z26.378 X169.775 Y99.475 E1029.55919
G1 Z26.379 X169.775 Y100.525 E1029.59473
G1 Z26.388 X179.775 Y100.525 E1029.93322
G1 Z26.406 X179.775 Y119.775 E1030.58481
G1 Z26.441 X140.004 Y119.775 E1031.93102
G1 Z26.442 X138.758 Y119.736 E1031.9732
G1 Z26.444 X137.522 Y119.619 E1032.01525
G1 Z26.445 X136.295 Y119.425 E1032.0573
G1 Z26.446 X135.082 Y119.154 E1032.09935
G1 Z26.447 X133.889 Y118.807 E1032.1414
G1 Z26.448 X132.72 Y118.386 E1032.18345
G1 Z26.449 X131.58 Y117.893 E1032.2255
G1 Z26.450 X130.473 Y117.329 E1032.26755
G1 Z26.451 X129.404 Y116.696 E1032.3096
G1 Z26.452 X128.377 Y115.998 E1032.35165
G1 Z26.454 X127.395 Y115.237 E1032.3937
G1 Z26.455 X126.463 Y114.415 E1032.43575
G1 Z26.456 X125.585 Y113.537 E1032.4778
G1 Z26.457 X124.763 Y112.605 E1032.51985
G1 Z26.458 X124.002 Y111.623 E1032.5619
G1 Z26.459 X123.304 Y110.596 E1032.60395
G1 Z26.460 X122.671 Y109.527 E1032.646
G1 Z26.461 X122.107 Y108.42 E1032.68805
G1 Z26.463 X121.614 Y107.28 E1032.7301
G1 Z26.464 X121.193 Y106.111 E1032.77215
G1 Z26.465 X120.846 Y104.918 E1032.8142
G1 Z26.466 X120.575 Y103.705 E1032.85625
G1 Z26.467 X120.381 Y102.478 E1032.89829
G1 Z26.468 X120.264 Y101.242 E1032.94035
G1 Z26.469 X120.225 Y100 E1032.9824
G1 Z26.470 X120.264 Y98.758 E1033.02445
G1 Z26.471 X120.381 Y97.522 E1033.0665
G1 Z26.473 X120.575 Y96.295 E1033.10855
G1 Z26.474 X120.846 Y95.082 E1033.1506
G1 Z26.475 X121.193 Y93.889 E1033.19265
G1 Z26.476 X121.614 Y92.72 E1033.2347
G1 Z26.477 X122.107 Y91.58 E1033.27675
G1 Z26.478 X122.671 Y90.473 E1033.3188
G1 Z26.479 X123.304 Y89.404 E1033.36085
G1 Z26.480 X123.738 Y88.765 E1033.38702
;LAYER_CHANGE
;Z:26.68
;HEIGHT:0.200001
G1 Z26.480 F600
G1 F6052
G1 Z26.480 X124.002 Y88.377 E1033.4029
G1 Z26.482 X124.763 Y87.395 E1033.44495
G1 Z26.483 X125.585 Y86.463 E1033.487
G1 Z26.484 X126.463 Y85.585 E1033.52905
G1 Z26.485 X127.395 Y84.763 E1033.5711
G1 Z26.486 X128.377 Y84.002 E1033.61315
G1 Z26.487 X129.404 Y83.304 E1033.6552
G1 Z26.488 X130.473 Y82.671 E1033.69724
G1 Z26.489 X131.58 Y82.107 E1033.7393
G1 Z26.491 X132.72 Y81.614 E1033.78134
G1 Z26.492 X133.889 Y81.193 E1033.8234
G1 Z26.493 X135.082 Y80.846 E1033.86544
G1 Z26.494 X136.295 Y80.575 E1033.9075
G1 Z26.495 X137.522 Y80.381 E1033.94954
G1 Z26.496 X138.758 Y80.264 E1033.9916
G1 Z26.497 X140.004 Y80.225 E1034.03377
G1 Z26.515 X159.475 Y80.225 E1034.69285
G1 Z26.524 X159.475 Y90.225 E1035.03134
G1 Z26.525 X160.525 Y90.225 E1035.06688
G1 Z26.534 X160.525 Y80.225 E1035.40537
G1 Z26.551 X179.775 Y80.225 E1036.05696
G1 Z26.569 X179.775 Y99.475 E1036.70855
G1 Z26.578 X169.775 Y99.475 E1037.04704
G1 Z26.579 X169.775 Y100.525 E1037.08258
G1 Z26.588 X179.775 Y100.525 E1037.42106
G1 Z26.605 X179.775 Y119.775 E1038.07265
G1 Z26.641 X140.004 Y119.775 E1039.41887
G1 Z26.642 X138.758 Y119.736 E1039.46104
G1 Z26.643 X137.522 Y119.619 E1039.50309
G1 Z26.644 X136.295 Y119.425 E1039.54514
G1 Z26.646 X135.082 Y119.154 E1039.58719
G1 Z26.647 X133.889 Y118.807 E1039.62924
G1 Z26.648 X132.72 Y118.386 E1039.67129
G1 Z26.649 X131.58 Y117.893 E1039.71334
G1 Z26.650 X130.473 Y117.329 E1039.75539
G1 Z26.651 X129.404 Y116.696 E1039.79744
G1 Z26.652 X128.377 Y115.998 E1039.83949
G1 Z26.653 X127.395 Y115.237 E1039.88154
G1 Z26.655 X126.463 Y114.415 E1039.92359
G1 Z26.656 X125.585 Y113.537 E1039.96564
G1 Z26.657 X124.763 Y112.605 E1040.00769
G1 Z26.658 X124.002 Y111.623 E1040.04974
G1 Z26.659 X123.304 Y110.596 E1040.09179
G1 Z26.660 X122.671 Y109.527 E1040.13384
G1 Z26.661 X122.107 Y108.42 E1040.17589
G1 Z26.662 X121.614 Y107.28 E1040.21794
G1 Z26.664 X121.193 Y106.111 E1040.25999
G1 Z26.665 X120.846 Y104.918 E1040.30204
G1 Z26.666 X120.575 Y103.705 E1040.34409
G1 Z26.667 X120.381 Y102.478 E1040.38614
G1 Z26.668 X120.264 Y101.242 E1040.42819
G1 Z26.669 X120.225 Y100 E1040.47024
G1 Z26.670 X120.264 Y98.758 E1040.51229
G1 Z26.671 X120.381 Y97.522 E1040.55434
G1 Z26.673 X120.575 Y96.295 E1040.59639
G1 Z26.674 X120.846 Y95.082 E1040.63844
G1 Z26.675 X121.193 Y93.889 E1040.68049
G1 Z26.676 X121.614 Y92.72 E1040.72254
G1 Z26.677 X122.107 Y91.58 E1040.76459
G1 Z26.678 X122.671 Y90.473 E1040.80664
G1 Z26.679 X123.304 Y89.404 E1040.84869
G1 Z26.680 X123.738 Y88.765 E1040.87487
;LAYER_CHANGE
;Z:26.88
;HEIGHT:0.199999
G1 Z26.680 F600
G1 F6052
G1 Z26.680 X124.002 Y88.377 E1040.89074
G1 Z26.682 X124.763 Y87.395 E1040.93279
G1 Z26.683 X125.585 Y86.463 E1040.97484
G1 Z26.684 X126.463 Y85.585 E1041.01689
G1 Z26.685 X127.395 Y84.763 E1041.05894
G1 Z26.686 X128.377 Y84.002 E1041.10099
G1 Z26.687 X129.404 Y83.304 E1041.14304
G1 Z26.688 X130.473 Y82.671 E1041.18509
G1 Z26.689 X131.58 Y82.107 E1041.22714
G1 Z26.691 X132.72 Y81.614 E1041.26919
G1 Z26.692 X133.889 Y81.193 E1041.31124
G1 Z26.693 X135.082 Y80.846 E1041.35329
G1 Z26.694 X136.295 Y80.575 E1041.39534
G1 Z26.695 X137.522 Y80.381 E1041.43739
G1 Z26.696 X138.758 Y80.264 E1041.47944
G1 Z26.697 X140.004 Y80.225 E1041.52161
G1 Z26.715 X159.475 Y80.225 E1042.1807
G1 Z26.724 X159.475 Y90.225 E1042.51918
G1 Z26.725 X160.525 Y90.225 E1042.55473
G1 Z26.734 X160.525 Y80.225 E1042.89321
G1 Z26.751 X179.775 Y80.225 E1043.5448
G1 Z26.769 X179.775 Y99.475 E1044.19639
G1 Z26.778 X169.775 Y99.475 E1044.53488
G1 Z26.779 X169.775 Y100.525 E1044.57042
G1 Z26.788 X179.775 Y100.525 E1044.90891
G1 Z26.805 X179.775 Y119.775 E1045.5605
G1 Z26.841 X140.004 Y119.775 E1046.90672
G1 Z26.842 X138.758 Y119.736 E1046.94889
G1 Z26.843 X137.522 Y119.619 E1046.99094
G1 Z26.844 X136.295 Y119.425 E1047.03299
G1 Z26.846 X135.082 Y119.154 E1047.07504
G1 Z26.847 X133.889 Y118.807 E1047.11709
G1 Z26.848 X132.72 Y118.386 E1047.15914
G1 Z26.849 X131.58 Y117.893 E1047.20119
G1 Z26.850 X130.473 Y117.329 E1047.24324
G1 Z26.851 X129.404 Y116.696 E1047.28529
G1 Z26.852 X128.377 Y115.998 E1047.32734
G1 Z26.853 X127.395 Y115.237 E1047.36939
G1 Z26.855 X126.463 Y114.415 E1047.41144
G1 Z26.856 X125.585 Y113.537 E1047.45349
G1 Z26.857 X124.763 Y112.605 E1047.49554
G1 Z26.858 X124.002 Y111.623 E1047.53759
G1 Z26.859 X123.304 Y110.596 E1047.57964
G1 Z26.860 X122.671 Y109.527 E1047.62169
G1 Z26.861 X122.107 Y108.42 E1047.66374
G1 Z26.862 X121.614 Y107.28 E1047.70579
G1 Z26.864 X121.193 Y106.111 E1047.74784
G1 Z26.865 X120.846 Y104.918 E1047.78989
G1 Z26.866 X120.575 Y103.705 E1047.83194
G1 Z26.867 X120.381 Y102.478 E1047.87399
G1 Z26.868 X120.264 Y101.242 E1047.91604
G1 Z26.869 X120.225 Y100 E1047.95809
G1 Z26.870 X120.264 Y98.758 E1048.00014
G1 Z26.871 X120.381 Y97.522 E1048.04219
G1 Z26.873 X120.575 Y96.295 E1048.08424
G1 Z26.874 X120.846 Y95.082 E1048.12629
G1 Z26.875 X121.193 Y93.889 E1048.16834
G1 Z26.876 X121.614 Y92.72 E1048.21039
G1 Z26.877 X122.107 Y91.58 E1048.25244
G1 Z26.878 X122.671 Y90.473 E1048.29449
G1 Z26.879 X123.304 Y89.404 E1048.33654
G1 Z26.880 X123.738 Y88.765 E1048.36271
;LAYER_CHANGE
;Z:27.08
;HEIGHT:0.200001
G1 Z26.880 F600
G1 F6052
G1 Z26.880 X124.002 Y88.377 E1048.37859
G1 Z26.882 X124.763 Y87.395 E1048.42064
G1 Z26.883 X125.585 Y86.463 E1048.46269
G1 Z26.884 X126.463 Y85.585 E1048.50474
G1 Z26.885 X127.395 Y84.763 E1048.54679
G1 Z26.886 X128.377 Y84.002 E1048.58884
G1 Z26.887 X129.404 Y83.304 E1048.63089
G1 Z26.888 X130.473 Y82.671 E1048.67294
G1 Z26.889 X131.58 Y82.107 E1048.71499
G1 Z26.891 X132.72 Y81.614 E1048.75704
G1 Z26.892 X133.889 Y81.193 E1048.79909
G1 Z26.893 X135.082 Y80.846 E1048.84114
G1 Z26.894 X136.295 Y80.575 E1048.88319
G1 Z26.895 X137.522 Y80.381 E1048.92524
G1 Z26.896 X138.758 Y80.264 E1048.96729
G1 Z26.897 X140.004 Y80.225 E1049.00946
G1 Z26.915 X159.475 Y80.225 E1049.66854
G1 Z26.924 X159.475 Y90.225 E1050.00703
G1 Z26.925 X160.525 Y90.225 E1050.04257
G1 Z26.934 X160.525 Y80.225 E1050.38106
G1 Z26.951 X179.775 Y80.225 E1051.03265
G1 Z26.969 X179.775 Y99.475 E1051.68424
G1 Z26.978 X169.775 Y99.475 E1052.02273
G1 Z26.979 X169.775 Y100.525 E1052.05827
G1 Z26.988 X179.775 Y100.525 E1052.39676
G1 Z27.005 X179.775 Y119.775 E1053.04835
G1 Z27.041 X140.004 Y119.775 E1054.39456
G1 Z27.042 X138.758 Y119.736 E1054.43673
G1 Z27.043 X137.522 Y119.619 E1054.47878
G1 Z27.044 X136.295 Y119.425 E1054.52083
G1 Z27.046 X135.082 Y119.154 E1054.56288
G1 Z27.047 X133.889 Y118.807 E1054.60493
G1 Z27.048 X132.72 Y118.386 E1054.64698
G1 Z27.049 X131.58 Y117.893 E1054.68903
G1 Z27.050 X130.473 Y117.329 E1054.73108
G1 Z27.051 X129.404 Y116.696 E1054.77313
G1 Z27.052 X128.377 Y115.998 E1054.81518
G1 Z27.053 X127.395 Y115.237 E1054.85723
G1 Z27.055 X126.463 Y114.415 E1054.89928
G1 Z27.056 X125.585 Y113.537 E1054.94133
G1 Z27.057 X124.763 Y112.605 E1054.98338
G1 Z27.058 X124.002 Y111.623 E1055.02543
G1 Z27.059 X123.304 Y110.596 E1055.06748
G1 Z27.060 X122.671 Y109.527 E1055.10953
G1 Z27.061 X122.107 Y108.42 E1055.15158
G1 Z27.062 X121.614 Y107.28 E1055.19363
G1 Z27.064 X121.193 Y106.111 E1055.23568
G1 Z27.065 X120.846 Y104.918 E1055.27773
G1 Z27.066 X120.575 Y103.705 E1055.31978
G1 Z27.067 X120.381 Y102.478 E1055.36183
G1 Z27.068 X120.264 Y101.242 E1055.40388
G1 Z27.069 X120.225 Y100 E1055.44593
G1 Z27.070 X120.264 Y98.758 E1055.48798
G1 Z27.071 X120.381 Y97.522 E1055.53003
G1 Z27.073 X120.575 Y96.295 E1055.57208
G1 Z27.074 X120.846 Y95.082 E1055.61413
G1 Z27.075 X121.193 Y93.889 E1055.65618
G1 Z27.076 X121.614 Y92.72 E1055.69823
G1 Z27.077 X122.107 Y91.58 E1055.74028
G1 Z27.078 X122.671 Y90.473 E1055.78233
G1 Z27.079 X123.304 Y89.404 E1055.82438
G1 Z27.080 X123.738 Y88.765 E1055.85056
;LAYER_CHANGE
;Z:27.28
;HEIGHT:0.200001
G1 Z27.080 F600
G1 F6052
G1 Z27.080 X124.002 Y88.377 E1055.86643
G1 Z27.082 X124.763 Y87.395 E1055.90848
G1 Z27.083 X125.585 Y86.463 E1055.95053
G1 Z27.084 X126.463 Y85.585 E1055.99258
G1 Z27.085 X127.395 Y84.763 E1056.03463
G1 Z27.086 X128.377 Y84.002 E1056.07668
G1 Z27.087 X129.404 Y83.304 E1056.11873
G1 Z27.088 X130.473 Y82.671 E1056.16078
G1 Z27.089 X131.58 Y82.107 E1056.20283
G1 Z27.091 X132.72 Y81.614 E1056.24488
G1 Z27.092 X133.889 Y81.193 E1056.28693
G1 Z27.093 X135.082 Y80.846 E1056.32898
G1 Z27.094 X136.295 Y80.575 E1056.37103
G1 Z27.095 X137.522 Y80.381 E1056.41308
G1 Z27.096 X138.758 Y80.264 E1056.45513
G1 Z27.097 X140.004 Y80.225 E1056.4973
G1 Z27.115 X159.475 Y80.225 E1057.15639
G1 Z27.124 X159.475 Y90.225 E1057.49487
G1 Z27.125 X160.525 Y90.225 E1057.53042
G1 Z27.134 X160.525 Y80.225 E1057.8689
G1 Z27.151 X179.775 Y80.225 E1058.52049
G1 Z27.169 X179.775 Y99.475 E1059.17208
G1 Z27.178 X169.775 Y99.475 E1059.51057
G1 Z27.179 X169.775 Y100.525 E1059.54611
G1 Z27.188 X179.775 Y100.525 E1059.8846
G1 Z27.205 X179.775 Y119.775 E1060.53619
G1 Z27.241 X140.004 Y119.775 E1061.88241
G1 Z27.242 X138.758 Y119.736 E1061.92458
G1 Z27.243 X137.522 Y119.619 E1061.96663
G1 Z27.244 X136.295 Y119.425 E1062.00868
G1 Z27.246 X135.082 Y119.154 E1062.05073
G1 Z27.247 X133.889 Y118.807 E1062.09278
G1 Z27.248 X132.72 Y118.386 E1062.13483
G1 Z27.249 X131.58 Y117.893 E1062.17688
G1 Z27.250 X130.473 Y117.329 E1062.21893
G1 Z27.251 X129.404 Y116.696 E1062.26098
G1 Z27.252 X128.377 Y115.998 E1062.30303
G1 Z27.253 X127.395 Y115.237 E1062.34508
G1 Z27.255 X126.463 Y114.415 E1062.38713
G1 Z27.256 X125.585 Y113.537 E1062.42918
G1 Z27.257 X124.763 Y112.605 E1062.47123
G1 Z27.258 X124.002 Y111.623 E1062.51328
G1 Z27.259 X123.304 Y110.596 E1062.55533
G1 Z27.260 X122.671 Y109.527 E1062.59738
G1 Z27.261 X122.107 Y108.42 E1062.63943
G1 Z27.262 X121.614 Y107.28 E1062.68148
G1 Z27.264 X121.193 Y106.111 E1062.72353
G1 Z27.265 X120.846 Y104.918 E1062.76558
G1 Z27.266 X120.575 Y103.705 E1062.80763
G1 Z27.267 X120.381 Y102.478 E1062.84968
G1 Z27.268 X120.264 Y101.242 E1062.89173
G1 Z27.269 X120.225 Y100 E1062.93378
G1 Z27.270 X120.264 Y98.758 E1062.97583
G1 Z27.271 X120.381 Y97.522 E1063.01788
G1 Z27.273 X120.575 Y96.295 E1063.05993
G1 Z27.274 X120.846 Y95.082 E1063.10198
G1 Z27.275 X121.193 Y93.889 E1063.14403
G1 Z27.276 X121.614 Y92.72 E1063.18608
G1 Z27.277 X122.107 Y91.58 E1063.22813
G1 Z27.278 X122.671 Y90.473 E1063.27018
G1 Z27.279 X123.304 Y89.404 E1063.31223
G1 Z27.280 X123.738 Y88.765 E1063.3384
;LAYER_CHANGE
;Z:27.48
;HEIGHT:0.199999
G1 Z27.280 F600
G1 F6052
G1 Z27.280 X124.002 Y88.377 E1063.35428
G1 Z27.282 X124.763 Y87.395 E1063.39633
G1 Z27.283 X125.585 Y86.463 E1063.43838
G1 Z27.284 X126.463 Y85.585 E1063.48043
G1 Z27.285 X127.395 Y84.763 E1063.52248
G1 Z27.286 X128.377 Y84.002 E1063.56453
G1 Z27.287 X129.404 Y83.304 E1063.60658
G1 Z27.288 X130.473 Y82.671 E1063.64863
G1 Z27.289 X131.58 Y82.107 E1063.69068
G1 Z27.291 X132.72 Y81.614 E1063.73273
G1 Z27.292 X133.889 Y81.193 E1063.77478
G1 Z27.293 X135.082 Y80.846 E1063.81683
G1 Z27.294 X136.295 Y80.575 E1063.85888
G1 Z27.295 X137.522 Y80.381 E1063.90093
G1 Z27.296 X138.758 Y80.264 E1063.94298
G1 Z27.297 X140.004 Y80.225 E1063.98515
G1 Z27.315 X159.475 Y80.225 E1064.64423
G1 Z27.324 X159.475 Y90.225 E1064.98272
G1 Z27.325 X160.525 Y90.225 E1065.01826
G1 Z27.334 X160.525 Y80.225 E1065.35675
G1 Z27.351 X179.775 Y80.225 E1066.00834
G1 Z27.369 X179.775 Y99.475 E1066.65993
G1 Z27.378 X169.775 Y99.475 E1066.99842
G1 Z27.379 X169.775 Y100.525 E1067.03396
G1 Z27.388 X179.775 Y100.525 E1067.37245
G1 Z27.405 X179.775 Y119.775 E1068.02404
G1 Z27.441 X140.004 Y119.775 E1069.37025
G1 Z27.442 X138.758 Y119.736 E1069.41242
G1 Z27.443 X137.522 Y119.619 E1069.45447
G1 Z27.444 X136.295 Y119.425 E1069.49652
G1 Z27.446 X135.082 Y119.154 E1069.53857
G1 Z27.447 X133.889 Y118.807 E1069.58062
G1 Z27.448 X132.72 Y118.386 E1069.62267
G1 Z27.449 X131.58 Y117.893 E1069.66472
G1 Z27.450 X130.473 Y117.329 E1069.70677
G1 Z27.451 X129.404 Y116.696 E1069.74882
G1 Z27.452 X128.377 Y115.998 E1069.79087
G1 Z27.453 X127.395 Y115.237 E1069.83292
G1 Z27.455 X126.463 Y114.415 E1069.87497
G1 Z27.456 X125.585 Y113.537 E1069.91702
G1 Z27.457 X124.763 Y112.605 E1069.95907
G1 Z27.458 X124.002 Y111.623 E1070.00112
G1 Z27.459 X123.304 Y110.596 E1070.04317
G1 Z27.460 X122.671 Y109.527 E1070.08522
G1 Z27.461 X122.107 Y108.42 E1070.12727
G1 Z27.462 X121.614 Y107.28 E1070.16932
G1 Z27.464 X121.193 Y106.111 E1070.21137
G1 Z27.465 X120.846 Y104.918 E1070.25342
G1 Z27.466 X120.575 Y103.705 E1070.29547
G1 Z27.467 X120.381 Y102.478 E1070.33752
G1 Z27.468 X120.264 Y101.242 E1070.37957
G1 Z27.469 X120.225 Y100 E1070.42162
G1 Z27.470 X120.264 Y98.758 E1070.46367
G1 Z27.471 X120.381 Y97.522 E1070.50572
G1 Z27.473 X120.575 Y96.295 E1070.54777
G1 Z27.474 X120.846 Y95.082 E1070.58982
G1 Z27.475 X121.193 Y93.889 E1070.63187
G1 Z27.476 X121.614 Y92.72 E1070.67392
G1 Z27.477 X122.107 Y91.58 E1070.71597
G1 Z27.478 X122.671 Y90.473 E1070.75802
G1 Z27.479 X123.304 Y89.404 E1070.80007
G1 Z27.480 X123.738 Y88.765 E1070.82625
;LAYER_CHANGE
;Z:27.68
;HEIGHT:0.200001
G1 Z27.480 F600
G1 F6052
G1 Z27.480 X124.002 Y88.377 E1070.84212
G1 Z27.482 X124.763 Y87.395 E1070.88417
G1 Z27.483 X125.585 Y86.463 E1070.92622
G1 Z27.484 X126.463 Y85.585 E1070.96827
G1 Z27.485 X127.395 Y84.763 E1071.01032
G1 Z27.486 X128.377 Y84.002 E1071.05237
G1 Z27.487 X129.404 Y83.304 E1071.09442
G1 Z27.488 X130.473 Y82.671 E1071.13647
G1 Z27.489 X131.58 Y82.107 E1071.17852
G1 Z27.491 X132.72 Y81.614 E1071.22057
G1 Z27.492 X133.889 Y81.193 E1071.26262
G1 Z27.493 X135.082 Y80.846 E1071.30467
G1 Z27.494 X136.295 Y80.575 E1071.34672
G1 Z27.495 X137.522 Y80.381 E1071.38877
G1 Z27.496 X138.758 Y80.264 E1071.43082
G1 Z27.497 X140.004 Y80.225 E1071.47299
G1 Z27.515 X159.475 Y80.225 E1072.13208
G1 Z27.524 X159.475 Y90.225 E1072.47057
G1 Z27.525 X160.525 Y90.225 E1072.50611
G1 Z27.534 X160.525 Y80.225 E1072.84459
G1 Z27.551 X179.775 Y80.225 E1073.49618
G1 Z27.569 X179.775 Y99.475 E1074.14777
G1 Z27.578 X169.775 Y99.475 E1074.48626
G1 Z27.579 X169.775 Y100.525 E1074.5218
G1 Z27.588 X179.775 Y100.525 E1074.86029
G1 Z27.605 X179.775 Y119.775 E1075.51188
G1 Z27.641 X140.004 Y119.775 E1076.8581
G1 Z27.642 X138.758 Y119.736 E1076.90027
G1 Z27.643 X137.522 Y119.619 E1076.94232
G1 Z27.644 X136.295 Y119.425 E1076.98437
G1 Z27.646 X135.082 Y119.154 E1077.02642
G1 Z27.647 X133.889 Y118.807 E1077.06847
G1 Z27.648 X132.72 Y118.386 E1077.11052
G1 Z27.649 X131.58 Y117.893 E1077.15257
G1 Z27.650 X130.473 Y117.329 E1077.19462
G1 Z27.651 X129.404 Y116.696 E1077.23667
G1 Z27.652 X128.377 Y115.998 E1077.27872
G1 Z27.653 X127.395 Y115.237 E1077.32077
G1 Z27.655 X126.463 Y114.415 E1077.36282
G1 Z27.656 X125.585 Y113.537 E1077.40487
G1 Z27.657 X124.763 Y112.605 E1077.44692
G1 Z27.658 X124.002 Y111.623 E1077.48897
G1 Z27.659 X123.304 Y110.596 E1077.53102
G1 Z27.660 X122.671 Y109.527 E1077.57307
G1 Z27.661 X122.107 Y108.42 E1077.61512
G1 Z27.662 X121.614 Y107.28 E1077.65717
G1 Z27.664 X121.193 Y106.111 E1077.69922
G1 Z27.665 X120.846 Y104.918 E1077.74127
G1 Z27.666 X120.575 Y103.705 E1077.78332
G1 Z27.667 X120.381 Y102.478 E1077.82537
G1 Z27.668 X120.264 Y101.242 E1077.86742
G1 Z27.669 X120.225 Y100 E1077.90947
G1 Z27.670 X120.264 Y98.758 E1077.95152
G1 Z27.671 X120.381 Y97.522 E1077.99357
G1 Z27.673 X120.575 Y96.295 E1078.03562
G1 Z27.674 X120.846 Y95.082 E1078.07767
G1 Z27.675 X121.193 Y93.889 E1078.11972
G1 Z27.676 X121.614 Y92.72 E1078.16177
G1 Z27.677 X122.107 Y91.58 E1078.20382
G1 Z27.678 X122.671 Y90.473 E1078.24587
G1 Z27.679 X123.304 Y89.404 E1078.28792
G1 Z27.680 X123.738 Y88.765 E1078.31409
;LAYER_CHANGE
;Z:27.88
;HEIGHT:0.199999
G1 Z27.680 F600
G1 F6052
G1 Z27.680 X124.002 Y88.377 E1078.32997
G1 Z27.682 X124.763 Y87.395 E1078.37202
G1 Z27.683 X125.585 Y86.463 E1078.41407
G1 Z27.684 X126.463 Y85.585 E1078.45612
G1 Z27.685 X127.395 Y84.763 E1078.49817
G1 Z27.686 X128.377 Y84.002 E1078.54022
G1 Z27.687 X129.404 Y83.304 E1078.58227
G1 Z27.688 X130.473 Y82.671 E1078.62432
G1 Z27.689 X131.58 Y82.107 E1078.66637
G1 Z27.691 X132.72 Y81.614 E1078.70842
G1 Z27.692 X133.889 Y81.193 E1078.75047
G1 Z27.693 X135.082 Y80.846 E1078.79252
G1 Z27.694 X136.295 Y80.575 E1078.83457
G1 Z27.695 X137.522 Y80.381 E1078.87662
G1 Z27.696 X138.758 Y80.264 E1078.91867
G1 Z27.697 X140.004 Y80.225 E1078.96084
G1 Z27.715 X159.475 Y80.225 E1079.61992
G1 Z27.724 X159.475 Y90.225 E1079.95841
G1 Z27.725 X160.525 Y90.225 E1079.99395
G1 Z27.734 X160.525 Y80.225 E1080.33244
G1 Z27.751 X179.775 Y80.225 E1080.98403
G1 Z27.769 X179.775 Y99.475 E1081.63562
G1 Z27.778 X169.775 Y99.475 E1081.97411
G1 Z27.779 X169.775 Y100.525 E1082.00965
G1 Z27.788 X179.775 Y100.525 E1082.34814
G1 Z27.805 X179.775 Y119.775 E1082.99973
G1 Z27.841 X140.004 Y119.775 E1084.34594
G1 Z27.842 X138.758 Y119.736 E1084.38811
G1 Z27.843 X137.522 Y119.619 E1084.43016
G1 Z27.844 X136.295 Y119.425 E1084.47221
G1 Z27.846 X135.082 Y119.154 E1084.51426
G1 Z27.847 X133.889 Y118.807 E1084.55631
G1 Z27.848 X132.72 Y118.386 E1084.59836
G1 Z27.849 X131.58 Y117.893 E1084.64041
G1 Z27.850 X130.473 Y117.329 E1084.68246
G1 Z27.851 X129.404 Y116.696 E1084.72451
G1 Z27.852 X128.377 Y115.998 E1084.76656
G1 Z27.853 X127.395 Y115.237 E1084.80861
G1 Z27.855 X126.463 Y114.415 E1084.85066
G1 Z27.856 X125.585 Y113.537 E1084.89271
G1 Z27.857 X124.763 Y112.605 E1084.93476
G1 Z27.858 X124.13 Y111.789 E1084.96974
G1 Z27.859 X123.303 Y110.595 E1085.01888
G1 Z27.860 X122.671 Y109.527 E1085.0609
G1 Z27.861 X122.107 Y108.42 E1085.10295
G1 Z27.862 X121.614 Y107.28 E1085.145
G1 Z27.864 X121.193 Y106.111 E1085.18705
G1 Z27.865 X120.846 Y104.918 E1085.2291
G1 Z27.866 X120.575 Y103.705 E1085.27115
G1 Z27.867 X120.381 Y102.478 E1085.3132
G1 Z27.868 X120.264 Y101.242 E1085.35525
G1 Z27.869 X120.225 Y100 E1085.3973
G1 Z27.870 X120.264 Y98.758 E1085.43935
G1 Z27.871 X120.381 Y97.522 E1085.4814
G1 Z27.873 X120.575 Y96.295 E1085.52345
G1 Z27.874 X120.846 Y95.082 E1085.5655
G1 Z27.875 X121.193 Y93.889 E1085.60755
G1 Z27.876 X121.614 Y92.72 E1085.6496
G1 Z27.877 X122.107 Y91.58 E1085.69165
G1 Z27.878 X122.671 Y90.473 E1085.7337
G1 Z27.879 X123.304 Y89.404 E1085.77575
G1 Z27.880 X123.738 Y88.765 E1085.80192
;LAYER_CHANGE
;Z:28.08
;HEIGHT:0.200001
G1 Z27.880 F600
G1 F6052
G1 Z27.880 X124.002 Y88.377 E1085.8178
G1 Z27.882 X124.763 Y87.395 E1085.85985
G1 Z27.883 X125.585 Y86.463 E1085.9019
G1 Z27.884 X126.463 Y85.585 E1085.94395
G1 Z27.885 X127.395 Y84.763 E1085.986
G1 Z27.886 X128.377 Y84.002 E1086.02805
G1 Z27.887 X129.404 Y83.304 E1086.0701
G1 Z27.888 X130.473 Y82.671 E1086.11215
G1 Z27.889 X131.58 Y82.107 E1086.1542
G1 Z27.891 X132.72 Y81.614 E1086.19625
G1 Z27.892 X133.889 Y81.193 E1086.2383
G1 Z27.893 X135.082 Y80.846 E1086.28035
G1 Z27.894 X136.295 Y80.575 E1086.3224
G1 Z27.895 X137.522 Y80.381 E1086.36445
G1 Z27.896 X138.758 Y80.264 E1086.4065
G1 Z27.897 X140.004 Y80.225 E1086.44867
G1 Z27.915 X159.475 Y80.225 E1087.10776
G1 Z27.924 X159.475 Y90.225 E1087.44624
G1 Z27.925 X160.525 Y90.225 E1087.48178
G1 Z27.934 X160.525 Y80.225 E1087.82027
G1 Z27.951 X179.775 Y80.225 E1088.47186
G1 Z27.969 X179.775 Y99.475 E1089.12345
G1 Z27.978 X169.775 Y99.475 E1089.46194
G1 Z27.979 X169.775 Y100.525 E1089.49748
G1 Z27.988 X179.775 Y100.525 E1089.83597
G1 Z28.005 X179.775 Y119.775 E1090.48756
G1 Z28.041 X140.004 Y119.775 E1091.83377
G1 Z28.042 X138.758 Y119.736 E1091.87595
G1 Z28.043 X137.522 Y119.619 E1091.918
G1 Z28.044 X136.295 Y119.425 E1091.96005
G1 Z28.046 X135.082 Y119.154 E1092.0021
G1 Z28.047 X133.889 Y118.807 E1092.04415
G1 Z28.048 X132.72 Y118.386 E1092.0862
G1 Z28.049 X131.58 Y117.893 E1092.12825
G1 Z28.050 X130.473 Y117.329 E1092.1703
G1 Z28.051 X129.404 Y116.696 E1092.21235
G1 Z28.052 X128.377 Y115.998 E1092.2544
G1 Z28.053 X127.395 Y115.237 E1092.29645
G1 Z28.055 X126.463 Y114.415 E1092.3385
G1 Z28.056 X125.585 Y113.537 E1092.38055
G1 Z28.057 X124.763 Y112.605 E1092.4226
G1 Z28.058 X124.002 Y111.623 E1092.46465
G1 Z28.059 X123.304 Y110.596 E1092.5067
G1 Z28.060 X122.671 Y109.527 E1092.54875
G1 Z28.061 X122.107 Y108.42 E1092.5908
G1 Z28.062 X121.614 Y107.28 E1092.63285
G1 Z28.064 X121.193 Y106.111 E1092.6749
G1 Z28.065 X120.846 Y104.918 E1092.71695
G1 Z28.066 X120.575 Y103.705 E1092.759
G1 Z28.067 X120.381 Y102.478 E1092.80104
G1 Z28.068 X120.264 Y101.242 E1092.8431
G1 Z28.069 X120.225 Y100 E1092.88515
G1 Z28.070 X120.264 Y98.758 E1092.9272
G1 Z28.071 X120.381 Y97.522 E1092.96925
G1 Z28.073 X120.575 Y96.295 E1093.0113
G1 Z28.074 X120.846 Y95.082 E1093.05335
G1 Z28.075 X121.193 Y93.889 E1093.0954
G1 Z28.076 X121.614 Y92.72 E1093.13745
G1 Z28.077 X122.107 Y91.58 E1093.1795
G1 Z28.078 X122.671 Y90.473 E1093.22155
G1 Z28.079 X123.304 Y89.404 E1093.2636
G1 Z28.080 X123.738 Y88.765 E1093.28977
;LAYER_CHANGE
;Z:28.28
;HEIGHT:0.200001
G1 Z28.080 F600
G1 F6052
G1 Z28.080 X124.002 Y88.377 E1093.30565
G1 Z28.082 X124.763 Y87.395 E1093.3477
G1 Z28.083 X125.585 Y86.463 E1093.38975
G1 Z28.084 X126.463 Y85.585 E1093.4318
G1 Z28.085 X127.395 Y84.763 E1093.47384
G1 Z28.086 X128.377 Y84.002 E1093.5159
G1 Z28.087 X129.404 Y83.304 E1093.55795
G1 Z28.088 X130.473 Y82.671 E1093.59999
G1 Z28.089 X131.58 Y82.107 E1093.64205
G1 Z28.091 X132.72 Y81.614 E1093.68409
G1 Z28.092 X133.889 Y81.193 E1093.72615
G1 Z28.093 X135.082 Y80.846 E1093.76819
G1 Z28.094 X136.295 Y80.575 E1093.81025
G1 Z28.095 X137.522 Y80.381 E1093.85229
G1 Z28.096 X138.758 Y80.264 E1093.89435
G1 Z28.097 X140.004 Y80.225 E1093.93652
G1 Z28.115 X159.475 Y80.225 E1094.5956
G1 Z28.124 X159.475 Y90.225 E1094.93409
G1 Z28.125 X160.525 Y90.225 E1094.96963
G1 Z28.134 X160.525 Y80.225 E1095.30812
G1 Z28.151 X179.775 Y80.225 E1095.95971
G1 Z28.169 X179.775 Y99.475 E1096.6113
G1 Z28.178 X169.775 Y99.475 E1096.94979
G1 Z28.179 X169.775 Y100.525 E1096.98533
G1 Z28.188 X179.775 Y100.525 E1097.32381
G1 Z28.205 X179.775 Y119.775 E1097.9754
G1 Z28.241 X140.004 Y119.775 E1099.32162
G1 Z28.242 X138.758 Y119.736 E1099.36379
G1 Z28.243 X137.522 Y119.619 E1099.40584
G1 Z28.244 X136.295 Y119.425 E1099.44789
G1 Z28.246 X135.082 Y119.154 E1099.48994
G1 Z28.247 X133.889 Y118.807 E1099.53199
G1 Z28.248 X132.72 Y118.386 E1099.57404
G1 Z28.249 X131.58 Y117.893 E1099.61609
G1 Z28.250 X130.473 Y117.329 E1099.65814
G1 Z28.251 X129.404 Y116.696 E1099.70019
G1 Z28.252 X128.377 Y115.998 E1099.74224
G1 Z28.253 X127.395 Y115.237 E1099.78429
G1 Z28.255 X126.463 Y114.415 E1099.82634
G1 Z28.256 X125.585 Y113.537 E1099.86839
G1 Z28.257 X124.763 Y112.605 E1099.91044
G1 Z28.258 X124.002 Y111.623 E1099.95249
G1 Z28.259 X123.304 Y110.596 E1099.99454
G1 Z28.260 X122.671 Y109.527 E1100.03659
G1 Z28.261 X122.107 Y108.42 E1100.07864
G1 Z28.262 X121.614 Y107.28 E1100.12069
G1 Z28.264 X121.193 Y106.111 E1100.16274
G1 Z28.265 X120.846 Y104.918 E1100.20479
G1 Z28.266 X120.575 Y103.705 E1100.24684
G1 Z28.267 X120.381 Y102.478 E1100.28889
G1 Z28.268 X120.264 Y101.242 E1100.33094
G1 Z28.269 X120.225 Y100 E1100.37299
G1 Z28.270 X120.264 Y98.758 E1100.41504
G1 Z28.271 X120.381 Y97.522 E1100.45709
G1 Z28.273 X120.575 Y96.295 E1100.49914
G1 Z28.274 X120.846 Y95.082 E1100.54119
G1 Z28.275 X121.193 Y93.889 E1100.58324
G1 Z28.276 X121.614 Y92.72 E1100.62529
G1 Z28.277 X122.107 Y91.58 E1100.66734
G1 Z28.278 X122.671 Y90.473 E1100.70939
G1 Z28.279 X123.304 Y89.404 E1100.75144
G1 Z28.280 X123.738 Y88.765 E1100.77762
;LAYER_CHANGE
;Z:28.48
;HEIGHT:0.199999
G1 Z28.280 F600
G1 F6052
G1 Z28.280 X124.002 Y88.377 E1100.79349
G1 Z28.282 X124.763 Y87.395 E1100.83554
G1 Z28.283 X125.585 Y86.463 E1100.87759
G1 Z28.284 X126.463 Y85.585 E1100.91964
G1 Z28.285 X127.395 Y84.763 E1100.96169
G1 Z28.286 X128.377 Y84.002 E1101.00374
G1 Z28.287 X129.404 Y83.304 E1101.04579
G1 Z28.288 X130.473 Y82.671 E1101.08784
G1 Z28.289 X131.58 Y82.107 E1101.12989
G1 Z28.291 X132.72 Y81.614 E1101.17194
G1 Z28.292 X133.889 Y81.193 E1101.21399
G1 Z28.293 X135.082 Y80.846 E1101.25604
G1 Z28.294 X136.295 Y80.575 E1101.29809
G1 Z28.295 X137.522 Y80.381 E1101.34014
G1 Z28.296 X138.758 Y80.264 E1101.38219
G1 Z28.297 X140.004 Y80.225 E1101.42436
G1 Z28.315 X159.475 Y80.225 E1102.08345
G1 Z28.324 X159.475 Y90.225 E1102.42193
G1 Z28.325 X160.525 Y90.225 E1102.45748
G1 Z28.334 X160.525 Y80.225 E1102.79596
G1 Z28.351 X179.775 Y80.225 E1103.44755
G1 Z28.369 X179.775 Y99.475 E1104.09914
G1 Z28.378 X169.775 Y99.475 E1104.43763
G1 Z28.379 X169.775 Y100.525 E1104.47317
G1 Z28.388 X179.775 Y100.525 E1104.81166
G1 Z28.405 X179.775 Y119.775 E1105.46325
G1 Z28.441 X140.004 Y119.775 E1106.80947
G1 Z28.442 X138.758 Y119.736 E1106.85164
G1 Z28.443 X137.522 Y119.619 E1106.89369
G1 Z28.444 X136.295 Y119.425 E1106.93574
G1 Z28.446 X135.082 Y119.154 E1106.97779
G1 Z28.447 X133.889 Y118.807 E1107.01984
G1 Z28.448 X132.72 Y118.386 E1107.06189
G1 Z28.449 X131.58 Y117.893 E1107.10394
G1 Z28.450 X130.473 Y117.329 E1107.14599
G1 Z28.451 X129.404 Y116.696 E1107.18804
G1 Z28.452 X128.377 Y115.998 E1107.23009
G1 Z28.453 X127.395 Y115.237 E1107.27214
G1 Z28.455 X126.463 Y114.415 E1107.31419
G1 Z28.456 X125.585 Y113.537 E1107.35624
G1 Z28.457 X124.763 Y112.605 E1107.39829
G1 Z28.458 X124.002 Y111.623 E1107.44034
G1 Z28.459 X123.304 Y110.596 E1107.48239
G1 Z28.460 X122.671 Y109.527 E1107.52444
G1 Z28.461 X122.107 Y108.42 E1107.56649
G1 Z28.462 X121.614 Y107.28 E1107.60854
G1 Z28.464 X121.193 Y106.111 E1107.65059
G1 Z28.465 X120.846 Y104.918 E1107.69264
G1 Z28.466 X120.575 Y103.705 E1107.73469
G1 Z28.467 X120.381 Y102.478 E1107.77674
G1 Z28.468 X120.264 Y101.242 E1107.81879
G1 Z28.469 X120.225 Y100 E1107.86084
G1 Z28.470 X120.264 Y98.758 E1107.90289
G1 Z28.471 X120.381 Y97.522 E1107.94494
G1 Z28.473 X120.575 Y96.295 E1107.98699
G1 Z28.474 X120.846 Y95.082 E1108.02904
G1 Z28.475 X121.193 Y93.889 E1108.07109
G1 Z28.476 X121.614 Y92.72 E1108.11314
G1 Z28.477 X122.107 Y91.58 E1108.15519
G1 Z28.478 X122.671 Y90.473 E1108.19724
G1 Z28.479 X123.304 Y89.404 E1108.23929
G1 Z28.480 X123.738 Y88.765 E1108.26546
;LAYER_CHANGE
;Z:28.68
;HEIGHT:0.200001
G1 Z28.480 F600
G1 F6052
G1 Z28.480 X124.002 Y88.377 E1108.28134
G1 Z28.482 X124.763 Y87.395 E1108.32339
G1 Z28.483 X125.585 Y86.463 E1108.36544
G1 Z28.484 X126.463 Y85.585 E1108.40749
G1 Z28.485 X127.395 Y84.763 E1108.44954
G1 Z28.486 X128.377 Y84.002 E1108.49159
G1 Z28.487 X129.404 Y83.304 E1108.53364
G1 Z28.488 X130.473 Y82.671 E1108.57569
G1 Z28.489 X131.58 Y82.107 E1108.61774
G1 Z28.491 X132.72 Y81.614 E1108.65979
G1 Z28.492 X133.889 Y81.193 E1108.70184
G1 Z28.493 X135.082 Y80.846 E1108.74389
G1 Z28.494 X136.295 Y80.575 E1108.78594
G1 Z28.495 X137.522 Y80.381 E1108.82799
G1 Z28.496 X138.758 Y80.264 E1108.87004
G1 Z28.497 X140.004 Y80.225 E1108.91221
G1 Z28.515 X159.475 Y80.225 E1109.57129
G1 Z28.524 X159.475 Y90.225 E1109.90978
G1 Z28.525 X160.525 Y90.225 E1109.94532
G1 Z28.534 X160.525 Y80.225 E1110.28381
G1 Z28.551 X179.775 Y80.225 E1110.9354
G1 Z28.569 X179.775 Y99.475 E1111.58699
G1 Z28.578 X169.775 Y99.475 E1111.92548
G1 Z28.579 X169.775 Y100.525 E1111.96102
G1 Z28.588 X179.775 Y100.525 E1112.29951
G1 Z28.605 X179.775 Y119.775 E1112.9511
G1 Z28.641 X140.004 Y119.775 E1114.29731
G1 Z28.642 X138.758 Y119.736 E1114.33948
G1 Z28.643 X137.522 Y119.619 E1114.38153
G1 Z28.644 X136.295 Y119.425 E1114.42358
G1 Z28.646 X135.082 Y119.154 E1114.46563
G1 Z28.647 X133.889 Y118.807 E1114.50768
G1 Z28.648 X132.72 Y118.386 E1114.54973
G1 Z28.649 X131.58 Y117.893 E1114.59178
G1 Z28.650 X130.473 Y117.329 E1114.63383
G1 Z28.651 X129.404 Y116.696 E1114.67588
G1 Z28.652 X128.377 Y115.998 E1114.71793
G1 Z28.653 X127.395 Y115.237 E1114.75998
G1 Z28.655 X126.463 Y114.415 E1114.80203
G1 Z28.656 X125.585 Y113.537 E1114.84408
G1 Z28.657 X124.763 Y112.605 E1114.88613
G1 Z28.658 X124.056 Y111.694 E1114.92516
G1 Z28.659 X123.303 Y110.596 E1114.97024
G1 Z28.660 X122.671 Y109.527 E1115.01228
G1 Z28.661 X122.107 Y108.42 E1115.05433
G1 Z28.662 X121.614 Y107.28 E1115.09638
G1 Z28.664 X121.193 Y106.111 E1115.13843
G1 Z28.665 X120.846 Y104.918 E1115.18048
G1 Z28.666 X120.575 Y103.705 E1115.22253
G1 Z28.667 X120.381 Y102.478 E1115.26458
G1 Z28.668 X120.264 Y101.242 E1115.30663
G1 Z28.669 X120.225 Y100 E1115.34868
G1 Z28.670 X120.264 Y98.758 E1115.39073
G1 Z28.671 X120.381 Y97.522 E1115.43278
G1 Z28.673 X120.575 Y96.295 E1115.47483
G1 Z28.674 X120.846 Y95.082 E1115.51688
G1 Z28.675 X121.193 Y93.889 E1115.55893
G1 Z28.676 X121.584 Y92.804 E1115.59796
G1 Z28.677 X122.107 Y91.58 E1115.64304
G1 Z28.678 X122.671 Y90.473 E1115.68507
G1 Z28.679 X123.304 Y89.404 E1115.72712
G1 Z28.680 X123.738 Y88.765 E1115.75329
;LAYER_CHANGE
;Z:28.88
;HEIGHT:0.199999
G1 Z28.680 F600
G1 F6052
G1 Z28.680 X124.002 Y88.377 E1115.76917
G1 Z28.682 X124.763 Y87.395 E1115.81122
G1 Z28.683 X125.585 Y86.463 E1115.85327
G1 Z28.684 X126.463 Y85.585 E1115.89532
G1 Z28.685 X127.395 Y84.763 E1115.93737
G1 Z28.686 X128.377 Y84.002 E1115.97942
G1 Z28.687 X129.404 Y83.304 E1116.02147
G1 Z28.688 X130.473 Y82.671 E1116.06352
G1 Z28.689 X131.58 Y82.107 E1116.10557
G1 Z28.691 X132.72 Y81.614 E1116.14762
G1 Z28.692 X133.889 Y81.193 E1116.18967
G1 Z28.693 X135.082 Y80.846 E1116.23172
G1 Z28.694 X136.295 Y80.575 E1116.27377
G1 Z28.695 X137.522 Y80.381 E1116.31582
G1 Z28.696 X138.758 Y80.264 E1116.35787
G1 Z28.697 X140.004 Y80.225 E1116.40004
G1 Z28.715 X159.475 Y80.225 E1117.05913
G1 Z28.724 X159.475 Y90.225 E1117.39761
G1 Z28.725 X160.525 Y90.225 E1117.43315
G1 Z28.734 X160.525 Y80.225 E1117.77164
G1 Z28.751 X179.775 Y80.225 E1118.42323
G1 Z28.769 X179.775 Y99.475 E1119.07482
G1 Z28.778 X169.775 Y99.475 E1119.41331
G1 Z28.779 X169.775 Y100.525 E1119.44885
G1 Z28.788 X179.775 Y100.525 E1119.78734
G1 Z28.805 X179.775 Y119.775 E1120.43893
G1 Z28.841 X140.004 Y119.775 E1121.78514
G1 Z28.842 X138.758 Y119.736 E1121.82732
G1 Z28.843 X137.522 Y119.619 E1121.86937
G1 Z28.844 X136.295 Y119.425 E1121.91142
G1 Z28.846 X135.082 Y119.154 E1121.95347
G1 Z28.847 X133.889 Y118.807 E1121.99552
G1 Z28.848 X132.72 Y118.386 E1122.03757
G1 Z28.849 X131.58 Y117.893 E1122.07962
G1 Z28.850 X130.473 Y117.329 E1122.12167
G1 Z28.851 X129.404 Y116.696 E1122.16372
G1 Z28.852 X128.377 Y115.998 E1122.20577
G1 Z28.853 X127.395 Y115.237 E1122.24782
G1 Z28.855 X126.463 Y114.415 E1122.28987
G1 Z28.856 X125.585 Y113.537 E1122.33192
G1 Z28.857 X124.763 Y112.605 E1122.37396
G1 Z28.858 X124.002 Y111.623 E1122.41602
G1 Z28.859 X123.304 Y110.596 E1122.45807
G1 Z28.860 X122.671 Y109.527 E1122.50012
G1 Z28.861 X122.107 Y108.42 E1122.54217
G1 Z28.862 X121.614 Y107.28 E1122.58422
G1 Z28.864 X121.193 Y106.111 E1122.62627
G1 Z28.865 X120.846 Y104.918 E1122.66831
G1 Z28.866 X120.575 Y103.705 E1122.71037
G1 Z28.867 X120.381 Y102.478 E1122.75241
G1 Z28.868 X120.264 Y101.242 E1122.79447
G1 Z28.869 X120.225 Y100 E1122.83652
G1 Z28.870 X120.264 Y98.758 E1122.87857
G1 Z28.871 X120.381 Y97.522 E1122.92062
G1 Z28.873 X120.575 Y96.295 E1122.96267
G1 Z28.874 X120.846 Y95.082 E1123.00472
G1 Z28.875 X121.193 Y93.889 E1123.04676
G1 Z28.876 X121.594 Y92.776 E1123.08681
G1 Z28.877 X122.107 Y91.58 E1123.13087
G1 Z28.878 X122.671 Y90.473 E1123.17291
G1 Z28.879 X123.304 Y89.404 E1123.21496
G1 Z28.880 X123.738 Y88.765 E1123.24114
;LAYER_CHANGE
;Z:29.08
;HEIGHT:0.200001
G1 Z28.880 F600
G1 F6052
G1 Z28.880 X124.002 Y88.377 E1123.25701
G1 Z28.882 X124.763 Y87.395 E1123.29906
G1 Z28.883 X125.585 Y86.463 E1123.34111
G1 Z28.884 X126.463 Y85.585 E1123.38316
G1 Z28.885 X127.395 Y84.763 E1123.42521
G1 Z28.886 X128.377 Y84.002 E1123.46726
G1 Z28.887 X129.404 Y83.304 E1123.50931
G1 Z28.888 X130.473 Y82.671 E1123.55136
G1 Z28.889 X131.58 Y82.107 E1123.59341
G1 Z28.891 X132.72 Y81.614 E1123.63546
G1 Z28.892 X133.889 Y81.193 E1123.67751
G1 Z28.893 X135.082 Y80.846 E1123.71956
G1 Z28.894 X136.295 Y80.575 E1123.76161
G1 Z28.895 X137.522 Y80.381 E1123.80366
G1 Z28.896 X138.758 Y80.264 E1123.84571
G1 Z28.897 X140.004 Y80.225 E1123.88788
G1 Z28.915 X159.475 Y80.225 E1124.54697
G1 Z28.924 X159.475 Y90.225 E1124.88545
G1 Z28.925 X160.525 Y90.225 E1124.921
G1 Z28.934 X160.525 Y80.225 E1125.25948
G1 Z28.951 X179.775 Y80.225 E1125.91107
G1 Z28.969 X179.775 Y99.475 E1126.56266
G1 Z28.978 X169.775 Y99.475 E1126.90115
G1 Z28.979 X169.775 Y100.525 E1126.93669
G1 Z28.988 X179.775 Y100.525 E1127.27518
G1 Z29.005 X179.775 Y119.775 E1127.92677
G1 Z29.041 X140.004 Y119.775 E1129.27299
G1 Z29.042 X138.758 Y119.736 E1129.31516
G1 Z29.043 X137.522 Y119.619 E1129.35721
G1 Z29.044 X136.295 Y119.425 E1129.39926
G1 Z29.046 X135.082 Y119.154 E1129.44131
G1 Z29.047 X133.889 Y118.807 E1129.48336
G1 Z29.048 X132.72 Y118.386 E1129.52541
G1 Z29.049 X131.58 Y117.893 E1129.56746
G1 Z29.050 X130.473 Y117.329 E1129.60951
G1 Z29.051 X129.404 Y116.696 E1129.65156
G1 Z29.052 X128.377 Y115.998 E1129.69361
G1 Z29.053 X127.395 Y115.237 E1129.73566
G1 Z29.055 X126.463 Y114.415 E1129.77771
G1 Z29.056 X125.585 Y113.537 E1129.81976
G1 Z29.057 X124.763 Y112.605 E1129.86181
G1 Z29.058 X124.02 Y111.647 E1129.90286
G1 Z29.059 X123.303 Y110.596 E1129.94591
G1 Z29.060 X122.671 Y109.527 E1129.98795
G1 Z29.061 X122.107 Y108.42 E1130.03001
G1 Z29.062 X121.614 Y107.28 E1130.07205
G1 Z29.064 X121.193 Y106.111 E1130.11411
G1 Z29.065 X120.846 Y104.918 E1130.15615
G1 Z29.066 X120.575 Y103.705 E1130.1982
G1 Z29.067 X120.381 Y102.478 E1130.24025
G1 Z29.068 X120.264 Y101.242 E1130.2823
G1 Z29.069 X120.225 Y100 E1130.32435
G1 Z29.070 X120.264 Y98.758 E1130.3664
G1 Z29.071 X120.381 Y97.522 E1130.40846
G1 Z29.073 X120.575 Y96.295 E1130.4505
G1 Z29.074 X120.846 Y95.082 E1130.49256
G1 Z29.075 X121.193 Y93.889 E1130.5346
G1 Z29.076 X121.614 Y92.72 E1130.57665
G1 Z29.077 X122.107 Y91.58 E1130.6187
G1 Z29.078 X122.671 Y90.473 E1130.66076
G1 Z29.079 X123.304 Y89.404 E1130.7028
G1 Z29.080 X123.738 Y88.765 E1130.72898
;LAYER_CHANGE
;Z:29.28
;HEIGHT:0.200001
G1 Z29.080 F600
G1 F6052
G1 Z29.080 X124.002 Y88.377 E1130.74485
G1 Z29.082 X124.764 Y87.396 E1130.7869
G1 Z29.083 X125.585 Y86.464 E1130.82895
G1 Z29.084 X126.464 Y85.585 E1130.871
G1 Z29.085 X127.396 Y84.764 E1130.91305
G1 Z29.086 X128.377 Y84.002 E1130.9551
G1 Z29.087 X129.405 Y83.304 E1130.99714
G1 Z29.088 X130.474 Y82.672 E1131.03919
G1 Z29.089 X131.581 Y82.108 E1131.08124
G1 Z29.091 X132.726 Y81.613 E1131.12348
G1 Z29.092 X133.889 Y81.194 E1131.16534
G1 Z29.093 X135.082 Y80.847 E1131.20738
G1 Z29.094 X136.295 Y80.576 E1131.24943
G1 Z29.095 X137.522 Y80.382 E1131.29148
G1 Z29.096 X138.758 Y80.265 E1131.33353
G1 Z29.097 X140.004 Y80.226 E1131.3757
G1 Z29.115 X159.475 Y80.226 E1132.03478
G1 Z29.124 X159.475 Y90.225 E1132.37324
G1 Z29.125 X160.525 Y90.225 E1132.40879
G1 Z29.134 X160.525 Y80.226 E1132.74725
G1 Z29.151 X179.774 Y80.226 E1133.39881
G1 Z29.169 X179.774 Y99.475 E1134.05037
G1 Z29.178 X169.775 Y99.475 E1134.38883
G1 Z29.179 X169.775 Y100.525 E1134.42437
G1 Z29.188 X179.774 Y100.525 E1134.76284
G1 Z29.205 X179.774 Y119.774 E1135.4144
G1 Z29.241 X140.004 Y119.774 E1136.76059
G1 Z29.242 X138.753 Y119.735 E1136.80294
G1 Z29.243 X137.522 Y119.618 E1136.8448
G1 Z29.244 X136.295 Y119.424 E1136.88685
G1 Z29.246 X135.082 Y119.153 E1136.9289
G1 Z29.247 X133.889 Y118.806 E1136.97095
G1 Z29.248 X132.721 Y118.385 E1137.013
G1 Z29.249 X131.581 Y117.892 E1137.05504
G1 Z29.250 X130.474 Y117.328 E1137.09709
G1 Z29.251 X129.405 Y116.696 E1137.13914
G1 Z29.252 X128.373 Y115.994 E1137.18138
G1 Z29.253 X127.396 Y115.236 E1137.22324
G1 Z29.255 X126.464 Y114.415 E1137.26529
G1 Z29.256 X125.585 Y113.536 E1137.30733
G1 Z29.257 X124.764 Y112.604 E1137.34938
G1 Z29.258 X124.002 Y111.623 E1137.39143
G1 Z29.259 X123.304 Y110.595 E1137.43348
G1 Z29.260 X122.672 Y109.526 E1137.47553
G1 Z29.261 X122.108 Y108.419 E1137.51758
G1 Z29.262 X121.613 Y107.274 E1137.55981
G1 Z29.264 X121.194 Y106.111 E1137.60167
G1 Z29.265 X120.847 Y104.918 E1137.64372
G1 Z29.266 X120.576 Y103.705 E1137.68577
G1 Z29.267 X120.382 Y102.478 E1137.72782
G1 Z29.268 X120.265 Y101.236 E1137.77005
G1 Z29.269 X120.226 Y100 E1137.81191
G1 Z29.270 X120.265 Y98.758 E1137.85396
G1 Z29.271 X120.382 Y97.522 E1137.89601
G1 Z29.273 X120.576 Y96.295 E1137.93806
G1 Z29.274 X120.847 Y95.082 E1137.98011
G1 Z29.275 X121.194 Y93.889 E1138.02215
G1 Z29.276 X121.615 Y92.721 E1138.0642
G1 Z29.277 X122.11 Y91.576 E1138.10644
G1 Z29.278 X122.672 Y90.474 E1138.1483
G1 Z29.279 X123.304 Y89.405 E1138.19035
G1 Z29.280 X123.739 Y88.765 E1138.21652
;LAYER_CHANGE
;Z:29.48
;HEIGHT:0.199999
M593 P1 F65 ; set_input_shaper_ei_65
G1 Z29.280 F600
G1 F6046
G1 Z29.280 X124.037 Y88.402 E1138.23235
G1 Z29.282 X124.797 Y87.423 E1138.27431
G1 Z29.283 X125.617 Y86.493 E1138.31626
G1 Z29.284 X126.493 Y85.617 E1138.35822
G1 Z29.285 X127.423 Y84.797 E1138.40018
G1 Z29.286 X128.402 Y84.037 E1138.44213
G1 Z29.287 X129.428 Y83.341 E1138.48409
G1 Z29.287 X129.687 Y83.187 E1138.49428
G1 Z29.288 X130.494 Y82.71 E1138.52605
G1 Z29.289 X131.599 Y82.147 E1138.568
G1 Z29.291 X132.737 Y81.655 E1138.60996
G1 Z29.292 X133.903 Y81.235 E1138.65192
G1 Z29.293 X135.093 Y80.889 E1138.69387
G1 Z29.294 X136.303 Y80.618 E1138.73583
G1 Z29.295 X137.527 Y80.425 E1138.77779
G1 Z29.296 X138.761 Y80.308 E1138.81975
G1 Z29.297 X140.004 Y80.269 E1138.86182
G1 Z29.315 X159.475 Y80.269 E1139.52091
G1 Z29.324 X159.475 Y90.225 E1139.85791
G1 Z29.325 X160.525 Y90.225 E1139.89345
G1 Z29.334 X160.525 Y80.269 E1140.23046
G1 Z29.351 X179.731 Y80.269 E1140.88056
G1 Z29.369 X179.731 Y99.475 E1141.53067
G1 Z29.378 X169.775 Y99.475 E1141.86767
G1 Z29.379 X169.775 Y100.525 E1141.90322
G1 Z29.388 X179.731 Y100.525 E1142.24022
G1 Z29.405 X179.731 Y119.731 E1142.89033
G1 Z29.441 X140.004 Y119.731 E1144.23506
G1 Z29.442 X138.761 Y119.692 E1144.27714
G1 Z29.443 X137.527 Y119.575 E1144.31909
G1 Z29.444 X136.303 Y119.382 E1144.36105
G1 Z29.446 X135.093 Y119.111 E1144.40301
G1 Z29.447 X133.903 Y118.765 E1144.44496
G1 Z29.448 X132.737 Y118.345 E1144.48692
G1 Z29.449 X131.599 Y117.853 E1144.52888
G1 Z29.450 X130.494 Y117.29 E1144.57083
G1 Z29.451 X129.428 Y116.659 E1144.61279
G1 Z29.452 X128.402 Y115.963 E1144.65475
G1 Z29.453 X127.423 Y115.203 E1144.6967
G1 Z29.455 X126.493 Y114.383 E1144.73866
G1 Z29.456 X125.617 Y113.507 E1144.78062
G1 Z29.457 X124.797 Y112.577 E1144.82257
G1 Z29.458 X124.037 Y111.598 E1144.86453
G1 Z29.459 X123.341 Y110.572 E1144.90649
G1 Z29.460 X122.71 Y109.506 E1144.94845
G1 Z29.461 X122.147 Y108.401 E1144.9904
G1 Z29.462 X121.655 Y107.263 E1145.03236
G1 Z29.464 X121.235 Y106.097 E1145.07432
G1 Z29.465 X120.889 Y104.907 E1145.11627
G1 Z29.466 X120.618 Y103.697 E1145.15823
G1 Z29.467 X120.425 Y102.473 E1145.20019
G1 Z29.468 X120.308 Y101.239 E1145.24214
G1 Z29.469 X120.269 Y100 E1145.2841
G1 Z29.470 X120.308 Y98.761 E1145.32606
G1 Z29.471 X120.425 Y97.527 E1145.36801
G1 Z29.473 X120.618 Y96.303 E1145.40997
G1 Z29.474 X120.889 Y95.093 E1145.45193
G1 Z29.475 X121.235 Y93.903 E1145.49388
G1 Z29.476 X121.655 Y92.737 E1145.53584
G1 Z29.477 X122.147 Y91.599 E1145.5778
G1 Z29.478 X122.71 Y90.494 E1145.61975
G1 Z29.479 X123.341 Y89.428 E1145.66171
G1 Z29.480 X123.774 Y88.789 E1145.68784
;LAYER_CHANGE
;Z:29.68
;HEIGHT:0.200001
G1 Z29.480 F600
G1 F6040
G1 Z29.480 X124.072 Y88.428 E1145.70362
G1 Z29.482 X124.83 Y87.45 E1145.74549
G1 Z29.483 X125.648 Y86.523 E1145.78735
G1 Z29.484 X126.523 Y85.648 E1145.82922
G1 Z29.485 X127.45 Y84.83 E1145.87108
G1 Z29.486 X128.428 Y84.072 E1145.91295
G1 Z29.487 X129.451 Y83.377 E1145.95481
G1 Z29.488 X130.515 Y82.747 E1145.99668
G1 Z29.489 X131.617 Y82.186 E1146.03854
G1 Z29.491 X132.752 Y81.695 E1146.08041
G1 Z29.492 X133.916 Y81.276 E1146.12227
G1 Z29.493 X135.104 Y80.931 E1146.16414
G1 Z29.494 X136.311 Y80.661 E1146.20601
G1 Z29.495 X137.532 Y80.467 E1146.24787
G1 Z29.496 X138.764 Y80.351 E1146.28974
G1 Z29.497 X140.004 Y80.312 E1146.33172
G1 Z29.515 X159.475 Y80.312 E1146.99081
G1 Z29.524 X159.475 Y90.225 E1147.32635
G1 Z29.525 X160.525 Y90.225 E1147.3619
G1 Z29.534 X160.525 Y80.312 E1147.69744
G1 Z29.551 X179.688 Y80.312 E1148.34609
G1 Z29.569 X179.688 Y99.475 E1148.99474
G1 Z29.578 X169.775 Y99.475 E1149.33029
G1 Z29.579 X169.775 Y100.525 E1149.36583
G1 Z29.588 X179.688 Y100.525 E1149.70138
G1 Z29.605 X179.688 Y119.688 E1150.35003
G1 Z29.641 X140.004 Y119.688 E1151.69331
G1 Z29.642 X138.764 Y119.649 E1151.73529
G1 Z29.643 X137.532 Y119.533 E1151.77716
G1 Z29.644 X136.311 Y119.339 E1151.81902
G1 Z29.646 X135.104 Y119.069 E1151.86089
G1 Z29.647 X133.916 Y118.724 E1151.90275
G1 Z29.648 X132.752 Y118.305 E1151.94462
G1 Z29.649 X131.617 Y117.814 E1151.98648
G1 Z29.650 X130.515 Y117.253 E1152.02835
G1 Z29.651 X129.451 Y116.623 E1152.07021
G1 Z29.652 X128.428 Y115.928 E1152.11208
G1 Z29.653 X127.45 Y115.17 E1152.15395
G1 Z29.655 X126.523 Y114.352 E1152.19581
G1 Z29.656 X125.648 Y113.477 E1152.23768
G1 Z29.657 X124.83 Y112.55 E1152.27954
G1 Z29.658 X124.072 Y111.572 E1152.32141
G1 Z29.659 X123.377 Y110.549 E1152.36327
G1 Z29.660 X122.747 Y109.485 E1152.40514
G1 Z29.661 X122.186 Y108.383 E1152.447
G1 Z29.662 X121.695 Y107.248 E1152.48887
G1 Z29.664 X121.276 Y106.084 E1152.53073
G1 Z29.665 X120.931 Y104.896 E1152.5726
G1 Z29.666 X120.661 Y103.689 E1152.61446
G1 Z29.667 X120.467 Y102.468 E1152.65633
G1 Z29.668 X120.351 Y101.236 E1152.69819
G1 Z29.669 X120.312 Y100 E1152.74006
G1 Z29.670 X120.351 Y98.764 E1152.78192
G1 Z29.671 X120.467 Y97.532 E1152.82379
G1 Z29.673 X120.661 Y96.311 E1152.86565
G1 Z29.674 X120.931 Y95.104 E1152.90752
G1 Z29.675 X121.276 Y93.916 E1152.94939
G1 Z29.676 X121.695 Y92.752 E1152.99125
G1 Z29.677 X122.186 Y91.617 E1153.03312
G1 Z29.678 X122.747 Y90.515 E1153.07498
G1 Z29.679 X123.377 Y89.451 E1153.11685
G1 Z29.680 X123.81 Y88.813 E1153.14293
;LAYER_CHANGE
;Z:29.88
;HEIGHT:0.199999
G1 Z29.680 F600
G1 F6035
G1 Z29.680 X124.107 Y88.453 E1153.15867
G1 Z29.682 X124.863 Y87.478 E1153.20044
G1 Z29.683 X125.679 Y86.552 E1153.24221
G1 Z29.684 X126.552 Y85.679 E1153.28399
G1 Z29.685 X127.478 Y84.863 E1153.32576
G1 Z29.686 X128.453 Y84.107 E1153.36754
G1 Z29.687 X129.474 Y83.413 E1153.40931
G1 Z29.688 X130.253 Y82.952 E1153.43996
G1 Z29.688 X130.536 Y82.785 E1153.45108
G1 Z29.689 X131.636 Y82.225 E1153.49286
G1 Z29.691 X132.768 Y81.735 E1153.53463
G1 Z29.692 X133.929 Y81.316 E1153.5764
G1 Z29.693 X135.114 Y80.972 E1153.61818
G1 Z29.694 X136.319 Y80.703 E1153.65995
G1 Z29.695 X137.538 Y80.51 E1153.70173
G1 Z29.696 X138.766 Y80.394 E1153.7435
G1 Z29.697 X140.004 Y80.355 E1153.78539
G1 Z29.715 X159.475 Y80.355 E1154.44448
G1 Z29.724 X159.475 Y90.225 E1154.77857
G1 Z29.725 X160.525 Y90.225 E1154.81411
G1 Z29.734 X160.525 Y80.355 E1155.1482
G1 Z29.751 X179.645 Y80.355 E1155.7954
G1 Z29.769 X179.645 Y99.475 E1156.44259
G1 Z29.778 X169.775 Y99.475 E1156.77668
G1 Z29.779 X169.775 Y100.525 E1156.81222
G1 Z29.788 X179.645 Y100.525 E1157.14631
G1 Z29.805 X179.645 Y119.645 E1157.79351
G1 Z29.841 X140.004 Y119.645 E1159.13533
G1 Z29.842 X138.766 Y119.606 E1159.17722
G1 Z29.843 X137.538 Y119.49 E1159.21899
G1 Z29.844 X136.319 Y119.297 E1159.26077
G1 Z29.846 X135.114 Y119.028 E1159.30254
G1 Z29.847 X133.929 Y118.684 E1159.34432
G1 Z29.848 X132.768 Y118.265 E1159.38609
G1 Z29.849 X131.636 Y117.775 E1159.42786
G1 Z29.850 X130.536 Y117.215 E1159.46964
G1 Z29.851 X129.474 Y116.587 E1159.51141
G1 Z29.852 X128.453 Y115.893 E1159.55319
G1 Z29.853 X127.478 Y115.137 E1159.59496
G1 Z29.855 X126.552 Y114.321 E1159.63673
G1 Z29.856 X125.679 Y113.448 E1159.67851
G1 Z29.857 X124.863 Y112.522 E1159.72028
G1 Z29.858 X124.107 Y111.547 E1159.76205
G1 Z29.859 X123.413 Y110.526 E1159.80383
G1 Z29.860 X122.785 Y109.464 E1159.8456
G1 Z29.861 X122.225 Y108.364 E1159.88738
G1 Z29.862 X121.735 Y107.232 E1159.92915
G1 Z29.864 X121.316 Y106.071 E1159.97092
G1 Z29.865 X120.972 Y104.886 E1160.0127
G1 Z29.866 X120.703 Y103.681 E1160.05447
G1 Z29.867 X120.51 Y102.462 E1160.09624
G1 Z29.868 X120.394 Y101.234 E1160.13802
G1 Z29.869 X120.365 Y100.328 E1160.16867
G1 Z29.869 X120.355 Y100 E1160.17979
G1 Z29.870 X120.394 Y98.766 E1160.22157
G1 Z29.871 X120.51 Y97.538 E1160.26334
G1 Z29.873 X120.703 Y96.319 E1160.30511
G1 Z29.874 X120.972 Y95.114 E1160.34689
G1 Z29.875 X121.316 Y93.929 E1160.38866
G1 Z29.876 X121.735 Y92.768 E1160.43043
G1 Z29.877 X122.225 Y91.636 E1160.47221
G1 Z29.878 X122.785 Y90.536 E1160.51398
G1 Z29.879 X123.413 Y89.474 E1160.55576
G1 Z29.880 X123.846 Y88.837 E1160.58179
;LAYER_CHANGE
;Z:30.08
;HEIGHT:0.200001
G1 Z29.880 F600
G1 F6029
G1 Z29.880 X124.142 Y88.478 E1160.59748
G1 Z29.882 X124.878 Y87.529 E1160.63814
G1 Z29.883 X125.711 Y86.581 E1160.68085
G1 Z29.884 X126.582 Y85.711 E1160.72253
G1 Z29.885 X127.482 Y84.916 E1160.76318
G1 Z29.886 X128.478 Y84.142 E1160.8059
G1 Z29.887 X129.497 Y83.449 E1160.84757
G1 Z29.888 X130.557 Y82.823 E1160.88926
G1 Z29.889 X131.654 Y82.264 E1160.93094
G1 Z29.891 X132.784 Y81.775 E1160.97262
G1 Z29.892 X133.943 Y81.357 E1161.0143
G1 Z29.893 X135.125 Y81.014 E1161.05598
G1 Z29.894 X136.327 Y80.745 E1161.09767
G1 Z29.895 X137.543 Y80.553 E1161.13935
G1 Z29.896 X138.769 Y80.437 E1161.18103
G1 Z29.897 X140.004 Y80.398 E1161.22283
G1 Z29.915 X159.475 Y80.398 E1161.88192
G1 Z29.924 X159.475 Y90.225 E1162.21456
G1 Z29.925 X160.525 Y90.225 E1162.2501
G1 Z29.934 X160.525 Y80.398 E1162.58273
G1 Z29.951 X179.602 Y80.398 E1163.22847
G1 Z29.969 X179.602 Y99.475 E1163.8742
G1 Z29.978 X169.775 Y99.475 E1164.20684
G1 Z29.979 X169.775 Y100.525 E1164.24238
G1 Z29.988 X179.602 Y100.525 E1164.57502
G1 Z30.005 X179.602 Y119.602 E1165.22075
G1 Z30.041 X140.004 Y119.602 E1166.56112
G1 Z30.042 X138.769 Y119.563 E1166.60292
G1 Z30.043 X137.543 Y119.447 E1166.6446
G1 Z30.044 X136.327 Y119.255 E1166.68628
G1 Z30.046 X135.125 Y118.986 E1166.72797
G1 Z30.047 X133.943 Y118.643 E1166.76965
G1 Z30.048 X132.784 Y118.225 E1166.81133
G1 Z30.049 X131.654 Y117.736 E1166.85301
G1 Z30.050 X130.557 Y117.177 E1166.89469
G1 Z30.051 X129.497 Y116.551 E1166.93638
G1 Z30.052 X128.478 Y115.858 E1166.97806
G1 Z30.053 X127.529 Y115.122 E1167.01871
G1 Z30.055 X126.581 Y114.289 E1167.06143
G1 Z30.056 X125.711 Y113.418 E1167.1031
G1 Z30.057 X124.896 Y112.495 E1167.14479
G1 Z30.058 X124.142 Y111.522 E1167.18647
G1 Z30.059 X123.449 Y110.503 E1167.22815
G1 Z30.060 X122.823 Y109.443 E1167.26983
G1 Z30.061 X122.264 Y108.346 E1167.31152
G1 Z30.062 X121.775 Y107.216 E1167.3532
G1 Z30.064 X121.357 Y106.057 E1167.39488
G1 Z30.065 X121.014 Y104.875 E1167.43656
G1 Z30.066 X120.745 Y103.673 E1167.47824
G1 Z30.067 X120.553 Y102.457 E1167.51993
G1 Z30.068 X120.437 Y101.231 E1167.56161
G1 Z30.069 X120.399 Y100.03 E1167.60226
G1 Z30.070 X120.437 Y98.769 E1167.64498
G1 Z30.071 X120.553 Y97.543 E1167.68665
G1 Z30.073 X120.745 Y96.327 E1167.72834
G1 Z30.074 X121.014 Y95.125 E1167.77002
G1 Z30.075 X121.357 Y93.943 E1167.8117
G1 Z30.076 X121.775 Y92.784 E1167.85338
G1 Z30.077 X122.264 Y91.654 E1167.89507
G1 Z30.078 X122.823 Y90.557 E1167.93675
G1 Z30.079 X123.449 Y89.497 E1167.97843
G1 Z30.080 X123.881 Y88.862 E1168.00442
;LAYER_CHANGE
;Z:30.28
;HEIGHT:0.200001
G1 Z30.080 F600
G1 F6034
G1 Z30.080 X124.114 Y88.458 E1168.02015
G1 Z30.082 X124.87 Y87.483 E1168.06191
G1 Z30.083 X125.686 Y86.558 E1168.10366
G1 Z30.084 X126.558 Y85.686 E1168.14542
G1 Z30.085 X127.483 Y84.87 E1168.18717
G1 Z30.086 X128.458 Y84.114 E1168.22893
G1 Z30.087 X129.478 Y83.42 E1168.27068
G1 Z30.088 X130.54 Y82.792 E1168.31244
G1 Z30.089 X131.639 Y82.232 E1168.35419
G1 Z30.091 X132.771 Y81.743 E1168.39595
G1 Z30.092 X133.932 Y81.325 E1168.4377
G1 Z30.093 X135.117 Y80.981 E1168.47946
G1 Z30.094 X136.321 Y80.711 E1168.52122
G1 Z30.095 X137.539 Y80.518 E1168.56297
G1 Z30.096 X138.767 Y80.402 E1168.60473
G1 Z30.097 X140.004 Y80.363 E1168.6466
G1 Z30.115 X159.475 Y80.363 E1169.30569
G1 Z30.124 X159.475 Y90.225 E1169.63949
G1 Z30.125 X160.525 Y90.225 E1169.67503
G1 Z30.134 X160.525 Y80.363 E1170.00883
G1 Z30.151 X179.637 Y80.363 E1170.65573
G1 Z30.169 X179.637 Y99.475 E1171.30263
G1 Z30.178 X169.775 Y99.475 E1171.63643
G1 Z30.179 X169.775 Y100.525 E1171.67197
G1 Z30.188 X179.637 Y100.525 E1172.00577
G1 Z30.205 X179.637 Y119.637 E1172.65268
G1 Z30.241 X140.004 Y119.637 E1173.99421
G1 Z30.242 X138.767 Y119.598 E1174.03608
G1 Z30.243 X137.539 Y119.482 E1174.07784
G1 Z30.244 X136.321 Y119.289 E1174.11959
G1 Z30.246 X135.117 Y119.019 E1174.16135
G1 Z30.247 X133.932 Y118.675 E1174.2031
G1 Z30.248 X132.771 Y118.257 E1174.24486
G1 Z30.249 X131.639 Y117.768 E1174.28661
G1 Z30.250 X130.54 Y117.208 E1174.32837
G1 Z30.251 X129.478 Y116.58 E1174.37012
G1 Z30.252 X128.458 Y115.886 E1174.41188
G1 Z30.253 X127.483 Y115.13 E1174.45364
G1 Z30.255 X126.558 Y114.314 E1174.49539
G1 Z30.256 X125.686 Y113.442 E1174.53715
G1 Z30.257 X124.87 Y112.517 E1174.5789
G1 Z30.258 X124.114 Y111.542 E1174.62066
G1 Z30.259 X123.42 Y110.522 E1174.66241
G1 Z30.260 X122.792 Y109.46 E1174.70417
G1 Z30.261 X122.232 Y108.361 E1174.74592
G1 Z30.262 X121.743 Y107.229 E1174.78768
G1 Z30.264 X121.325 Y106.068 E1174.82944
G1 Z30.265 X120.981 Y104.883 E1174.87119
G1 Z30.266 X120.711 Y103.679 E1174.91295
G1 Z30.267 X120.518 Y102.461 E1174.9547
G1 Z30.268 X120.402 Y101.233 E1174.99646
G1 Z30.269 X120.364 Y100 E1175.03821
G1 Z30.270 X120.402 Y98.767 E1175.07997
G1 Z30.271 X120.518 Y97.539 E1175.12172
G1 Z30.273 X120.711 Y96.321 E1175.16348
G1 Z30.274 X120.981 Y95.117 E1175.20524
G1 Z30.275 X121.325 Y93.932 E1175.24699
G1 Z30.276 X121.743 Y92.771 E1175.28875
G1 Z30.277 X122.232 Y91.639 E1175.3305
G1 Z30.278 X122.792 Y90.54 E1175.37226
G1 Z30.279 X123.42 Y89.478 E1175.41401
G1 Z30.280 X123.853 Y88.842 E1175.44004
;LAYER_CHANGE
;Z:30.48
;HEIGHT:0.199999
G1 Z30.280 F600
G1 F6039
G1 Z30.280 X124.079 Y88.433 E1175.45581
G1 Z30.282 X124.837 Y87.456 E1175.49766
G1 Z30.283 X125.654 Y86.529 E1175.53951
G1 Z30.284 X126.529 Y85.654 E1175.58135
G1 Z30.285 X127.456 Y84.837 E1175.6232
G1 Z30.286 X128.433 Y84.079 E1175.66505
G1 Z30.287 X129.455 Y83.384 E1175.70689
G1 Z30.288 X130.519 Y82.755 E1175.74874
G1 Z30.289 X131.621 Y82.194 E1175.79059
G1 Z30.291 X132.756 Y81.703 E1175.83244
G1 Z30.292 X133.919 Y81.284 E1175.87428
G1 Z30.293 X135.106 Y80.939 E1175.91613
G1 Z30.294 X136.312 Y80.669 E1175.95798
G1 Z30.295 X137.534 Y80.476 E1175.99982
G1 Z30.296 X138.764 Y80.359 E1176.04167
G1 Z30.297 X140.004 Y80.32 E1176.08364
G1 Z30.315 X159.475 Y80.32 E1176.74272
G1 Z30.324 X159.475 Y90.225 E1177.07798
G1 Z30.325 X160.525 Y90.225 E1177.11352
G1 Z30.334 X160.525 Y80.32 E1177.44878
G1 Z30.351 X179.68 Y80.32 E1178.09714
G1 Z30.369 X179.68 Y99.475 E1178.7455
G1 Z30.378 X169.775 Y99.475 E1179.08075
G1 Z30.379 X169.775 Y100.525 E1179.11629
G1 Z30.388 X179.68 Y100.525 E1179.45155
G1 Z30.405 X179.68 Y119.68 E1180.09991
G1 Z30.441 X140.004 Y119.68 E1181.44289
G1 Z30.442 X138.764 Y119.641 E1181.48486
G1 Z30.443 X137.534 Y119.524 E1181.52671
G1 Z30.444 X136.312 Y119.331 E1181.56855
G1 Z30.446 X135.106 Y119.061 E1181.6104
G1 Z30.447 X133.919 Y118.716 E1181.65225
G1 Z30.448 X132.756 Y118.297 E1181.6941
G1 Z30.449 X131.621 Y117.806 E1181.73594
G1 Z30.450 X130.519 Y117.245 E1181.77779
G1 Z30.451 X129.455 Y116.616 E1181.81964
G1 Z30.452 X128.433 Y115.921 E1181.86148
G1 Z30.453 X127.456 Y115.163 E1181.90333
G1 Z30.455 X126.529 Y114.346 E1181.94518
G1 Z30.456 X125.654 Y113.471 E1181.98702
G1 Z30.457 X124.837 Y112.544 E1182.02887
G1 Z30.458 X124.079 Y111.567 E1182.07072
G1 Z30.459 X123.384 Y110.545 E1182.11256
G1 Z30.460 X122.755 Y109.481 E1182.15441
G1 Z30.461 X122.194 Y108.379 E1182.19626
G1 Z30.462 X121.703 Y107.244 E1182.23811
G1 Z30.464 X121.284 Y106.081 E1182.27995
G1 Z30.465 X120.939 Y104.894 E1182.3218
G1 Z30.466 X120.669 Y103.688 E1182.36365
G1 Z30.467 X120.476 Y102.466 E1182.40549
G1 Z30.468 X120.359 Y101.236 E1182.44734
G1 Z30.469 X120.321 Y100 E1182.48919
G1 Z30.470 X120.359 Y98.764 E1182.53103
G1 Z30.471 X120.476 Y97.534 E1182.57288
G1 Z30.473 X120.669 Y96.312 E1182.61473
G1 Z30.474 X120.939 Y95.106 E1182.65658
G1 Z30.474 X121.099 Y94.556 E1182.67596
G1 Z30.475 X121.284 Y93.919 E1182.69842
G1 Z30.476 X121.703 Y92.756 E1182.74027
G1 Z30.477 X122.194 Y91.621 E1182.78212
G1 Z30.478 X122.755 Y90.519 E1182.82396
G1 Z30.479 X123.384 Y89.455 E1182.86581
G1 Z30.480 X123.817 Y88.818 E1182.89188
;LAYER_CHANGE
;Z:30.68
;HEIGHT:0.200001
G1 Z30.480 F600
G1 F6045
G1 Z30.480 X124.044 Y88.407 E1182.9077
G1 Z30.482 X124.804 Y87.428 E1182.94964
G1 Z30.483 X125.623 Y86.499 E1182.99158
G1 Z30.484 X126.499 Y85.623 E1183.03352
G1 Z30.485 X127.428 Y84.804 E1183.07546
G1 Z30.486 X128.407 Y84.044 E1183.1174
G1 Z30.487 X129.432 Y83.348 E1183.15933
G1 Z30.488 X130.499 Y82.717 E1183.20127
G1 Z30.489 X131.603 Y82.155 E1183.24321
G1 Z30.491 X132.74 Y81.663 E1183.28515
G1 Z30.492 X133.905 Y81.243 E1183.32709
G1 Z30.493 X135.095 Y80.897 E1183.36903
G1 Z30.494 X136.304 Y80.627 E1183.41097
G1 Z30.495 X137.528 Y80.433 E1183.4529
G1 Z30.496 X138.762 Y80.316 E1183.49484
G1 Z30.497 X140.004 Y80.277 E1183.5369
G1 Z30.515 X159.475 Y80.277 E1184.19599
G1 Z30.524 X159.475 Y90.225 E1184.5327
G1 Z30.525 X160.525 Y90.225 E1184.56824
G1 Z30.534 X160.525 Y80.277 E1184.90495
G1 Z30.551 X179.723 Y80.277 E1185.55477
G1 Z30.569 X179.723 Y99.475 E1186.20458
G1 Z30.578 X169.775 Y99.475 E1186.5413
G1 Z30.579 X169.775 Y100.525 E1186.57684
G1 Z30.588 X179.723 Y100.525 E1186.91355
G1 Z30.605 X179.723 Y119.723 E1187.56337
G1 Z30.641 X140.004 Y119.723 E1188.90781
G1 Z30.642 X138.762 Y119.684 E1188.94987
G1 Z30.643 X137.528 Y119.567 E1188.99181
G1 Z30.644 X136.304 Y119.373 E1189.03374
G1 Z30.646 X135.095 Y119.103 E1189.07568
G1 Z30.647 X133.905 Y118.757 E1189.11762
G1 Z30.648 X132.74 Y118.337 E1189.15956
G1 Z30.649 X131.603 Y117.845 E1189.2015
G1 Z30.650 X130.499 Y117.283 E1189.24344
G1 Z30.651 X129.432 Y116.652 E1189.28537
G1 Z30.652 X128.407 Y115.956 E1189.32731
G1 Z30.653 X127.428 Y115.196 E1189.36925
G1 Z30.655 X126.499 Y114.377 E1189.41119
G1 Z30.656 X125.623 Y113.501 E1189.45313
G1 Z30.657 X124.804 Y112.572 E1189.49507
G1 Z30.658 X124.266 Y111.878 E1189.52477
G1 Z30.658 X124.044 Y111.593 E1189.53701
G1 Z30.659 X123.348 Y110.568 E1189.57894
G1 Z30.660 X122.717 Y109.501 E1189.62088
G1 Z30.661 X122.155 Y108.397 E1189.66282
G1 Z30.662 X121.663 Y107.26 E1189.70476
G1 Z30.664 X121.243 Y106.095 E1189.7467
G1 Z30.665 X120.897 Y104.905 E1189.78864
G1 Z30.666 X120.627 Y103.696 E1189.83058
G1 Z30.667 X120.433 Y102.472 E1189.87251
G1 Z30.668 X120.316 Y101.238 E1189.91445
G1 Z30.669 X120.278 Y100 E1189.95639
G1 Z30.670 X120.316 Y98.762 E1189.99833
G1 Z30.671 X120.433 Y97.528 E1190.04027
G1 Z30.673 X120.627 Y96.304 E1190.08221
G1 Z30.674 X120.897 Y95.095 E1190.12415
G1 Z30.674 X121.142 Y94.252 E1190.15385
G1 Z30.675 X121.243 Y93.905 E1190.16608
G1 Z30.676 X121.663 Y92.74 E1190.20802
G1 Z30.677 X122.155 Y91.603 E1190.24996
G1 Z30.678 X122.717 Y90.499 E1190.2919
G1 Z30.679 X123.348 Y89.432 E1190.33384
G1 Z30.680 X123.782 Y88.794 E1190.35996
;LAYER_CHANGE
;Z:30.88
;HEIGHT:0.199999
G1 Z30.680 F600
G1 F6051
G1 Z30.680 X124.009 Y88.382 E1190.37582
G1 Z30.682 X124.77 Y87.401 E1190.41785
G1 Z30.683 X125.592 Y86.47 E1190.45988
G1 Z30.684 X126.47 Y85.592 E1190.50191
G1 Z30.685 X127.401 Y84.77 E1190.54394
G1 Z30.686 X128.382 Y84.009 E1190.58597
G1 Z30.687 X129.409 Y83.311 E1190.628
G1 Z30.688 X130.478 Y82.679 E1190.67003
G1 Z30.689 X131.584 Y82.116 E1190.71206
G1 Z30.691 X132.724 Y81.623 E1190.75409
G1 Z30.692 X133.892 Y81.202 E1190.79612
G1 Z30.693 X135.085 Y80.855 E1190.83815
G1 Z30.694 X136.296 Y80.585 E1190.88018
G1 Z30.695 X137.523 Y80.39 E1190.92221
G1 Z30.696 X138.759 Y80.274 E1190.96424
G1 Z30.697 X140.004 Y80.234 E1191.00639
G1 Z30.715 X159.475 Y80.234 E1191.66548
G1 Z30.724 X159.475 Y90.225 E1192.00365
G1 Z30.725 X160.525 Y90.225 E1192.03919
G1 Z30.734 X160.525 Y80.234 E1192.37736
G1 Z30.751 X179.766 Y80.234 E1193.02863
G1 Z30.769 X179.766 Y99.475 E1193.6799
G1 Z30.778 X169.775 Y99.475 E1194.01807
G1 Z30.779 X169.775 Y100.525 E1194.05361
G1 Z30.788 X179.766 Y100.525 E1194.39178
G1 Z30.805 X179.766 Y119.766 E1195.04305
G1 Z30.841 X140.004 Y119.766 E1196.38895
G1 Z30.842 X138.759 Y119.726 E1196.4311
G1 Z30.843 X137.523 Y119.61 E1196.47313
G1 Z30.844 X136.296 Y119.415 E1196.51516
G1 Z30.846 X135.085 Y119.145 E1196.55719
G1 Z30.847 X133.892 Y118.798 E1196.59922
G1 Z30.848 X132.724 Y118.377 E1196.64125
G1 Z30.849 X131.584 Y117.884 E1196.68328
G1 Z30.850 X130.478 Y117.321 E1196.72531
G1 Z30.851 X129.409 Y116.689 E1196.76734
G1 Z30.852 X128.382 Y115.991 E1196.80937
G1 Z30.853 X127.401 Y115.23 E1196.8514
G1 Z30.855 X126.47 Y114.408 E1196.89343
G1 Z30.856 X125.592 Y113.53 E1196.93546
G1 Z30.857 X124.77 Y112.599 E1196.97749
G1 Z30.858 X124.05 Y111.67 E1197.0173
G1 Z30.859 X123.311 Y110.591 E1197.06156
G1 Z30.860 X122.679 Y109.522 E1197.10358
G1 Z30.861 X122.116 Y108.416 E1197.14561
G1 Z30.862 X121.623 Y107.276 E1197.18764
G1 Z30.864 X121.202 Y106.108 E1197.22967
G1 Z30.865 X120.855 Y104.915 E1197.2717
G1 Z30.866 X120.585 Y103.704 E1197.31373
G1 Z30.867 X120.39 Y102.477 E1197.35576
G1 Z30.868 X120.274 Y101.241 E1197.39779
G1 Z30.869 X120.235 Y100 E1197.43982
G1 Z30.870 X120.274 Y98.759 E1197.48185
G1 Z30.871 X120.39 Y97.523 E1197.52388
G1 Z30.873 X120.585 Y96.296 E1197.56591
G1 Z30.874 X120.855 Y95.085 E1197.60794
G1 Z30.875 X121.202 Y93.892 E1197.64997
G1 Z30.876 X121.623 Y92.724 E1197.692
G1 Z30.877 X122.116 Y91.584 E1197.73403
G1 Z30.878 X122.679 Y90.478 E1197.77606
G1 Z30.879 X123.311 Y89.409 E1197.81809
G1 Z30.880 X123.746 Y88.77 E1197.84425
;LAYER_CHANGE
;Z:31.08
;HEIGHT:0.200001
G1 Z30.880 F600
G1 F6052
G1 Z30.880 X124.002 Y88.377 E1197.86013
G1 Z30.882 X124.763 Y87.395 E1197.90218
G1 Z30.883 X125.585 Y86.463 E1197.94422
G1 Z30.884 X126.481 Y85.569 E1197.98707
G1 Z30.885 X127.395 Y84.763 E1198.02832
G1 Z30.886 X128.377 Y84.002 E1198.07037
G1 Z30.887 X129.404 Y83.304 E1198.11242
G1 Z30.888 X130.473 Y82.671 E1198.15447
G1 Z30.889 X131.58 Y82.107 E1198.19652
G1 Z30.891 X132.742 Y81.606 E1198.23936
G1 Z30.892 X133.889 Y81.193 E1198.28062
G1 Z30.893 X135.082 Y80.846 E1198.32267
G1 Z30.894 X136.295 Y80.575 E1198.36472
G1 Z30.895 X137.522 Y80.381 E1198.40677
G1 Z30.896 X138.758 Y80.264 E1198.44882
G1 Z30.897 X140.004 Y80.225 E1198.49099
G1 Z30.915 X159.475 Y80.225 E1199.15008
G1 Z30.924 X159.475 Y90.225 E1199.48857
G1 Z30.925 X160.525 Y90.225 E1199.52411
G1 Z30.934 X160.525 Y80.225 E1199.8626
G1 Z30.951 X179.775 Y80.225 E1200.51419
G1 Z30.969 X179.775 Y99.475 E1201.16578
G1 Z30.978 X169.775 Y99.475 E1201.50426
G1 Z30.979 X169.775 Y100.525 E1201.5398
G1 Z30.988 X179.775 Y100.525 E1201.87829
G1 Z31.005 X179.775 Y119.775 E1202.52988
G1 Z31.041 X140.004 Y119.775 E1203.8761
G1 Z31.042 X138.758 Y119.736 E1203.91827
G1 Z31.043 X137.522 Y119.619 E1203.96032
G1 Z31.044 X136.295 Y119.425 E1204.00237
G1 Z31.046 X135.082 Y119.154 E1204.04442
G1 Z31.047 X133.889 Y118.807 E1204.08647
G1 Z31.048 X132.72 Y118.386 E1204.12852
G1 Z31.049 X131.58 Y117.893 E1204.17057
G1 Z31.050 X130.473 Y117.329 E1204.21262
G1 Z31.051 X129.404 Y116.697 E1204.25466
G1 Z31.052 X128.358 Y115.984 E1204.29751
G1 Z31.053 X127.395 Y115.237 E1204.33877
G1 Z31.055 X126.463 Y114.415 E1204.38082
G1 Z31.056 X125.585 Y113.537 E1204.42287
G1 Z31.057 X124.763 Y112.605 E1204.46492
G1 Z31.058 X124.002 Y111.623 E1204.50697
G1 Z31.059 X123.304 Y110.596 E1204.54902
G1 Z31.060 X122.671 Y109.527 E1204.59107
G1 Z31.061 X122.107 Y108.42 E1204.63311
G1 Z31.062 X121.606 Y107.258 E1204.67596
G1 Z31.064 X121.193 Y106.111 E1204.71722
G1 Z31.065 X120.846 Y104.918 E1204.75927
G1 Z31.066 X120.575 Y103.705 E1204.80132
G1 Z31.067 X120.381 Y102.479 E1204.84336
G1 Z31.068 X120.263 Y101.218 E1204.88621
G1 Z31.069 X120.225 Y100 E1204.92746
G1 Z31.070 X120.264 Y98.758 E1204.96951
G1 Z31.071 X120.381 Y97.522 E1205.01156
G1 Z31.073 X120.575 Y96.295 E1205.05361
G1 Z31.074 X120.846 Y95.082 E1205.09566
G1 Z31.075 X121.193 Y93.889 E1205.13771
G1 Z31.076 X121.614 Y92.72 E1205.17976
G1 Z31.077 X122.107 Y91.58 E1205.22181
G1 Z31.078 X122.671 Y90.473 E1205.26386
G1 Z31.079 X123.304 Y89.404 E1205.30591
G1 Z31.080 X123.738 Y88.765 E1205.33209
;LAYER_CHANGE
;Z:31.28
;HEIGHT:0.200001
G1 Z31.080 F600
G1 F6052
G1 Z31.080 X124.002 Y88.377 E1205.34796
G1 Z31.082 X124.763 Y87.395 E1205.39001
G1 Z31.083 X125.585 Y86.463 E1205.43206
G1 Z31.084 X126.463 Y85.585 E1205.47411
G1 Z31.085 X127.395 Y84.763 E1205.51616
G1 Z31.086 X128.377 Y84.002 E1205.55821
G1 Z31.087 X129.404 Y83.304 E1205.60026
G1 Z31.088 X130.473 Y82.671 E1205.64231
G1 Z31.089 X131.58 Y82.107 E1205.68435
G1 Z31.091 X132.771 Y81.596 E1205.72821
G1 Z31.092 X133.889 Y81.193 E1205.76846
G1 Z31.093 X135.082 Y80.846 E1205.81051
G1 Z31.094 X136.295 Y80.575 E1205.85256
G1 Z31.095 X137.522 Y80.381 E1205.89461
G1 Z31.096 X138.758 Y80.264 E1205.93666
G1 Z31.097 X140.004 Y80.225 E1205.97883
G1 Z31.115 X159.475 Y80.225 E1206.63792
G1 Z31.124 X159.475 Y90.225 E1206.9764
G1 Z31.125 X160.525 Y90.225 E1207.01195
G1 Z31.134 X160.525 Y80.225 E1207.35043
G1 Z31.151 X179.775 Y80.225 E1208.00202
G1 Z31.169 X179.775 Y99.475 E1208.65361
G1 Z31.178 X169.775 Y99.475 E1208.9921
G1 Z31.179 X169.775 Y100.525 E1209.02764
G1 Z31.188 X179.775 Y100.525 E1209.36613
G1 Z31.205 X179.775 Y119.775 E1210.01772
G1 Z31.241 X140.004 Y119.775 E1211.36393
G1 Z31.242 X138.705 Y119.731 E1211.40791
G1 Z31.243 X137.522 Y119.619 E1211.44815
G1 Z31.244 X136.295 Y119.425 E1211.4902
G1 Z31.246 X135.082 Y119.154 E1211.53225
G1 Z31.247 X133.889 Y118.807 E1211.57429
G1 Z31.248 X132.671 Y118.365 E1211.61815
G1 Z31.249 X131.58 Y117.893 E1211.6584
G1 Z31.250 X130.473 Y117.329 E1211.70045
G1 Z31.251 X129.404 Y116.696 E1211.7425
G1 Z31.252 X128.377 Y115.998 E1211.78455
G1 Z31.253 X127.395 Y115.237 E1211.8266
G1 Z31.255 X126.463 Y114.415 E1211.86865
G1 Z31.256 X125.585 Y113.537 E1211.9107
G1 Z31.257 X124.763 Y112.605 E1211.95275
G1 Z31.258 X124.002 Y111.623 E1211.9948
G1 Z31.259 X123.304 Y110.596 E1212.03685
G1 Z31.260 X122.671 Y109.527 E1212.0789
G1 Z31.261 X122.107 Y108.42 E1212.12094
G1 Z31.263 X121.596 Y107.229 E1212.1648
G1 Z31.264 X121.193 Y106.111 E1212.20505
G1 Z31.265 X120.846 Y104.918 E1212.2471
G1 Z31.266 X120.575 Y103.705 E1212.28915
G1 Z31.267 X120.381 Y102.478 E1212.3312
G1 Z31.268 X120.264 Y101.242 E1212.37324
G1 Z31.269 X120.225 Y100 E1212.4153
G1 Z31.270 X120.264 Y98.758 E1212.45735
G1 Z31.271 X120.381 Y97.522 E1212.4994
G1 Z31.273 X120.575 Y96.295 E1212.54145
G1 Z31.274 X120.846 Y95.082 E1212.5835
G1 Z31.275 X121.193 Y93.889 E1212.62554
G1 Z31.276 X121.635 Y92.671 E1212.6694
G1 Z31.277 X122.107 Y91.58 E1212.70964
G1 Z31.278 X122.671 Y90.474 E1212.75168
G1 Z31.279 X123.333 Y89.36 E1212.79554
G1 Z31.280 X123.738 Y88.765 E1212.81991
;LAYER_CHANGE
;Z:31.48
;HEIGHT:0.199999
G1 Z31.280 F600
G1 F6052
G1 Z31.280 X124.002 Y88.377 E1212.83579
G1 Z31.282 X124.763 Y87.395 E1212.87784
G1 Z31.283 X125.585 Y86.463 E1212.91989
G1 Z31.284 X126.463 Y85.585 E1212.96194
G1 Z31.285 X127.395 Y84.763 E1213.00399
G1 Z31.286 X128.376 Y84.002 E1213.04602
G1 Z31.287 X129.476 Y83.261 E1213.0909
G1 Z31.288 X130.473 Y82.671 E1213.13013
G1 Z31.289 X131.58 Y82.107 E1213.17218
G1 Z31.291 X132.72 Y81.614 E1213.21423
G1 Z31.292 X133.889 Y81.193 E1213.25628
G1 Z31.293 X135.082 Y80.846 E1213.29833
G1 Z31.294 X136.295 Y80.575 E1213.34038
G1 Z31.295 X137.522 Y80.381 E1213.38243
G1 Z31.296 X138.758 Y80.264 E1213.42448
G1 Z31.297 X140.004 Y80.225 E1213.46665
G1 Z31.315 X159.475 Y80.225 E1214.12574
G1 Z31.324 X159.475 Y90.225 E1214.46423
G1 Z31.325 X160.525 Y90.225 E1214.49977
G1 Z31.334 X160.525 Y80.225 E1214.83826
G1 Z31.351 X179.775 Y80.225 E1215.48985
G1 Z31.369 X179.775 Y99.475 E1216.14144
G1 Z31.378 X169.775 Y99.475 E1216.47992
G1 Z31.379 X169.775 Y100.525 E1216.51546
G1 Z31.388 X179.775 Y100.525 E1216.85395
G1 Z31.405 X179.775 Y119.775 E1217.50554
G1 Z31.441 X140.004 Y119.775 E1218.85176
G1 Z31.442 X138.758 Y119.736 E1218.89393
G1 Z31.443 X137.522 Y119.619 E1218.93598
G1 Z31.444 X136.295 Y119.425 E1218.97803
G1 Z31.446 X135.082 Y119.154 E1219.02008
G1 Z31.447 X133.889 Y118.807 E1219.06213
G1 Z31.448 X132.72 Y118.386 E1219.10418
G1 Z31.449 X131.58 Y117.893 E1219.14623
G1 Z31.450 X130.473 Y117.329 E1219.18828
G1 Z31.451 X129.404 Y116.696 E1219.23033
G1 Z31.452 X128.377 Y115.998 E1219.27238
G1 Z31.453 X127.395 Y115.237 E1219.31443
G1 Z31.455 X126.463 Y114.415 E1219.35648
G1 Z31.456 X125.585 Y113.537 E1219.39853
G1 Z31.457 X124.763 Y112.605 E1219.44058
G1 Z31.458 X124.002 Y111.623 E1219.48263
G1 Z31.459 X123.304 Y110.596 E1219.52468
G1 Z31.460 X122.671 Y109.527 E1219.56673
G1 Z31.461 X122.107 Y108.42 E1219.60878
G1 Z31.462 X121.614 Y107.28 E1219.65083
G1 Z31.464 X121.193 Y106.111 E1219.69288
G1 Z31.465 X120.846 Y104.918 E1219.73493
G1 Z31.466 X120.575 Y103.705 E1219.77698
G1 Z31.467 X120.381 Y102.478 E1219.81903
G1 Z31.468 X120.264 Y101.242 E1219.86108
G1 Z31.469 X120.225 Y100 E1219.90313
G1 Z31.470 X120.264 Y98.758 E1219.94518
G1 Z31.471 X120.381 Y97.522 E1219.98723
G1 Z31.473 X120.575 Y96.295 E1220.02928
G1 Z31.474 X120.846 Y95.082 E1220.07133
G1 Z31.475 X121.193 Y93.889 E1220.11338
G1 Z31.476 X121.614 Y92.72 E1220.15543
G1 Z31.477 X122.107 Y91.58 E1220.19748
G1 Z31.478 X122.671 Y90.473 E1220.23953
G1 Z31.479 X123.304 Y89.404 E1220.28158
G1 Z31.480 X123.738 Y88.765 E1220.30775
;LAYER_CHANGE
;Z:31.68
;HEIGHT:0.200001
G1 Z31.480 F600
G1 F6052
G1 Z31.480 X124.002 Y88.377 E1220.32363
G1 Z31.482 X124.763 Y87.395 E1220.36568
G1 Z31.483 X125.585 Y86.463 E1220.40773
G1 Z31.484 X126.463 Y85.585 E1220.44978
G1 Z31.485 X127.395 Y84.763 E1220.49183
G1 Z31.486 X128.377 Y84.002 E1220.53388
G1 Z31.487 X129.404 Y83.304 E1220.57593
G1 Z31.488 X130.473 Y82.671 E1220.61798
G1 Z31.489 X131.58 Y82.107 E1220.66003
G1 Z31.491 X132.72 Y81.614 E1220.70208
G1 Z31.492 X133.889 Y81.193 E1220.74413
G1 Z31.493 X135.082 Y80.846 E1220.78618
G1 Z31.494 X136.295 Y80.575 E1220.82823
G1 Z31.495 X137.522 Y80.381 E1220.87028
G1 Z31.496 X138.758 Y80.264 E1220.91233
G1 Z31.497 X140.004 Y80.225 E1220.9545
G1 Z31.515 X159.475 Y80.225 E1221.61358
G1 Z31.524 X159.475 Y90.225 E1221.95207
G1 Z31.525 X160.525 Y90.225 E1221.98761
G1 Z31.534 X160.525 Y80.225 E1222.3261
G1 Z31.551 X179.775 Y80.225 E1222.97769
G1 Z31.569 X179.775 Y99.475 E1223.62928
G1 Z31.578 X169.775 Y99.475 E1223.96777
G1 Z31.579 X169.775 Y100.525 E1224.00331
G1 Z31.588 X179.775 Y100.525 E1224.3418
G1 Z31.605 X179.775 Y119.775 E1224.99339
G1 Z31.641 X140.004 Y119.775 E1226.33958
G1 Z31.642 X138.646 Y119.725 E1226.3856
G1 Z31.643 X137.522 Y119.619 E1226.42382
G1 Z31.644 X136.295 Y119.425 E1226.46587
G1 Z31.646 X135.082 Y119.154 E1226.50792
G1 Z31.647 X133.889 Y118.807 E1226.54997
G1 Z31.648 X132.72 Y118.386 E1226.59202
G1 Z31.649 X131.58 Y117.893 E1226.63407
G1 Z31.650 X130.473 Y117.329 E1226.67612
G1 Z31.651 X129.405 Y116.697 E1226.71815
G1 Z31.652 X128.287 Y115.929 E1226.76404
G1 Z31.653 X127.395 Y115.237 E1226.80226
G1 Z31.655 X126.463 Y114.415 E1226.84431
G1 Z31.656 X125.585 Y113.537 E1226.88636
G1 Z31.657 X124.763 Y112.605 E1226.92841
G1 Z31.658 X124.002 Y111.623 E1226.97046
G1 Z31.659 X123.304 Y110.596 E1227.01251
G1 Z31.660 X122.671 Y109.527 E1227.05456
G1 Z31.661 X122.107 Y108.42 E1227.09661
G1 Z31.662 X121.614 Y107.28 E1227.13866
G1 Z31.664 X121.193 Y106.111 E1227.18071
G1 Z31.665 X120.846 Y104.918 E1227.22276
G1 Z31.666 X120.575 Y103.705 E1227.26481
G1 Z31.667 X120.381 Y102.478 E1227.30686
G1 Z31.668 X120.264 Y101.242 E1227.34891
G1 Z31.669 X120.225 Y100 E1227.39096
G1 Z31.670 X120.264 Y98.758 E1227.43301
G1 Z31.671 X120.381 Y97.522 E1227.47506
G1 Z31.673 X120.575 Y96.295 E1227.51711
G1 Z31.674 X120.846 Y95.082 E1227.55916
G1 Z31.675 X121.193 Y93.889 E1227.60121
G1 Z31.676 X121.614 Y92.721 E1227.64324
G1 Z31.677 X122.159 Y91.479 E1227.68913
G1 Z31.678 X122.671 Y90.473 E1227.72735
G1 Z31.679 X123.304 Y89.404 E1227.7694
G1 Z31.680 X123.738 Y88.765 E1227.79558
;LAYER_CHANGE
;Z:31.88
;HEIGHT:0.199999
G1 Z31.680 F600
G1 F6052
G1 Z31.680 X124.002 Y88.377 E1227.81145
G1 Z31.682 X124.763 Y87.395 E1227.8535
G1 Z31.683 X125.585 Y86.463 E1227.89555
G1 Z31.684 X126.463 Y85.585 E1227.9376
G1 Z31.685 X127.395 Y84.763 E1227.97965
G1 Z31.686 X128.377 Y84.002 E1228.0217
G1 Z31.687 X129.404 Y83.304 E1228.06375
G1 Z31.688 X130.473 Y82.671 E1228.1058
G1 Z31.689 X131.58 Y82.107 E1228.14785
G1 Z31.691 X132.72 Y81.614 E1228.1899
G1 Z31.692 X133.889 Y81.193 E1228.23195
G1 Z31.693 X135.082 Y80.846 E1228.274
G1 Z31.694 X136.295 Y80.575 E1228.31605
G1 Z31.695 X137.522 Y80.381 E1228.3581
G1 Z31.696 X138.758 Y80.264 E1228.40015
G1 Z31.697 X140.004 Y80.225 E1228.44232
G1 Z31.715 X159.475 Y80.225 E1229.10141
G1 Z31.724 X159.475 Y90.225 E1229.4399
G1 Z31.725 X160.525 Y90.225 E1229.47544
G1 Z31.734 X160.525 Y80.225 E1229.81393
G1 Z31.751 X179.775 Y80.225 E1230.46552
G1 Z31.769 X179.775 Y99.475 E1231.1171
G1 Z31.778 X169.775 Y99.475 E1231.45559
G1 Z31.779 X169.775 Y100.525 E1231.49113
G1 Z31.788 X179.775 Y100.525 E1231.82962
G1 Z31.805 X179.775 Y119.775 E1232.48121
G1 Z31.841 X140.004 Y119.775 E1233.82743
G1 Z31.842 X138.758 Y119.736 E1233.8696
G1 Z31.843 X137.522 Y119.619 E1233.91165
G1 Z31.844 X136.295 Y119.425 E1233.9537
G1 Z31.846 X135.082 Y119.154 E1233.99575
G1 Z31.847 X133.889 Y118.807 E1234.0378
G1 Z31.848 X132.72 Y118.386 E1234.07985
G1 Z31.849 X131.58 Y117.893 E1234.1219
G1 Z31.850 X130.473 Y117.329 E1234.16395
G1 Z31.851 X129.404 Y116.696 E1234.206
G1 Z31.852 X128.377 Y115.998 E1234.24805
G1 Z31.853 X127.395 Y115.237 E1234.2901
G1 Z31.855 X126.463 Y114.415 E1234.33215
G1 Z31.856 X125.585 Y113.537 E1234.3742
G1 Z31.857 X124.763 Y112.605 E1234.41625
G1 Z31.858 X124.002 Y111.623 E1234.4583
G1 Z31.859 X123.304 Y110.596 E1234.50035
G1 Z31.860 X122.671 Y109.527 E1234.5424
G1 Z31.861 X122.107 Y108.42 E1234.58445
G1 Z31.862 X121.614 Y107.28 E1234.6265
G1 Z31.864 X121.193 Y106.111 E1234.66855
G1 Z31.865 X120.846 Y104.918 E1234.7106
G1 Z31.866 X120.575 Y103.705 E1234.75265
G1 Z31.867 X120.381 Y102.478 E1234.7947
G1 Z31.868 X120.264 Y101.242 E1234.83675
G1 Z31.869 X120.225 Y100 E1234.8788
G1 Z31.870 X120.264 Y98.758 E1234.92085
G1 Z31.871 X120.381 Y97.522 E1234.9629
G1 Z31.873 X120.575 Y96.295 E1235.00495
G1 Z31.874 X120.846 Y95.082 E1235.047
G1 Z31.875 X121.193 Y93.889 E1235.08905
G1 Z31.876 X121.614 Y92.72 E1235.1311
G1 Z31.877 X122.107 Y91.58 E1235.17315
G1 Z31.878 X122.671 Y90.473 E1235.2152
G1 Z31.879 X123.304 Y89.404 E1235.25725
G1 Z31.880 X123.738 Y88.765 E1235.28342
;LAYER_CHANGE
;Z:32.08
;HEIGHT:0.200003
G1 Z31.880 F600
G1 F6052
G1 Z31.880 X124.002 Y88.377 E1235.2993
G1 Z31.882 X124.763 Y87.395 E1235.34135
G1 Z31.883 X125.585 Y86.463 E1235.3834
G1 Z31.884 X126.463 Y85.585 E1235.42545
G1 Z31.885 X127.395 Y84.763 E1235.4675
G1 Z31.886 X128.377 Y84.002 E1235.50955
G1 Z31.887 X129.404 Y83.304 E1235.5516
G1 Z31.888 X130.473 Y82.671 E1235.59365
G1 Z31.889 X131.58 Y82.107 E1235.6357
G1 Z31.891 X132.72 Y81.614 E1235.67775
G1 Z31.892 X133.889 Y81.193 E1235.7198
G1 Z31.893 X135.082 Y80.846 E1235.76185
G1 Z31.894 X136.295 Y80.575 E1235.8039
G1 Z31.895 X137.522 Y80.381 E1235.84595
G1 Z31.896 X138.758 Y80.264 E1235.888
G1 Z31.897 X140.004 Y80.225 E1235.93017
G1 Z31.915 X159.475 Y80.225 E1236.58925
G1 Z31.924 X159.475 Y90.225 E1236.92774
G1 Z31.925 X160.525 Y90.225 E1236.96328
G1 Z31.934 X160.525 Y80.225 E1237.30177
G1 Z31.951 X179.775 Y80.225 E1237.95336
G1 Z31.969 X179.775 Y99.475 E1238.60495
G1 Z31.978 X169.775 Y99.475 E1238.94344
G1 Z31.979 X169.775 Y100.525 E1238.97898
G1 Z31.988 X179.775 Y100.525 E1239.31747
G1 Z32.005 X179.775 Y119.775 E1239.96906
G1 Z32.041 X140.004 Y119.775 E1241.31524
G1 Z32.042 X138.586 Y119.72 E1241.36329
G1 Z32.043 X137.522 Y119.619 E1241.39948
G1 Z32.044 X136.295 Y119.425 E1241.44153
G1 Z32.046 X135.082 Y119.154 E1241.48358
G1 Z32.047 X133.889 Y118.807 E1241.52563
G1 Z32.048 X132.72 Y118.386 E1241.56768
G1 Z32.049 X131.58 Y117.893 E1241.60973
G1 Z32.050 X130.473 Y117.329 E1241.65178
G1 Z32.051 X129.405 Y116.697 E1241.6938
G1 Z32.053 X128.24 Y115.892 E1241.74173
G1 Z32.053 X127.395 Y115.237 E1241.77792
G1 Z32.055 X126.463 Y114.415 E1241.81997
G1 Z32.056 X125.585 Y113.537 E1241.86202
G1 Z32.057 X124.763 Y112.605 E1241.90407
G1 Z32.058 X124.002 Y111.623 E1241.94612
G1 Z32.059 X123.304 Y110.596 E1241.98817
G1 Z32.060 X122.671 Y109.527 E1242.03022
G1 Z32.061 X122.107 Y108.42 E1242.07227
G1 Z32.062 X121.614 Y107.28 E1242.11432
G1 Z32.064 X121.193 Y106.111 E1242.15637
G1 Z32.065 X120.846 Y104.918 E1242.19842
G1 Z32.066 X120.575 Y103.705 E1242.24047
G1 Z32.067 X120.381 Y102.479 E1242.28249
G1 Z32.068 X120.259 Y101.069 E1242.33042
G1 Z32.069 X120.225 Y100 E1242.36661
G1 Z32.070 X120.264 Y98.758 E1242.40866
G1 Z32.071 X120.381 Y97.522 E1242.45071
G1 Z32.073 X120.575 Y96.295 E1242.49276
G1 Z32.074 X120.846 Y95.082 E1242.53481
G1 Z32.075 X121.193 Y93.889 E1242.57686
G1 Z32.076 X121.614 Y92.72 E1242.61891
G1 Z32.077 X122.107 Y91.58 E1242.66096
G1 Z32.078 X122.671 Y90.473 E1242.70301
G1 Z32.079 X123.304 Y89.404 E1242.74506
G1 Z32.080 X123.738 Y88.765 E1242.77124
;LAYER_CHANGE
;Z:32.28
;HEIGHT:0.199997
G1 Z32.080 F600
G1 F6052
G1 Z32.080 X124.002 Y88.377 E1242.78711
G1 Z32.082 X124.763 Y87.395 E1242.82916
G1 Z32.083 X125.585 Y86.463 E1242.87121
G1 Z32.084 X126.463 Y85.585 E1242.91326
G1 Z32.085 X127.395 Y84.763 E1242.95531
G1 Z32.086 X128.377 Y84.002 E1242.99736
G1 Z32.087 X129.404 Y83.304 E1243.03941
G1 Z32.088 X130.473 Y82.671 E1243.08146
G1 Z32.089 X131.58 Y82.107 E1243.12351
G1 Z32.091 X132.72 Y81.614 E1243.16556
G1 Z32.092 X133.889 Y81.193 E1243.20761
G1 Z32.093 X135.082 Y80.846 E1243.24966
G1 Z32.094 X136.295 Y80.575 E1243.29171
G1 Z32.095 X137.522 Y80.381 E1243.33376
G1 Z32.096 X138.758 Y80.264 E1243.37581
G1 Z32.097 X140.004 Y80.225 E1243.41798
G1 Z32.115 X159.475 Y80.225 E1244.07707
G1 Z32.124 X159.475 Y90.225 E1244.41556
G1 Z32.125 X160.525 Y90.225 E1244.4511
G1 Z32.134 X160.525 Y80.225 E1244.78959
G1 Z32.151 X179.775 Y80.225 E1245.44118
G1 Z32.169 X179.775 Y99.475 E1246.09276
G1 Z32.178 X169.775 Y99.475 E1246.43125
G1 Z32.179 X169.775 Y100.525 E1246.46679
G1 Z32.188 X179.775 Y100.525 E1246.80528
G1 Z32.205 X179.775 Y119.775 E1247.45687
G1 Z32.241 X140.005 Y119.775 E1248.80305
G1 Z32.242 X138.556 Y119.717 E1248.85212
G1 Z32.243 X137.522 Y119.619 E1248.8873
G1 Z32.244 X136.295 Y119.425 E1248.92935
G1 Z32.246 X135.082 Y119.154 E1248.9714
G1 Z32.247 X133.889 Y118.807 E1249.01345
G1 Z32.248 X132.72 Y118.386 E1249.0555
G1 Z32.249 X131.58 Y117.893 E1249.09755
G1 Z32.250 X130.473 Y117.329 E1249.1396
G1 Z32.251 X129.404 Y116.696 E1249.18165
G1 Z32.252 X128.377 Y115.998 E1249.2237
G1 Z32.253 X127.395 Y115.237 E1249.26575
G1 Z32.255 X126.463 Y114.415 E1249.3078
G1 Z32.256 X125.585 Y113.537 E1249.34985
G1 Z32.257 X124.763 Y112.605 E1249.3919
G1 Z32.258 X124.002 Y111.623 E1249.43395
G1 Z32.259 X123.304 Y110.596 E1249.476
G1 Z32.260 X122.671 Y109.527 E1249.51805
G1 Z32.261 X122.107 Y108.42 E1249.5601
G1 Z32.262 X121.614 Y107.28 E1249.60215
G1 Z32.264 X121.193 Y106.111 E1249.6442
G1 Z32.265 X120.846 Y104.918 E1249.68625
G1 Z32.266 X120.575 Y103.705 E1249.7283
G1 Z32.267 X120.381 Y102.478 E1249.77035
G1 Z32.268 X120.264 Y101.242 E1249.8124
G1 Z32.269 X120.225 Y100 E1249.85445
G1 Z32.270 X120.264 Y98.758 E1249.8965
G1 Z32.271 X120.381 Y97.522 E1249.93855
G1 Z32.273 X120.575 Y96.295 E1249.9806
G1 Z32.274 X120.846 Y95.082 E1250.02265
G1 Z32.275 X121.193 Y93.889 E1250.0647
G1 Z32.276 X121.614 Y92.72 E1250.10675
G1 Z32.277 X122.107 Y91.58 E1250.1488
G1 Z32.278 X122.671 Y90.473 E1250.19085
G1 Z32.279 X123.304 Y89.404 E1250.2329
G1 Z32.280 X123.738 Y88.765 E1250.25907
;LAYER_CHANGE
;Z:32.48
;HEIGHT:0.200001
G1 Z32.280 F600
G1 F6052
G1 Z32.280 X124.002 Y88.377 E1250.27495
G1 Z32.282 X124.763 Y87.395 E1250.317
G1 Z32.283 X125.585 Y86.463 E1250.35905
G1 Z32.284 X126.463 Y85.585 E1250.4011
G1 Z32.285 X127.395 Y84.763 E1250.44315
G1 Z32.286 X128.377 Y84.002 E1250.4852
G1 Z32.287 X129.404 Y83.304 E1250.52725
G1 Z32.288 X130.473 Y82.671 E1250.5693
G1 Z32.289 X131.58 Y82.107 E1250.61135
G1 Z32.291 X132.72 Y81.614 E1250.6534
G1 Z32.292 X133.889 Y81.193 E1250.69545
G1 Z32.293 X135.082 Y80.846 E1250.7375
G1 Z32.294 X136.295 Y80.575 E1250.77955
G1 Z32.295 X137.522 Y80.381 E1250.8216
G1 Z32.296 X138.758 Y80.264 E1250.86365
G1 Z32.297 X140.004 Y80.225 E1250.90582
G1 Z32.315 X159.475 Y80.225 E1251.5649
G1 Z32.324 X159.475 Y90.225 E1251.90339
G1 Z32.325 X160.525 Y90.225 E1251.93893
G1 Z32.334 X160.525 Y80.225 E1252.27742
G1 Z32.351 X179.775 Y80.225 E1252.92901
G1 Z32.369 X179.775 Y99.475 E1253.5806
G1 Z32.378 X169.775 Y99.475 E1253.91909
G1 Z32.379 X169.775 Y100.525 E1253.95463
G1 Z32.388 X179.775 Y100.525 E1254.29312
G1 Z32.405 X179.775 Y119.775 E1254.94471
G1 Z32.441 X140.004 Y119.775 E1256.29092
G1 Z32.442 X138.758 Y119.736 E1256.33309
G1 Z32.443 X137.522 Y119.619 E1256.37514
G1 Z32.444 X136.295 Y119.425 E1256.41719
G1 Z32.446 X135.082 Y119.154 E1256.45924
G1 Z32.447 X133.889 Y118.807 E1256.50129
G1 Z32.448 X132.72 Y118.386 E1256.54334
G1 Z32.449 X131.58 Y117.893 E1256.58539
G1 Z32.450 X130.473 Y117.329 E1256.62744
G1 Z32.451 X129.405 Y116.697 E1256.66945
G1 Z32.453 X128.193 Y115.855 E1256.71942
G1 Z32.453 X127.395 Y115.237 E1256.75358
G1 Z32.455 X126.463 Y114.415 E1256.79563
G1 Z32.456 X125.585 Y113.537 E1256.83768
G1 Z32.457 X124.763 Y112.605 E1256.87973
G1 Z32.458 X124.002 Y111.623 E1256.92178
G1 Z32.459 X123.304 Y110.596 E1256.96383
G1 Z32.460 X122.671 Y109.527 E1257.00588
G1 Z32.461 X122.107 Y108.42 E1257.04793
G1 Z32.462 X121.614 Y107.28 E1257.08998
G1 Z32.464 X121.193 Y106.111 E1257.13203
G1 Z32.465 X120.846 Y104.918 E1257.17408
G1 Z32.466 X120.575 Y103.705 E1257.21613
G1 Z32.467 X120.381 Y102.478 E1257.25818
G1 Z32.468 X120.264 Y101.242 E1257.30023
G1 Z32.469 X120.225 Y100 E1257.34228
G1 Z32.470 X120.264 Y98.758 E1257.38433
G1 Z32.471 X120.381 Y97.522 E1257.42638
G1 Z32.473 X120.575 Y96.295 E1257.46843
G1 Z32.474 X120.846 Y95.082 E1257.51048
G1 Z32.475 X121.193 Y93.889 E1257.55253
G1 Z32.476 X121.614 Y92.72 E1257.59458
G1 Z32.477 X122.107 Y91.58 E1257.63663
G1 Z32.478 X122.671 Y90.473 E1257.67868
G1 Z32.479 X123.304 Y89.404 E1257.72073
G1 Z32.480 X123.738 Y88.765 E1257.7469
;LAYER_CHANGE
;Z:32.68
;HEIGHT:0.200001
G1 Z32.480 F600
G1 F6052
G1 Z32.480 X124.002 Y88.377 E1257.76278
G1 Z32.482 X124.763 Y87.395 E1257.80483
G1 Z32.483 X125.585 Y86.463 E1257.84688
G1 Z32.484 X126.463 Y85.585 E1257.88893
G1 Z32.485 X127.395 Y84.763 E1257.93098
G1 Z32.486 X128.377 Y84.002 E1257.97303
G1 Z32.487 X129.404 Y83.304 E1258.01508
G1 Z32.488 X130.473 Y82.671 E1258.05713
G1 Z32.489 X131.58 Y82.107 E1258.09918
G1 Z32.491 X132.72 Y81.614 E1258.14123
G1 Z32.492 X133.889 Y81.193 E1258.18328
G1 Z32.493 X135.082 Y80.846 E1258.22533
G1 Z32.494 X136.295 Y80.575 E1258.26738
G1 Z32.495 X137.522 Y80.381 E1258.30943
G1 Z32.496 X138.758 Y80.264 E1258.35148
G1 Z32.497 X140.004 Y80.225 E1258.39365
G1 Z32.515 X159.475 Y80.225 E1259.05273
G1 Z32.524 X159.475 Y90.225 E1259.39122
G1 Z32.525 X160.525 Y90.225 E1259.42676
G1 Z32.534 X160.525 Y80.225 E1259.76525
G1 Z32.551 X179.775 Y80.225 E1260.41684
G1 Z32.569 X179.775 Y99.475 E1261.06843
G1 Z32.578 X169.775 Y99.475 E1261.40692
G1 Z32.579 X169.775 Y100.525 E1261.44246
G1 Z32.588 X179.775 Y100.525 E1261.78095
G1 Z32.605 X179.775 Y119.775 E1262.43254
G1 Z32.641 X140.004 Y119.775 E1263.77875
G1 Z32.642 X138.758 Y119.736 E1263.82092
G1 Z32.643 X137.522 Y119.619 E1263.86297
G1 Z32.644 X136.295 Y119.425 E1263.90502
G1 Z32.646 X135.082 Y119.154 E1263.94707
G1 Z32.647 X133.889 Y118.807 E1263.98912
G1 Z32.648 X132.72 Y118.386 E1264.03117
G1 Z32.649 X131.58 Y117.893 E1264.07322
G1 Z32.650 X130.473 Y117.329 E1264.11527
G1 Z32.651 X129.404 Y116.696 E1264.15732
G1 Z32.652 X128.377 Y115.998 E1264.19937
G1 Z32.653 X127.395 Y115.237 E1264.24142
G1 Z32.655 X126.463 Y114.415 E1264.28347
G1 Z32.656 X125.585 Y113.537 E1264.32552
G1 Z32.657 X124.763 Y112.605 E1264.36757
G1 Z32.658 X124.002 Y111.623 E1264.40962
G1 Z32.659 X123.304 Y110.596 E1264.45167
G1 Z32.660 X122.671 Y109.527 E1264.49372
G1 Z32.661 X122.107 Y108.42 E1264.53577
G1 Z32.662 X121.614 Y107.28 E1264.57782
G1 Z32.664 X121.193 Y106.111 E1264.61987
G1 Z32.665 X120.846 Y104.918 E1264.66192
G1 Z32.666 X120.575 Y103.705 E1264.70397
G1 Z32.667 X120.381 Y102.478 E1264.74602
G1 Z32.668 X120.264 Y101.242 E1264.78807
G1 Z32.669 X120.225 Y100 E1264.83012
G1 Z32.670 X120.264 Y98.758 E1264.87217
G1 Z32.671 X120.381 Y97.522 E1264.91422
G1 Z32.673 X120.575 Y96.295 E1264.95627
G1 Z32.674 X120.846 Y95.082 E1264.99832
G1 Z32.675 X121.193 Y93.889 E1265.04037
G1 Z32.676 X121.614 Y92.72 E1265.08242
G1 Z32.677 X122.107 Y91.58 E1265.12447
G1 Z32.678 X122.671 Y90.473 E1265.16652
G1 Z32.679 X123.304 Y89.404 E1265.20857
G1 Z32.680 X123.738 Y88.765 E1265.23475
;LAYER_CHANGE
;Z:32.88
;HEIGHT:0.200001
G1 Z32.680 F600
G1 F6052
G1 Z32.680 X124.002 Y88.377 E1265.25062
G1 Z32.682 X124.763 Y87.395 E1265.29267
G1 Z32.683 X125.585 Y86.463 E1265.33472
G1 Z32.684 X126.463 Y85.585 E1265.37677
G1 Z32.685 X127.395 Y84.763 E1265.41882
G1 Z32.686 X128.377 Y84.002 E1265.46087
G1 Z32.687 X129.404 Y83.304 E1265.50292
G1 Z32.688 X130.473 Y82.671 E1265.54497
G1 Z32.689 X131.58 Y82.107 E1265.58702
G1 Z32.691 X132.72 Y81.614 E1265.62907
G1 Z32.692 X133.889 Y81.193 E1265.67112
G1 Z32.693 X135.082 Y80.846 E1265.71317
G1 Z32.694 X136.295 Y80.575 E1265.75522
G1 Z32.695 X137.522 Y80.381 E1265.79727
G1 Z32.696 X138.758 Y80.264 E1265.83932
G1 Z32.697 X140.004 Y80.225 E1265.88149
G1 Z32.715 X159.475 Y80.225 E1266.54058
G1 Z32.724 X159.475 Y90.225 E1266.87907
G1 Z32.725 X160.525 Y90.225 E1266.91461
G1 Z32.734 X160.525 Y80.225 E1267.2531
G1 Z32.751 X179.775 Y80.225 E1267.90469
G1 Z32.769 X179.775 Y99.475 E1268.55628
G1 Z32.778 X169.775 Y99.475 E1268.89476
G1 Z32.779 X169.775 Y100.525 E1268.93031
G1 Z32.788 X179.775 Y100.525 E1269.26879
G1 Z32.805 X179.775 Y119.775 E1269.92038
G1 Z32.841 X140.004 Y119.775 E1271.2666
G1 Z32.842 X138.758 Y119.736 E1271.30877
G1 Z32.843 X137.522 Y119.619 E1271.35082
G1 Z32.844 X136.295 Y119.425 E1271.39287
G1 Z32.846 X135.082 Y119.154 E1271.43492
G1 Z32.847 X133.889 Y118.807 E1271.47697
G1 Z32.848 X132.72 Y118.386 E1271.51902
G1 Z32.849 X131.58 Y117.893 E1271.56107
G1 Z32.850 X130.473 Y117.329 E1271.60312
G1 Z32.851 X129.404 Y116.696 E1271.64517
G1 Z32.852 X128.377 Y115.998 E1271.68722
G1 Z32.853 X127.395 Y115.237 E1271.72927
G1 Z32.855 X126.463 Y114.415 E1271.77132
G1 Z32.856 X125.585 Y113.537 E1271.81337
G1 Z32.857 X124.763 Y112.605 E1271.85542
G1 Z32.858 X124.002 Y111.623 E1271.89747
G1 Z32.859 X123.304 Y110.596 E1271.93952
G1 Z32.860 X122.671 Y109.527 E1271.98157
G1 Z32.861 X122.107 Y108.42 E1272.02362
G1 Z32.862 X121.614 Y107.28 E1272.06567
G1 Z32.864 X121.193 Y106.111 E1272.10772
G1 Z32.865 X120.846 Y104.918 E1272.14977
G1 Z32.866 X120.575 Y103.705 E1272.19182
G1 Z32.867 X120.381 Y102.478 E1272.23387
G1 Z32.868 X120.264 Y101.242 E1272.27592
G1 Z32.869 X120.225 Y100 E1272.31797
G1 Z32.870 X120.264 Y98.758 E1272.36002
G1 Z32.871 X120.381 Y97.522 E1272.40207
G1 Z32.873 X120.575 Y96.295 E1272.44412
G1 Z32.874 X120.846 Y95.082 E1272.48617
G1 Z32.875 X121.193 Y93.889 E1272.52822
G1 Z32.876 X121.614 Y92.72 E1272.57027
G1 Z32.877 X122.107 Y91.58 E1272.61232
G1 Z32.878 X122.671 Y90.473 E1272.65437
G1 Z32.879 X123.304 Y89.404 E1272.69642
G1 Z32.880 X123.738 Y88.765 E1272.72259
;LAYER_CHANGE
;Z:33.08
;HEIGHT:0.200001
G1 Z32.880 F600
G1 X123.738 Y88.765 F6000
G1 F6052
G1 Z32.880 X124.002 Y88.377 E1272.73847
G1 Z32.882 X124.763 Y87.395 E1272.78052
G1 Z32.883 X125.585 Y86.463 E1272.82257
G1 Z32.884 X126.463 Y85.585 E1272.86462
G1 Z32.885 X127.395 Y84.763 E1272.90667
G1 Z32.886 X128.377 Y84.002 E1272.94872
G1 Z32.887 X129.404 Y83.304 E1272.99077
G1 Z32.888 X130.473 Y82.671 E1273.03282
G1 Z32.889 X131.58 Y82.107 E1273.07487
G1 Z32.891 X132.72 Y81.614 E1273.11692
G1 Z32.892 X133.889 Y81.193 E1273.15897
G1 Z32.893 X135.082 Y80.846 E1273.20102
G1 Z32.894 X136.295 Y80.575 E1273.24307
G1 Z32.895 X137.522 Y80.381 E1273.28512
G1 Z32.896 X138.758 Y80.264 E1273.32717
G1 Z32.897 X140.004 Y80.225 E1273.36934
G1 Z32.915 X159.475 Y80.225 E1274.02842
G1 Z32.924 X159.475 Y90.225 E1274.36691
G1 Z32.925 X160.525 Y90.225 E1274.40245
G1 Z32.934 X160.525 Y80.225 E1274.74094
G1 Z32.951 X179.775 Y80.225 E1275.39253
G1 Z32.969 X179.775 Y99.475 E1276.04412
G1 Z32.978 X169.775 Y99.475 E1276.38261
G1 Z32.979 X169.775 Y100.525 E1276.41815
G1 Z32.988 X179.775 Y100.525 E1276.75664
G1 Z33.005 X179.775 Y119.775 E1277.40823
G1 Z33.041 X140.004 Y119.775 E1278.75444
G1 Z33.042 X138.758 Y119.736 E1278.79661
G1 Z33.043 X137.522 Y119.619 E1278.83866
G1 Z33.044 X136.295 Y119.425 E1278.88071
G1 Z33.046 X135.082 Y119.154 E1278.92276
G1 Z33.047 X133.889 Y118.807 E1278.96481
G1 Z33.048 X132.72 Y118.386 E1279.00686
G1 Z33.049 X131.58 Y117.893 E1279.04891
G1 Z33.050 X130.473 Y117.329 E1279.09096
G1 Z33.051 X129.404 Y116.696 E1279.13301
G1 Z33.052 X128.377 Y115.998 E1279.17506
G1 Z33.053 X127.395 Y115.237 E1279.21711
G1 Z33.055 X126.463 Y114.415 E1279.25916
G1 Z33.056 X125.585 Y113.537 E1279.30121
G1 Z33.057 X124.763 Y112.605 E1279.34326
G1 Z33.058 X124.002 Y111.623 E1279.38531
G1 Z33.059 X123.304 Y110.596 E1279.42736
G1 Z33.060 X122.671 Y109.527 E1279.46941
G1 Z33.061 X122.107 Y108.42 E1279.51146
G1 Z33.062 X121.614 Y107.28 E1279.55351
G1 Z33.064 X121.193 Y106.111 E1279.59556
G1 Z33.065 X120.846 Y104.918 E1279.63761
G1 Z33.066 X120.575 Y103.705 E1279.67966
G1 Z33.067 X120.381 Y102.478 E1279.72171
G1 Z33.068 X120.264 Y101.242 E1279.76376
G1 Z33.069 X120.225 Y100 E1279.80581
G1 Z33.070 X120.264 Y98.758 E1279.84786
G1 Z33.071 X120.381 Y97.522 E1279.88991
G1 Z33.073 X120.575 Y96.295 E1279.93196
G1 Z33.074 X120.846 Y95.082 E1279.97401
G1 Z33.075 X121.193 Y93.889 E1280.01606
G1 Z33.076 X121.614 Y92.72 E1280.05811
G1 Z33.077 X122.107 Y91.58 E1280.10016
G1 Z33.078 X122.671 Y90.473 E1280.14221
G1 Z33.079 X123.304 Y89.404 E1280.18426
G1 Z33.080 X123.738 Y88.765 E1280.21044
;LAYER_CHANGE
;Z:33.28
;HEIGHT:0.199997
G1 Z33.080 F600
G1 X123.738 Y88.765 F6000
G1 F6052
G1 Z33.080 X124.002 Y88.377 E1280.22631
G1 Z33.082 X124.763 Y87.395 E1280.26836
G1 Z33.083 X125.585 Y86.463 E1280.31041
G1 Z33.084 X126.463 Y85.585 E1280.35246
G1 Z33.085 X127.395 Y84.763 E1280.39451
G1 Z33.086 X128.377 Y84.002 E1280.43656
G1 Z33.087 X129.404 Y83.304 E1280.47861
G1 Z33.088 X130.473 Y82.671 E1280.52066
G1 Z33.089 X131.58 Y82.107 E1280.56271
G1 Z33.091 X132.72 Y81.614 E1280.60476
G1 Z33.092 X133.889 Y81.193 E1280.64681
G1 Z33.093 X135.082 Y80.846 E1280.68886
G1 Z33.094 X136.295 Y80.575 E1280.73091
G1 Z33.095 X137.522 Y80.381 E1280.77296
G1 Z33.096 X138.758 Y80.264 E1280.81501
G1 Z33.097 X140.004 Y80.225 E1280.85718
G1 Z33.115 X159.475 Y80.225 E1281.51627
G1 Z33.124 X159.475 Y90.225 E1281.85476
G1 Z33.125 X160.525 Y90.225 E1281.8903
G1 Z33.134 X160.525 Y80.225 E1282.22879
G1 Z33.151 X179.775 Y80.225 E1282.88038
G1 Z33.169 X179.775 Y99.475 E1283.53197
G1 Z33.178 X169.775 Y99.475 E1283.87045
G1 Z33.179 X169.775 Y100.525 E1283.906
G1 Z33.188 X179.775 Y100.525 E1284.24448
G1 Z33.205 X179.775 Y119.775 E1284.89607
G1 Z33.241 X140.004 Y119.775 E1286.24229
G1 Z33.242 X138.758 Y119.736 E1286.28446
G1 Z33.243 X137.522 Y119.619 E1286.32651
G1 Z33.244 X136.295 Y119.425 E1286.36856
G1 Z33.246 X135.082 Y119.154 E1286.41061
G1 Z33.247 X133.889 Y118.807 E1286.45266
G1 Z33.248 X132.72 Y118.386 E1286.49471
G1 Z33.249 X131.58 Y117.893 E1286.53676
G1 Z33.250 X130.473 Y117.329 E1286.57881
G1 Z33.251 X129.404 Y116.696 E1286.62086
G1 Z33.252 X128.377 Y115.998 E1286.66291
G1 Z33.253 X127.395 Y115.237 E1286.70496
G1 Z33.255 X126.463 Y114.415 E1286.74701
G1 Z33.256 X125.585 Y113.537 E1286.78906
G1 Z33.257 X124.763 Y112.605 E1286.83111
G1 Z33.258 X124.002 Y111.623 E1286.87316
G1 Z33.259 X123.304 Y110.596 E1286.91521
G1 Z33.260 X122.671 Y109.527 E1286.95726
G1 Z33.261 X122.107 Y108.42 E1286.99931
G1 Z33.262 X121.614 Y107.28 E1287.04136
G1 Z33.264 X121.193 Y106.111 E1287.08341
G1 Z33.265 X120.846 Y104.918 E1287.12546
G1 Z33.266 X120.575 Y103.705 E1287.16751
G1 Z33.267 X120.381 Y102.478 E1287.20956
G1 Z33.268 X120.264 Y101.242 E1287.25161
G1 Z33.269 X120.225 Y100 E1287.29366
G1 Z33.270 X120.264 Y98.758 E1287.33571
G1 Z33.271 X120.381 Y97.522 E1287.37776
G1 Z33.273 X120.575 Y96.295 E1287.41981
G1 Z33.274 X120.846 Y95.082 E1287.46186
G1 Z33.275 X121.193 Y93.889 E1287.50391
G1 Z33.276 X121.614 Y92.72 E1287.54596
G1 Z33.277 X122.107 Y91.58 E1287.58801
G1 Z33.278 X122.671 Y90.473 E1287.63006
G1 Z33.279 X123.304 Y89.404 E1287.67211
G1 Z33.280 X123.738 Y88.765 E1287.69828
;LAYER_CHANGE
;Z:33.48
;HEIGHT:0.200001
G1 Z33.280 F600
G1 X123.738 Y88.765 F6000
G1 F6052
G1 Z33.280 X124.002 Y88.377 E1287.71416
G1 Z33.282 X124.763 Y87.395 E1287.75621
G1 Z33.283 X125.585 Y86.463 E1287.79826
G1 Z33.284 X126.463 Y85.585 E1287.84031
G1 Z33.285 X127.395 Y84.763 E1287.88236
G1 Z33.286 X128.377 Y84.002 E1287.92441
G1 Z33.287 X129.404 Y83.304 E1287.96646
G1 Z33.288 X130.473 Y82.671 E1288.00851
G1 Z33.289 X131.58 Y82.107 E1288.05056
G1 Z33.291 X132.72 Y81.614 E1288.09261
G1 Z33.292 X133.889 Y81.193 E1288.13466
G1 Z33.293 X135.082 Y80.846 E1288.17671
G1 Z33.294 X136.295 Y80.575 E1288.21876
G1 Z33.295 X137.522 Y80.381 E1288.26081
G1 Z33.296 X138.758 Y80.264 E1288.30286
G1 Z33.297 X140.004 Y80.225 E1288.34503
G1 Z33.315 X159.475 Y80.225 E1289.00411
G1 Z33.324 X159.475 Y90.225 E1289.3426
G1 Z33.325 X160.525 Y90.225 E1289.37814
G1 Z33.334 X160.525 Y80.225 E1289.71663
G1 Z33.351 X179.775 Y80.225 E1290.36822
G1 Z33.369 X179.775 Y99.475 E1291.01981
G1 Z33.378 X169.775 Y99.475 E1291.3583
G1 Z33.379 X169.775 Y100.525 E1291.39384
G1 Z33.388 X179.775 Y100.525 E1291.73233
G1 Z33.405 X179.775 Y119.775 E1292.38392
G1 Z33.441 X140.004 Y119.775 E1293.73013
G1 Z33.442 X138.758 Y119.736 E1293.7723
G1 Z33.443 X137.522 Y119.619 E1293.81436
G1 Z33.444 X136.295 Y119.425 E1293.8564
G1 Z33.446 X135.082 Y119.154 E1293.89846
G1 Z33.447 X133.889 Y118.807 E1293.9405
G1 Z33.448 X132.72 Y118.386 E1293.98256
G1 Z33.449 X131.58 Y117.893 E1294.0246
G1 Z33.450 X130.473 Y117.329 E1294.06665
G1 Z33.451 X129.404 Y116.696 E1294.10871
G1 Z33.452 X128.377 Y115.998 E1294.15076
G1 Z33.453 X127.395 Y115.237 E1294.1928
G1 Z33.455 X126.463 Y114.415 E1294.23486
G1 Z33.456 X125.585 Y113.537 E1294.2769
G1 Z33.457 X124.763 Y112.605 E1294.31895
G1 Z33.458 X124.002 Y111.623 E1294.36101
G1 Z33.459 X123.304 Y110.596 E1294.40305
G1 Z33.460 X122.671 Y109.527 E1294.4451
G1 Z33.461 X122.107 Y108.42 E1294.48716
G1 Z33.462 X121.614 Y107.28 E1294.5292
G1 Z33.464 X121.193 Y106.111 E1294.57126
G1 Z33.465 X120.846 Y104.918 E1294.6133
G1 Z33.466 X120.575 Y103.705 E1294.65535
G1 Z33.467 X120.381 Y102.478 E1294.6974
G1 Z33.468 X120.264 Y101.242 E1294.73945
G1 Z33.469 X120.225 Y100 E1294.7815
G1 Z33.470 X120.264 Y98.758 E1294.82355
G1 Z33.471 X120.381 Y97.522 E1294.86561
G1 Z33.473 X120.575 Y96.295 E1294.90765
G1 Z33.474 X120.846 Y95.082 E1294.9497
G1 Z33.475 X121.193 Y93.889 E1294.99175
G1 Z33.476 X121.614 Y92.72 E1295.0338
G1 Z33.477 X122.107 Y91.58 E1295.07585
G1 Z33.478 X122.671 Y90.473 E1295.1179
G1 Z33.479 X123.304 Y89.404 E1295.15995
G1 Z33.480 X123.738 Y88.765 E1295.18613
;LAYER_CHANGE
;Z:33.68
;HEIGHT:0.200001
G1 Z33.480 F600
G1 X123.738 Y88.765 F6000
G1 F6066
G1 Z33.480 X124.002 Y88.377 E1295.202
G1 Z33.482 X124.763 Y87.395 E1295.24405
G1 Z33.483 X125.585 Y86.463 E1295.2861
G1 Z33.484 X126.463 Y85.585 E1295.32815
G1 Z33.485 X127.395 Y84.763 E1295.3702
G1 Z33.486 X128.377 Y84.002 E1295.41225
G1 Z33.487 X129.404 Y83.304 E1295.4543
G1 Z33.488 X130.473 Y82.671 E1295.49635
G1 Z33.489 X131.58 Y82.107 E1295.5384
G1 Z33.490 X132.72 Y81.614 E1295.58045
G1 Z33.492 X133.889 Y81.193 E1295.6225
G1 Z33.493 X135.082 Y80.846 E1295.66455
G1 Z33.494 X136.295 Y80.575 E1295.7066
G1 Z33.495 X137.522 Y80.381 E1295.74865
G1 Z33.496 X138.758 Y80.264 E1295.7907
G1 Z33.497 X140.004 Y80.225 E1295.83288
G1 Z33.511 X155.405 Y80.225 E1296.3542
G1 Z33.511 X155.405 Y80.525 E1296.36436
G1 Z33.512 X155.994 Y80.525 E1296.38428
G1 Z33.512 X155.994 Y80.225 E1296.39443
G1 Z33.515 X159.475 Y80.225 E1296.51227
G1 Z33.524 X159.475 Y90.225 E1296.85076
G1 Z33.525 X160.525 Y90.225 E1296.8863
G1 Z33.534 X160.525 Y80.225 E1297.22479
G1 Z33.551 X179.775 Y80.225 E1297.87638
G1 Z33.565 X179.775 Y95.405 E1298.3902
G1 Z33.565 X179.475 Y95.405 E1298.40035
G1 Z33.566 X179.475 Y95.993 E1298.42028
G1 Z33.566 X179.775 Y95.993 E1298.43043
G1 Z33.569 X179.775 Y99.475 E1298.54828
G1 Z33.578 X169.775 Y99.475 E1298.88676
G1 Z33.579 X169.775 Y100.525 E1298.9223
G1 Z33.588 X179.775 Y100.525 E1299.26079
G1 Z33.606 X179.775 Y119.775 E1299.91238
G1 Z33.641 X140.004 Y119.775 E1301.2586
G1 Z33.642 X138.758 Y119.736 E1301.30077
G1 Z33.644 X137.522 Y119.619 E1301.34282
G1 Z33.645 X136.295 Y119.425 E1301.38487
G1 Z33.646 X135.082 Y119.154 E1301.42692
G1 Z33.647 X133.889 Y118.807 E1301.46897
G1 Z33.648 X132.72 Y118.386 E1301.51102
G1 Z33.649 X131.58 Y117.893 E1301.55307
G1 Z33.650 X130.473 Y117.329 E1301.59512
G1 Z33.651 X129.404 Y116.696 E1301.63717
G1 Z33.652 X128.377 Y115.998 E1301.67922
G1 Z33.654 X127.395 Y115.237 E1301.72127
G1 Z33.655 X126.463 Y114.415 E1301.76332
G1 Z33.656 X125.585 Y113.537 E1301.80537
G1 Z33.657 X124.763 Y112.605 E1301.84742
G1 Z33.658 X124.002 Y111.623 E1301.88947
G1 Z33.659 X123.304 Y110.596 E1301.93152
G1 Z33.660 X122.671 Y109.527 E1301.97357
G1 Z33.661 X122.107 Y108.42 E1302.01562
G1 Z33.663 X121.614 Y107.28 E1302.05767
G1 Z33.664 X121.193 Y106.111 E1302.09972
G1 Z33.665 X120.846 Y104.918 E1302.14177
G1 Z33.666 X120.575 Y103.705 E1302.18382
G1 Z33.667 X120.381 Y102.478 E1302.22587
G1 Z33.668 X120.264 Y101.242 E1302.26792
G1 Z33.669 X120.225 Y100 E1302.30997
G1 Z33.670 X120.264 Y98.758 E1302.35202
G1 Z33.671 X120.381 Y97.522 E1302.39407
G1 Z33.673 X120.575 Y96.295 E1302.43612
G1 Z33.674 X120.846 Y95.082 E1302.47817
G1 Z33.675 X121.193 Y93.889 E1302.52022
G1 Z33.676 X121.614 Y92.72 E1302.56227
G1 Z33.677 X122.107 Y91.58 E1302.60432
G1 Z33.678 X122.671 Y90.473 E1302.64637
G1 Z33.679 X123.304 Y89.404 E1302.68842
G1 Z33.680 X123.738 Y88.765 E1302.71459
;LAYER_CHANGE
;Z:33.88
;HEIGHT:0.200001
G1 Z33.680 F600
G1 F6066
G1 Z33.680 X124.002 Y88.377 E1302.73047
G1 Z33.682 X124.763 Y87.395 E1302.77252
G1 Z33.683 X125.585 Y86.463 E1302.81457
G1 Z33.684 X126.463 Y85.585 E1302.85662
G1 Z33.685 X127.395 Y84.763 E1302.89867
G1 Z33.686 X128.377 Y84.002 E1302.94072
G1 Z33.687 X129.404 Y83.304 E1302.98277
G1 Z33.688 X130.473 Y82.671 E1303.02482
G1 Z33.689 X131.58 Y82.107 E1303.06687
G1 Z33.690 X132.72 Y81.614 E1303.10892
G1 Z33.692 X133.889 Y81.193 E1303.15097
G1 Z33.693 X135.082 Y80.846 E1303.19302
G1 Z33.694 X136.295 Y80.575 E1303.23507
G1 Z33.695 X137.522 Y80.381 E1303.27712
G1 Z33.696 X138.758 Y80.264 E1303.31917
G1 Z33.697 X140.004 Y80.225 E1303.36134
G1 Z33.711 X155.405 Y80.225 E1303.88267
G1 Z33.711 X155.405 Y80.525 E1303.89282
G1 Z33.712 X156.34 Y80.525 E1303.92447
G1 Z33.712 X156.34 Y80.225 E1303.93462
G1 Z33.715 X159.475 Y80.225 E1304.04073
G1 Z33.724 X159.475 Y90.225 E1304.37922
G1 Z33.725 X160.525 Y90.225 E1304.41476
G1 Z33.734 X160.525 Y80.225 E1304.75325
G1 Z33.751 X179.775 Y80.225 E1305.40484
G1 Z33.765 X179.775 Y95.405 E1305.91866
G1 Z33.765 X179.475 Y95.405 E1305.92882
G1 Z33.766 X179.475 Y96.34 E1305.96046
G1 Z33.766 X179.775 Y96.34 E1305.97062
G1 Z33.769 X179.775 Y99.475 E1306.07674
G1 Z33.778 X169.775 Y99.475 E1306.41523
G1 Z33.779 X169.775 Y100.525 E1306.45077
G1 Z33.788 X179.775 Y100.525 E1306.78926
G1 Z33.806 X179.775 Y119.775 E1307.44085
G1 Z33.841 X140.004 Y119.775 E1308.78706
G1 Z33.842 X138.758 Y119.736 E1308.82923
G1 Z33.844 X137.522 Y119.619 E1308.87128
G1 Z33.845 X136.295 Y119.425 E1308.91333
G1 Z33.846 X135.082 Y119.154 E1308.95538
G1 Z33.847 X133.889 Y118.807 E1308.99743
G1 Z33.848 X132.72 Y118.386 E1309.03948
G1 Z33.849 X131.58 Y117.893 E1309.08153
G1 Z33.850 X130.473 Y117.329 E1309.12358
G1 Z33.851 X129.404 Y116.696 E1309.16563
G1 Z33.852 X128.377 Y115.998 E1309.20768
G1 Z33.854 X127.395 Y115.237 E1309.24973
G1 Z33.855 X126.463 Y114.415 E1309.29178
G1 Z33.856 X125.585 Y113.537 E1309.33383
G1 Z33.857 X124.763 Y112.605 E1309.37588
G1 Z33.858 X124.002 Y111.623 E1309.41793
G1 Z33.859 X123.304 Y110.596 E1309.45998
G1 Z33.860 X122.671 Y109.527 E1309.50203
G1 Z33.861 X122.107 Y108.42 E1309.54408
G1 Z33.863 X121.614 Y107.28 E1309.58613
G1 Z33.864 X121.193 Y106.111 E1309.62818
G1 Z33.865 X120.846 Y104.918 E1309.67023
G1 Z33.866 X120.575 Y103.705 E1309.71228
G1 Z33.867 X120.381 Y102.478 E1309.75433
G1 Z33.868 X120.264 Y101.242 E1309.79638
G1 Z33.869 X120.225 Y100 E1309.83843
G1 Z33.870 X120.264 Y98.758 E1309.88048
G1 Z33.871 X120.381 Y97.522 E1309.92253
G1 Z33.873 X120.575 Y96.295 E1309.96458
G1 Z33.874 X120.846 Y95.082 E1310.00663
G1 Z33.875 X121.193 Y93.889 E1310.04868
G1 Z33.876 X121.614 Y92.72 E1310.09073
G1 Z33.877 X122.107 Y91.58 E1310.13278
G1 Z33.878 X122.671 Y90.473 E1310.17483
G1 Z33.879 X123.304 Y89.404 E1310.21688
G1 Z33.880 X123.738 Y88.765 E1310.24306
;LAYER_CHANGE
;Z:34.08
;HEIGHT:0.200001
G1 Z33.880 F600
G1 F6066
G1 Z33.880 X124.002 Y88.377 E1310.25893
G1 Z33.882 X124.763 Y87.395 E1310.30098
G1 Z33.883 X125.585 Y86.463 E1310.34303
G1 Z33.884 X126.463 Y85.585 E1310.38508
G1 Z33.885 X127.395 Y84.763 E1310.42713
G1 Z33.886 X128.377 Y84.002 E1310.46918
G1 Z33.887 X129.404 Y83.304 E1310.51123
G1 Z33.888 X130.473 Y82.671 E1310.55328
G1 Z33.889 X131.58 Y82.107 E1310.59533
G1 Z33.890 X132.72 Y81.614 E1310.63738
G1 Z33.892 X133.889 Y81.193 E1310.67943
G1 Z33.893 X135.082 Y80.846 E1310.72148
G1 Z33.894 X136.295 Y80.575 E1310.76353
G1 Z33.895 X137.522 Y80.381 E1310.80558
G1 Z33.896 X138.758 Y80.264 E1310.84763
G1 Z33.897 X140.004 Y80.225 E1310.8898
G1 Z33.911 X155.405 Y80.225 E1311.41113
G1 Z33.911 X155.405 Y80.525 E1311.42129
G1 Z33.912 X156.687 Y80.525 E1311.46466
G1 Z33.913 X156.687 Y80.225 E1311.47481
G1 Z33.915 X159.475 Y80.225 E1311.5692
G1 Z33.924 X159.475 Y90.225 E1311.90769
G1 Z33.925 X160.525 Y90.225 E1311.94323
G1 Z33.934 X160.525 Y80.225 E1312.28171
G1 Z33.951 X179.775 Y80.225 E1312.9333
G1 Z33.965 X179.775 Y95.405 E1313.44713
G1 Z33.965 X179.475 Y95.405 E1313.45728
G1 Z33.967 X179.475 Y96.686 E1313.50065
G1 Z33.967 X179.775 Y96.686 E1313.51081
G1 Z33.969 X179.775 Y99.475 E1313.6052
G1 Z33.978 X169.775 Y99.475 E1313.94369
G1 Z33.979 X169.775 Y100.525 E1313.97923
G1 Z33.988 X179.775 Y100.525 E1314.31772
G1 Z34.006 X179.775 Y119.775 E1314.96931
G1 Z34.041 X140.004 Y119.775 E1316.31553
G1 Z34.042 X138.758 Y119.736 E1316.3577
G1 Z34.044 X137.522 Y119.619 E1316.39975
G1 Z34.045 X136.295 Y119.425 E1316.4418
G1 Z34.046 X135.082 Y119.154 E1316.48385
G1 Z34.047 X133.889 Y118.807 E1316.5259
G1 Z34.048 X132.72 Y118.386 E1316.56795
G1 Z34.049 X131.58 Y117.893 E1316.61
G1 Z34.050 X130.473 Y117.329 E1316.65205
G1 Z34.051 X129.404 Y116.696 E1316.6941
G1 Z34.052 X128.377 Y115.998 E1316.73615
G1 Z34.054 X127.395 Y115.237 E1316.7782
G1 Z34.055 X126.463 Y114.415 E1316.82025
G1 Z34.056 X125.585 Y113.537 E1316.8623
G1 Z34.057 X124.763 Y112.605 E1316.90435
G1 Z34.058 X124.002 Y111.623 E1316.9464
G1 Z34.059 X123.304 Y110.596 E1316.98845
G1 Z34.060 X122.671 Y109.527 E1317.0305
G1 Z34.061 X122.107 Y108.42 E1317.07255
G1 Z34.063 X121.614 Y107.28 E1317.1146
G1 Z34.064 X121.193 Y106.111 E1317.15665
G1 Z34.065 X120.846 Y104.918 E1317.1987
G1 Z34.066 X120.575 Y103.705 E1317.24075
G1 Z34.067 X120.381 Y102.478 E1317.2828
G1 Z34.068 X120.264 Y101.242 E1317.32485
G1 Z34.069 X120.225 Y100 E1317.3669
G1 Z34.070 X120.264 Y98.758 E1317.40895
G1 Z34.071 X120.381 Y97.522 E1317.451
G1 Z34.073 X120.575 Y96.295 E1317.49305
G1 Z34.074 X120.846 Y95.082 E1317.5351
G1 Z34.075 X121.193 Y93.889 E1317.57715
G1 Z34.076 X121.614 Y92.72 E1317.6192
G1 Z34.077 X122.107 Y91.58 E1317.66125
G1 Z34.078 X122.671 Y90.473 E1317.7033
G1 Z34.079 X123.304 Y89.404 E1317.74535
G1 Z34.080 X123.738 Y88.765 E1317.77152
;LAYER_CHANGE
;Z:34.28
;HEIGHT:0.199997
G1 Z34.080 F600
G1 F6066
G1 Z34.080 X124.002 Y88.377 E1317.7874
G1 Z34.082 X124.763 Y87.395 E1317.82945
G1 Z34.083 X125.585 Y86.463 E1317.8715
G1 Z34.084 X126.463 Y85.585 E1317.91355
G1 Z34.085 X127.395 Y84.763 E1317.9556
G1 Z34.086 X128.377 Y84.002 E1317.99765
G1 Z34.087 X129.404 Y83.304 E1318.0397
G1 Z34.088 X130.473 Y82.671 E1318.08175
G1 Z34.089 X131.58 Y82.107 E1318.1238
G1 Z34.090 X132.72 Y81.614 E1318.16585
G1 Z34.092 X133.889 Y81.193 E1318.2079
G1 Z34.093 X135.082 Y80.846 E1318.24995
G1 Z34.094 X136.295 Y80.575 E1318.292
G1 Z34.095 X137.522 Y80.381 E1318.33405
G1 Z34.096 X138.758 Y80.264 E1318.3761
G1 Z34.097 X140.004 Y80.225 E1318.41827
G1 Z34.111 X155.405 Y80.225 E1318.93959
G1 Z34.111 X155.405 Y80.525 E1318.94975
G1 Z34.113 X157.033 Y80.525 E1319.00485
G1 Z34.113 X157.033 Y80.225 E1319.015
G1 Z34.115 X159.475 Y80.225 E1319.09766
G1 Z34.124 X159.475 Y90.225 E1319.43615
G1 Z34.125 X160.525 Y90.225 E1319.47169
G1 Z34.134 X160.525 Y80.225 E1319.81018
G1 Z34.151 X179.775 Y80.225 E1320.46177
G1 Z34.165 X179.775 Y95.405 E1320.97559
G1 Z34.165 X179.475 Y95.405 E1320.98574
G1 Z34.167 X179.475 Y97.033 E1321.04084
G1 Z34.167 X179.775 Y97.033 E1321.051
G1 Z34.169 X179.775 Y99.475 E1321.13367
G1 Z34.178 X169.775 Y99.475 E1321.47215
G1 Z34.179 X169.775 Y100.525 E1321.5077
G1 Z34.188 X179.775 Y100.525 E1321.84618
G1 Z34.206 X179.775 Y119.775 E1322.49777
G1 Z34.241 X140.004 Y119.775 E1323.84399
G1 Z34.242 X138.758 Y119.736 E1323.88616
G1 Z34.244 X137.522 Y119.619 E1323.92821
G1 Z34.245 X136.295 Y119.425 E1323.97026
G1 Z34.246 X135.082 Y119.154 E1324.01231
G1 Z34.247 X133.889 Y118.807 E1324.05436
G1 Z34.248 X132.72 Y118.386 E1324.09641
G1 Z34.249 X131.58 Y117.893 E1324.13846
G1 Z34.250 X130.473 Y117.329 E1324.18051
G1 Z34.251 X129.404 Y116.696 E1324.22256
G1 Z34.252 X128.377 Y115.998 E1324.26461
G1 Z34.254 X127.395 Y115.237 E1324.30666
G1 Z34.255 X126.463 Y114.415 E1324.34871
G1 Z34.256 X125.585 Y113.537 E1324.39076
G1 Z34.257 X124.763 Y112.605 E1324.43281
G1 Z34.258 X124.002 Y111.623 E1324.47486
G1 Z34.259 X123.304 Y110.596 E1324.51691
G1 Z34.260 X122.671 Y109.527 E1324.55896
G1 Z34.261 X122.107 Y108.42 E1324.60101
G1 Z34.263 X121.614 Y107.28 E1324.64306
G1 Z34.264 X121.193 Y106.111 E1324.68511
G1 Z34.265 X120.846 Y104.918 E1324.72716
G1 Z34.266 X120.575 Y103.705 E1324.76921
G1 Z34.267 X120.381 Y102.478 E1324.81126
G1 Z34.268 X120.264 Y101.242 E1324.85331
G1 Z34.269 X120.225 Y100 E1324.89536
G1 Z34.270 X120.264 Y98.758 E1324.93741
G1 Z34.271 X120.381 Y97.522 E1324.97946
G1 Z34.273 X120.575 Y96.295 E1325.02151
G1 Z34.274 X120.846 Y95.082 E1325.06356
G1 Z34.275 X121.193 Y93.889 E1325.10561
G1 Z34.276 X121.614 Y92.72 E1325.14766
G1 Z34.277 X122.107 Y91.58 E1325.18971
G1 Z34.278 X122.671 Y90.473 E1325.23176
G1 Z34.279 X123.304 Y89.404 E1325.27381
G1 Z34.280 X123.738 Y88.765 E1325.29998
;LAYER_CHANGE
;Z:34.48
;HEIGHT:0.200001
G1 Z34.280 F600
G1 F6066
G1 Z34.280 X124.002 Y88.377 E1325.31586
G1 Z34.282 X124.763 Y87.395 E1325.35791
G1 Z34.283 X125.585 Y86.463 E1325.39996
G1 Z34.284 X126.463 Y85.585 E1325.44201
G1 Z34.285 X127.395 Y84.763 E1325.48406
G1 Z34.286 X128.377 Y84.002 E1325.52611
G1 Z34.287 X129.404 Y83.304 E1325.56816
G1 Z34.288 X130.473 Y82.671 E1325.61021
G1 Z34.289 X131.58 Y82.107 E1325.65226
G1 Z34.290 X132.72 Y81.614 E1325.69431
G1 Z34.292 X133.889 Y81.193 E1325.73636
G1 Z34.293 X135.082 Y80.846 E1325.77841
G1 Z34.294 X136.295 Y80.575 E1325.82046
G1 Z34.295 X137.522 Y80.381 E1325.86251
G1 Z34.296 X138.758 Y80.264 E1325.90456
G1 Z34.297 X140.004 Y80.225 E1325.94673
G1 Z34.311 X155.405 Y80.225 E1326.46806
G1 Z34.311 X155.405 Y80.525 E1326.47821
G1 Z34.313 X157.379 Y80.525 E1326.54504
G1 Z34.313 X157.379 Y80.225 E1326.55519
G1 Z34.315 X159.475 Y80.225 E1326.62612
G1 Z34.324 X159.475 Y90.225 E1326.96461
G1 Z34.325 X160.525 Y90.225 E1327.00015
G1 Z34.334 X160.525 Y80.225 E1327.33864
G1 Z34.351 X179.775 Y80.225 E1327.99023
G1 Z34.365 X179.775 Y95.405 E1328.50405
G1 Z34.365 X179.475 Y95.405 E1328.51421
G1 Z34.367 X179.475 Y97.379 E1328.58103
G1 Z34.367 X179.775 Y97.379 E1328.59119
G1 Z34.369 X179.775 Y99.475 E1328.66213
G1 Z34.378 X169.775 Y99.475 E1329.00062
G1 Z34.379 X169.775 Y100.525 E1329.03616
G1 Z34.388 X179.775 Y100.525 E1329.37465
G1 Z34.406 X179.775 Y119.775 E1330.02624
G1 Z34.441 X140.004 Y119.775 E1331.37245
G1 Z34.442 X138.758 Y119.736 E1331.41462
G1 Z34.444 X137.522 Y119.619 E1331.45667
G1 Z34.445 X136.295 Y119.425 E1331.49872
G1 Z34.446 X135.082 Y119.154 E1331.54077
G1 Z34.447 X133.889 Y118.807 E1331.58282
G1 Z34.448 X132.72 Y118.386 E1331.62487
G1 Z34.449 X131.58 Y117.893 E1331.66692
G1 Z34.450 X130.473 Y117.329 E1331.70897
G1 Z34.451 X129.404 Y116.696 E1331.75102
G1 Z34.452 X128.377 Y115.998 E1331.79307
G1 Z34.454 X127.395 Y115.237 E1331.83512
G1 Z34.455 X126.463 Y114.415 E1331.87717
G1 Z34.456 X125.585 Y113.537 E1331.91922
G1 Z34.457 X124.763 Y112.605 E1331.96127
G1 Z34.458 X124.002 Y111.623 E1332.00332
G1 Z34.459 X123.304 Y110.596 E1332.04537
G1 Z34.460 X122.671 Y109.527 E1332.08742
G1 Z34.461 X122.107 Y108.42 E1332.12947
G1 Z34.463 X121.614 Y107.28 E1332.17152
G1 Z34.464 X121.193 Y106.111 E1332.21357
G1 Z34.465 X120.846 Y104.918 E1332.25562
G1 Z34.466 X120.575 Y103.705 E1332.29767
G1 Z34.467 X120.381 Y102.478 E1332.33972
G1 Z34.468 X120.264 Y101.242 E1332.38177
G1 Z34.469 X120.225 Y100 E1332.42382
G1 Z34.470 X120.264 Y98.758 E1332.46587
G1 Z34.471 X120.381 Y97.522 E1332.50792
G1 Z34.473 X120.575 Y96.295 E1332.54997
G1 Z34.474 X120.846 Y95.082 E1332.59202
G1 Z34.475 X121.193 Y93.889 E1332.63407
G1 Z34.476 X121.614 Y92.72 E1332.67612
G1 Z34.477 X122.107 Y91.58 E1332.71817
G1 Z34.478 X122.671 Y90.473 E1332.76022
G1 Z34.479 X123.304 Y89.404 E1332.80227
G1 Z34.480 X123.738 Y88.765 E1332.82845
;LAYER_CHANGE
;Z:34.68
;HEIGHT:0.200001
G1 Z34.480 F600
G1 F6066
G1 Z34.480 X124.002 Y88.377 E1332.84432
G1 Z34.482 X124.763 Y87.395 E1332.88637
G1 Z34.483 X125.585 Y86.463 E1332.92842
G1 Z34.484 X126.463 Y85.585 E1332.97047
G1 Z34.485 X127.395 Y84.763 E1333.01252
G1 Z34.486 X128.377 Y84.002 E1333.05457
G1 Z34.487 X129.404 Y83.304 E1333.09662
G1 Z34.488 X130.473 Y82.671 E1333.13867
G1 Z34.489 X131.58 Y82.107 E1333.18072
G1 Z34.490 X132.72 Y81.614 E1333.22277
G1 Z34.492 X133.889 Y81.193 E1333.26482
G1 Z34.493 X135.082 Y80.846 E1333.30687
G1 Z34.494 X136.295 Y80.575 E1333.34892
G1 Z34.495 X137.522 Y80.381 E1333.39097
G1 Z34.496 X138.758 Y80.264 E1333.43302
G1 Z34.497 X140.004 Y80.225 E1333.47519
G1 Z34.511 X155.405 Y80.225 E1333.99652
G1 Z34.511 X155.405 Y80.525 E1334.00668
G1 Z34.513 X157.726 Y80.525 E1334.08523
G1 Z34.514 X157.726 Y80.225 E1334.09538
G1 Z34.515 X159.475 Y80.225 E1334.15459
G1 Z34.524 X159.475 Y90.225 E1334.49308
G1 Z34.525 X160.525 Y90.225 E1334.52862
G1 Z34.534 X160.525 Y80.225 E1334.86711
G1 Z34.551 X179.775 Y80.225 E1335.5187
G1 Z34.565 X179.775 Y95.405 E1336.03252
G1 Z34.565 X179.475 Y95.405 E1336.04267
G1 Z34.567 X179.475 Y97.726 E1336.12122
G1 Z34.568 X179.775 Y97.726 E1336.13138
G1 Z34.569 X179.775 Y99.475 E1336.19059
G1 Z34.578 X169.775 Y99.475 E1336.52908
G1 Z34.579 X169.775 Y100.525 E1336.56462
G1 Z34.588 X179.775 Y100.525 E1336.90311
G1 Z34.606 X179.775 Y119.775 E1337.5547
G1 Z34.641 X140.004 Y119.775 E1338.90092
G1 Z34.642 X138.758 Y119.736 E1338.94309
G1 Z34.644 X137.522 Y119.619 E1338.98514
G1 Z34.645 X136.295 Y119.425 E1339.02719
G1 Z34.646 X135.082 Y119.154 E1339.06924
G1 Z34.647 X133.889 Y118.807 E1339.11129
G1 Z34.648 X132.72 Y118.386 E1339.15334
G1 Z34.649 X131.58 Y117.893 E1339.19539
G1 Z34.650 X130.473 Y117.329 E1339.23744
G1 Z34.651 X129.404 Y116.696 E1339.27949
G1 Z34.652 X128.377 Y115.998 E1339.32154
G1 Z34.654 X127.395 Y115.237 E1339.36359
G1 Z34.655 X126.463 Y114.415 E1339.40564
G1 Z34.656 X125.585 Y113.537 E1339.44769
G1 Z34.657 X124.763 Y112.605 E1339.48974
G1 Z34.658 X124.002 Y111.623 E1339.53179
G1 Z34.659 X123.304 Y110.596 E1339.57384
G1 Z34.660 X122.671 Y109.527 E1339.61589
G1 Z34.661 X122.107 Y108.42 E1339.65794
G1 Z34.663 X121.614 Y107.28 E1339.69999
G1 Z34.664 X121.193 Y106.111 E1339.74204
G1 Z34.665 X120.846 Y104.918 E1339.78409
G1 Z34.666 X120.575 Y103.705 E1339.82614
G1 Z34.667 X120.381 Y102.478 E1339.86819
G1 Z34.668 X120.264 Y101.242 E1339.91024
G1 Z34.669 X120.225 Y100 E1339.95229
G1 Z34.670 X120.264 Y98.758 E1339.99434
G1 Z34.671 X120.381 Y97.522 E1340.03639
G1 Z34.673 X120.575 Y96.295 E1340.07844
G1 Z34.674 X120.846 Y95.082 E1340.12049
G1 Z34.675 X121.193 Y93.889 E1340.16254
G1 Z34.676 X121.614 Y92.72 E1340.20459
G1 Z34.677 X122.107 Y91.58 E1340.24664
G1 Z34.678 X122.671 Y90.473 E1340.28869
G1 Z34.679 X123.304 Y89.404 E1340.33074
G1 Z34.680 X123.738 Y88.765 E1340.35691
;LAYER_CHANGE
;Z:34.88
;HEIGHT:0.200001
G1 Z34.680 F600
G1 F6066
G1 Z34.680 X124.002 Y88.377 E1340.37279
G1 Z34.682 X124.763 Y87.395 E1340.41484
G1 Z34.683 X125.585 Y86.463 E1340.45689
G1 Z34.684 X126.463 Y85.585 E1340.49894
G1 Z34.685 X127.395 Y84.763 E1340.54099
G1 Z34.686 X128.377 Y84.002 E1340.58304
G1 Z34.687 X129.404 Y83.304 E1340.62509
G1 Z34.688 X130.473 Y82.671 E1340.66714
G1 Z34.689 X131.58 Y82.107 E1340.70919
G1 Z34.690 X132.72 Y81.614 E1340.75124
G1 Z34.692 X133.889 Y81.193 E1340.79329
G1 Z34.693 X135.082 Y80.846 E1340.83534
G1 Z34.694 X136.295 Y80.575 E1340.87739
G1 Z34.695 X137.522 Y80.381 E1340.91944
G1 Z34.696 X138.758 Y80.264 E1340.96149
G1 Z34.697 X140.004 Y80.225 E1341.00366
G1 Z34.711 X155.405 Y80.225 E1341.52499
G1 Z34.711 X155.405 Y80.525 E1341.53514
G1 Z34.714 X158.072 Y80.525 E1341.62542
G1 Z34.714 X158.072 Y80.225 E1341.63557
G1 Z34.715 X159.475 Y80.225 E1341.68305
G1 Z34.724 X159.475 Y90.225 E1342.02154
G1 Z34.725 X160.525 Y90.225 E1342.05708
G1 Z34.734 X160.525 Y80.225 E1342.39557
G1 Z34.751 X179.775 Y80.225 E1343.04716
G1 Z34.765 X179.775 Y95.405 E1343.56098
G1 Z34.765 X179.475 Y95.405 E1343.57114
G1 Z34.768 X179.475 Y98.072 E1343.66141
G1 Z34.768 X179.775 Y98.072 E1343.67157
G1 Z34.769 X179.775 Y99.475 E1343.71906
G1 Z34.778 X169.775 Y99.475 E1344.05755
G1 Z34.779 X169.775 Y100.525 E1344.09309
G1 Z34.788 X179.775 Y100.525 E1344.43158
G1 Z34.806 X179.775 Y119.775 E1345.08317
G1 Z34.841 X140.004 Y119.775 E1346.42938
G1 Z34.842 X138.758 Y119.736 E1346.47155
G1 Z34.844 X137.522 Y119.619 E1346.5136
G1 Z34.845 X136.295 Y119.425 E1346.55565
G1 Z34.846 X135.082 Y119.154 E1346.5977
G1 Z34.847 X133.889 Y118.807 E1346.63975
G1 Z34.848 X132.72 Y118.386 E1346.6818
G1 Z34.849 X131.58 Y117.893 E1346.72385
G1 Z34.850 X130.473 Y117.329 E1346.7659
G1 Z34.851 X129.404 Y116.696 E1346.80795
G1 Z34.852 X128.377 Y115.998 E1346.85
G1 Z34.854 X127.395 Y115.237 E1346.89205
G1 Z34.855 X126.463 Y114.415 E1346.9341
G1 Z34.856 X125.585 Y113.537 E1346.97615
G1 Z34.857 X124.763 Y112.605 E1347.0182
G1 Z34.858 X124.002 Y111.623 E1347.06025
G1 Z34.859 X123.304 Y110.596 E1347.1023
G1 Z34.860 X122.671 Y109.527 E1347.14435
G1 Z34.861 X122.107 Y108.42 E1347.1864
G1 Z34.863 X121.614 Y107.28 E1347.22845
G1 Z34.864 X121.193 Y106.111 E1347.2705
G1 Z34.865 X120.846 Y104.918 E1347.31255
G1 Z34.866 X120.575 Y103.705 E1347.3546
G1 Z34.867 X120.381 Y102.478 E1347.39665
G1 Z34.868 X120.264 Y101.242 E1347.4387
G1 Z34.869 X120.225 Y100 E1347.48075
G1 Z34.870 X120.264 Y98.758 E1347.5228
G1 Z34.871 X120.381 Y97.522 E1347.56485
G1 Z34.873 X120.575 Y96.295 E1347.6069
G1 Z34.874 X120.846 Y95.082 E1347.64895
G1 Z34.875 X121.193 Y93.889 E1347.691
G1 Z34.876 X121.614 Y92.72 E1347.73305
G1 Z34.877 X122.107 Y91.58 E1347.7751
G1 Z34.878 X122.671 Y90.473 E1347.81715
G1 Z34.879 X123.304 Y89.404 E1347.8592
G1 Z34.880 X123.738 Y88.765 E1347.88538
;LAYER_CHANGE
;Z:35.08
;HEIGHT:0.200001
G1 Z34.880 F600
G1 F6066
G1 Z34.880 X124.002 Y88.377 E1347.90125
G1 Z34.882 X124.763 Y87.395 E1347.9433
G1 Z34.883 X125.585 Y86.463 E1347.98535
G1 Z34.884 X126.463 Y85.585 E1348.0274
G1 Z34.885 X127.395 Y84.763 E1348.06945
G1 Z34.886 X128.377 Y84.002 E1348.1115
G1 Z34.887 X129.404 Y83.304 E1348.15355
G1 Z34.888 X130.473 Y82.671 E1348.1956
G1 Z34.889 X131.58 Y82.107 E1348.23765
G1 Z34.890 X132.72 Y81.614 E1348.2797
G1 Z34.892 X133.889 Y81.193 E1348.32175
G1 Z34.893 X135.082 Y80.846 E1348.3638
G1 Z34.894 X136.295 Y80.575 E1348.40585
G1 Z34.895 X137.522 Y80.381 E1348.4479
G1 Z34.896 X138.758 Y80.264 E1348.48995
G1 Z34.897 X140.004 Y80.225 E1348.53212
G1 Z34.911 X155.405 Y80.225 E1349.05345
G1 Z34.911 X155.405 Y80.525 E1349.0636
G1 Z34.914 X158.419 Y80.525 E1349.16561
G1 Z34.914 X158.419 Y80.225 E1349.17576
G1 Z34.915 X159.475 Y80.225 E1349.21152
G1 Z34.924 X159.475 Y90.225 E1349.55
G1 Z34.925 X160.525 Y90.225 E1349.58555
G1 Z34.934 X160.525 Y80.225 E1349.92403
G1 Z34.951 X179.775 Y80.225 E1350.57562
G1 Z34.965 X179.775 Y95.405 E1351.08945
G1 Z34.965 X179.475 Y95.405 E1351.0996
G1 Z34.968 X179.475 Y98.418 E1351.2016
G1 Z34.968 X179.775 Y98.418 E1351.21176
G1 Z34.969 X179.775 Y99.475 E1351.24752
G1 Z34.978 X169.775 Y99.475 E1351.58601
G1 Z34.979 X169.775 Y100.525 E1351.62155
G1 Z34.988 X179.775 Y100.525 E1351.96004
G1 Z35.006 X179.775 Y119.775 E1352.61163
G1 Z35.041 X140.004 Y119.775 E1353.95784
G1 Z35.042 X138.758 Y119.736 E1354.00002
G1 Z35.044 X137.522 Y119.619 E1354.04207
G1 Z35.045 X136.295 Y119.425 E1354.08412
G1 Z35.046 X135.082 Y119.154 E1354.12617
G1 Z35.047 X133.889 Y118.807 E1354.16822
G1 Z35.048 X132.72 Y118.386 E1354.21027
G1 Z35.049 X131.58 Y117.893 E1354.25232
G1 Z35.050 X130.473 Y117.329 E1354.29437
G1 Z35.051 X129.404 Y116.696 E1354.33642
G1 Z35.052 X128.377 Y115.998 E1354.37847
G1 Z35.054 X127.395 Y115.237 E1354.42052
G1 Z35.055 X126.463 Y114.415 E1354.46257
G1 Z35.056 X125.585 Y113.537 E1354.50462
G1 Z35.057 X124.763 Y112.605 E1354.54666
G1 Z35.058 X124.002 Y111.623 E1354.58872
G1 Z35.059 X123.304 Y110.596 E1354.63077
G1 Z35.060 X122.671 Y109.527 E1354.67282
G1 Z35.061 X122.107 Y108.42 E1354.71487
G1 Z35.063 X121.614 Y107.28 E1354.75692
G1 Z35.064 X121.193 Y106.111 E1354.79897
G1 Z35.065 X120.846 Y104.918 E1354.84101
G1 Z35.066 X120.575 Y103.705 E1354.88307
G1 Z35.067 X120.381 Y102.478 E1354.92511
G1 Z35.068 X120.264 Y101.242 E1354.96717
G1 Z35.069 X120.225 Y100 E1355.00922
G1 Z35.070 X120.264 Y98.758 E1355.05127
G1 Z35.071 X120.381 Y97.522 E1355.09332
G1 Z35.073 X120.575 Y96.295 E1355.13537
G1 Z35.074 X120.846 Y95.082 E1355.17742
G1 Z35.075 X121.193 Y93.889 E1355.21947
G1 Z35.076 X121.614 Y92.72 E1355.26152
G1 Z35.077 X122.107 Y91.58 E1355.30356
G1 Z35.078 X122.671 Y90.473 E1355.34562
G1 Z35.079 X123.304 Y89.404 E1355.38767
G1 Z35.080 X123.738 Y88.765 E1355.41384
;LAYER_CHANGE
;Z:35.28
;HEIGHT:0.199997
G1 Z35.080 F600
G1 F6066
G1 Z35.080 X124.002 Y88.377 E1355.42971
G1 Z35.082 X124.763 Y87.395 E1355.47177
G1 Z35.083 X125.585 Y86.463 E1355.51382
G1 Z35.084 X126.463 Y85.585 E1355.55586
G1 Z35.085 X127.395 Y84.763 E1355.59792
G1 Z35.086 X128.377 Y84.002 E1355.63996
G1 Z35.087 X129.404 Y83.304 E1355.68202
G1 Z35.088 X130.473 Y82.671 E1355.72406
G1 Z35.089 X131.58 Y82.107 E1355.76612
G1 Z35.090 X132.72 Y81.614 E1355.80816
G1 Z35.092 X133.889 Y81.193 E1355.85022
G1 Z35.093 X135.082 Y80.846 E1355.89226
G1 Z35.094 X136.295 Y80.575 E1355.93432
G1 Z35.095 X137.522 Y80.381 E1355.97636
G1 Z35.096 X138.758 Y80.264 E1356.01842
G1 Z35.097 X140.004 Y80.225 E1356.06059
G1 Z35.111 X155.405 Y80.225 E1356.58191
G1 Z35.111 X155.405 Y80.525 E1356.59207
G1 Z35.114 X158.142 Y80.525 E1356.68469
G1 Z35.114 X158.142 Y80.225 E1356.69484
G1 Z35.115 X159.475 Y80.225 E1356.73998
G1 Z35.124 X159.475 Y90.225 E1357.07847
G1 Z35.125 X160.525 Y90.225 E1357.11401
G1 Z35.134 X160.525 Y80.225 E1357.4525
G1 Z35.151 X179.775 Y80.225 E1358.10409
G1 Z35.165 X179.775 Y95.405 E1358.61791
G1 Z35.165 X179.475 Y95.405 E1358.62806
G1 Z35.168 X179.475 Y98.141 E1358.72068
G1 Z35.168 X179.775 Y98.141 E1358.73084
G1 Z35.169 X179.775 Y99.475 E1358.77599
G1 Z35.178 X169.775 Y99.475 E1359.11447
G1 Z35.179 X169.775 Y100.525 E1359.15002
G1 Z35.188 X179.775 Y100.525 E1359.4885
G1 Z35.206 X179.775 Y119.775 E1360.14009
G1 Z35.241 X140.004 Y119.775 E1361.48631
G1 Z35.242 X138.758 Y119.736 E1361.52848
G1 Z35.244 X137.522 Y119.619 E1361.57053
G1 Z35.245 X136.295 Y119.425 E1361.61258
G1 Z35.246 X135.082 Y119.154 E1361.65463
G1 Z35.247 X133.889 Y118.807 E1361.69668
G1 Z35.248 X132.72 Y118.386 E1361.73873
G1 Z35.249 X131.58 Y117.893 E1361.78078
G1 Z35.250 X130.473 Y117.329 E1361.82283
G1 Z35.251 X129.404 Y116.696 E1361.86488
G1 Z35.252 X128.377 Y115.998 E1361.90693
G1 Z35.254 X127.395 Y115.237 E1361.94898
G1 Z35.255 X126.463 Y114.415 E1361.99103
G1 Z35.256 X125.585 Y113.537 E1362.03308
G1 Z35.257 X124.763 Y112.605 E1362.07513
G1 Z35.258 X124.002 Y111.623 E1362.11718
G1 Z35.259 X123.304 Y110.596 E1362.15923
G1 Z35.260 X122.671 Y109.527 E1362.20128
G1 Z35.261 X122.107 Y108.42 E1362.24333
G1 Z35.263 X121.614 Y107.28 E1362.28538
G1 Z35.264 X121.193 Y106.111 E1362.32743
G1 Z35.265 X120.846 Y104.918 E1362.36948
G1 Z35.266 X120.575 Y103.705 E1362.41153
G1 Z35.267 X120.381 Y102.478 E1362.45358
G1 Z35.268 X120.264 Y101.242 E1362.49563
G1 Z35.269 X120.225 Y100 E1362.53768
G1 Z35.270 X120.264 Y98.758 E1362.57973
G1 Z35.271 X120.381 Y97.522 E1362.62178
G1 Z35.273 X120.575 Y96.295 E1362.66383
G1 Z35.274 X120.846 Y95.082 E1362.70588
G1 Z35.275 X121.193 Y93.889 E1362.74793
G1 Z35.276 X121.614 Y92.72 E1362.78998
G1 Z35.277 X122.107 Y91.58 E1362.83203
G1 Z35.278 X122.671 Y90.473 E1362.87408
G1 Z35.279 X123.304 Y89.404 E1362.91613
G1 Z35.280 X123.738 Y88.765 E1362.9423
;LAYER_CHANGE
;Z:35.48
;HEIGHT:0.200001
G1 Z35.280 F600
G1 F6066
G1 Z35.280 X124.002 Y88.377 E1362.95818
G1 Z35.282 X124.763 Y87.395 E1363.00023
G1 Z35.283 X125.585 Y86.463 E1363.04228
G1 Z35.284 X126.463 Y85.585 E1363.08433
G1 Z35.285 X127.395 Y84.763 E1363.12638
G1 Z35.286 X128.377 Y84.002 E1363.16843
G1 Z35.287 X129.404 Y83.304 E1363.21048
G1 Z35.288 X130.473 Y82.671 E1363.25253
G1 Z35.289 X131.58 Y82.107 E1363.29458
G1 Z35.290 X132.72 Y81.614 E1363.33663
G1 Z35.292 X133.889 Y81.193 E1363.37868
G1 Z35.293 X135.082 Y80.846 E1363.42073
G1 Z35.294 X136.295 Y80.575 E1363.46278
G1 Z35.295 X137.522 Y80.381 E1363.50483
G1 Z35.296 X138.758 Y80.264 E1363.54688
G1 Z35.297 X140.004 Y80.225 E1363.58905
G1 Z35.311 X155.405 Y80.225 E1364.11038
G1 Z35.311 X155.405 Y80.525 E1364.12053
G1 Z35.313 X157.795 Y80.525 E1364.20143
G1 Z35.314 X157.795 Y80.225 E1364.21158
G1 Z35.315 X159.475 Y80.225 E1364.26844
G1 Z35.324 X159.475 Y90.225 E1364.60693
G1 Z35.325 X160.525 Y90.225 E1364.64247
G1 Z35.334 X160.525 Y80.225 E1364.98096
G1 Z35.351 X179.775 Y80.225 E1365.63255
G1 Z35.365 X179.775 Y95.405 E1366.14637
G1 Z35.365 X179.475 Y95.405 E1366.15653
G1 Z35.368 X179.475 Y97.795 E1366.23742
G1 Z35.368 X179.775 Y97.795 E1366.24758
G1 Z35.369 X179.775 Y99.475 E1366.30445
G1 Z35.378 X169.775 Y99.475 E1366.64294
G1 Z35.379 X169.775 Y100.525 E1366.67848
G1 Z35.388 X179.775 Y100.525 E1367.01697
G1 Z35.406 X179.775 Y119.775 E1367.66856
G1 Z35.441 X140.004 Y119.775 E1369.01477
G1 Z35.442 X138.758 Y119.736 E1369.05694
G1 Z35.444 X137.522 Y119.619 E1369.09899
G1 Z35.445 X136.295 Y119.425 E1369.14104
G1 Z35.446 X135.082 Y119.154 E1369.18309
G1 Z35.447 X133.889 Y118.807 E1369.22514
G1 Z35.448 X132.72 Y118.386 E1369.26719
G1 Z35.449 X131.58 Y117.893 E1369.30924
G1 Z35.450 X130.473 Y117.329 E1369.35129
G1 Z35.451 X129.404 Y116.696 E1369.39334
G1 Z35.452 X128.377 Y115.998 E1369.43539
G1 Z35.454 X127.395 Y115.237 E1369.47744
G1 Z35.455 X126.463 Y114.415 E1369.51949
G1 Z35.456 X125.585 Y113.537 E1369.56154
G1 Z35.457 X124.763 Y112.605 E1369.60359
G1 Z35.458 X124.002 Y111.623 E1369.64564
G1 Z35.459 X123.304 Y110.596 E1369.68769
G1 Z35.460 X122.671 Y109.527 E1369.72974
G1 Z35.461 X122.107 Y108.42 E1369.77179
G1 Z35.463 X121.614 Y107.28 E1369.81384
G1 Z35.464 X121.193 Y106.111 E1369.85589
G1 Z35.465 X120.846 Y104.918 E1369.89794
G1 Z35.466 X120.575 Y103.705 E1369.93999
G1 Z35.467 X120.381 Y102.478 E1369.98204
G1 Z35.468 X120.264 Y101.242 E1370.02409
G1 Z35.469 X120.225 Y100 E1370.06614
G1 Z35.470 X120.264 Y98.758 E1370.10819
G1 Z35.471 X120.381 Y97.522 E1370.15024
G1 Z35.473 X120.575 Y96.295 E1370.19229
G1 Z35.474 X120.846 Y95.082 E1370.23434
G1 Z35.475 X121.193 Y93.889 E1370.27639
G1 Z35.476 X121.614 Y92.72 E1370.31844
G1 Z35.477 X122.107 Y91.58 E1370.36049
G1 Z35.478 X122.671 Y90.473 E1370.40254
G1 Z35.479 X123.304 Y89.404 E1370.44459
G1 Z35.480 X123.738 Y88.765 E1370.47077
;LAYER_CHANGE
;Z:35.68
;HEIGHT:0.200001
G1 Z35.480 F600
G1 F6066
G1 Z35.480 X124.002 Y88.377 E1370.48664
G1 Z35.482 X124.763 Y87.395 E1370.52869
G1 Z35.483 X125.585 Y86.463 E1370.57074
G1 Z35.484 X126.463 Y85.585 E1370.61279
G1 Z35.485 X127.395 Y84.763 E1370.65484
G1 Z35.486 X128.377 Y84.002 E1370.69689
G1 Z35.487 X129.404 Y83.304 E1370.73894
G1 Z35.488 X130.473 Y82.671 E1370.78099
G1 Z35.489 X131.58 Y82.107 E1370.82304
G1 Z35.490 X132.72 Y81.614 E1370.86509
G1 Z35.492 X133.889 Y81.193 E1370.90714
G1 Z35.493 X135.082 Y80.846 E1370.94919
G1 Z35.494 X136.295 Y80.575 E1370.99124
G1 Z35.495 X137.522 Y80.381 E1371.03329
G1 Z35.496 X138.758 Y80.264 E1371.07534
G1 Z35.497 X140.004 Y80.225 E1371.11751
G1 Z35.511 X155.405 Y80.225 E1371.63884
G1 Z35.511 X155.405 Y80.525 E1371.649
G1 Z35.513 X157.449 Y80.525 E1371.71817
G1 Z35.513 X157.449 Y80.225 E1371.72832
G1 Z35.515 X159.475 Y80.225 E1371.79691
G1 Z35.524 X159.475 Y90.225 E1372.1354
G1 Z35.525 X160.525 Y90.225 E1372.17094
G1 Z35.534 X160.525 Y80.225 E1372.50942
G1 Z35.551 X179.775 Y80.225 E1373.16101
G1 Z35.565 X179.775 Y95.405 E1373.67484
G1 Z35.565 X179.475 Y95.405 E1373.68499
G1 Z35.567 X179.475 Y97.448 E1373.75416
G1 Z35.567 X179.775 Y97.448 E1373.76432
G1 Z35.569 X179.775 Y99.475 E1373.83291
G1 Z35.578 X169.775 Y99.475 E1374.1714
G1 Z35.579 X169.775 Y100.525 E1374.20694
G1 Z35.588 X179.775 Y100.525 E1374.54543
G1 Z35.606 X179.775 Y119.775 E1375.19702
G1 Z35.641 X140.004 Y119.775 E1376.54324
G1 Z35.642 X138.758 Y119.736 E1376.58541
G1 Z35.644 X137.522 Y119.619 E1376.62746
G1 Z35.645 X136.295 Y119.425 E1376.66951
G1 Z35.646 X135.082 Y119.154 E1376.71156
G1 Z35.647 X133.889 Y118.807 E1376.75361
G1 Z35.648 X132.72 Y118.386 E1376.79566
G1 Z35.649 X131.58 Y117.893 E1376.83771
G1 Z35.650 X130.473 Y117.329 E1376.87976
G1 Z35.651 X129.404 Y116.696 E1376.92181
G1 Z35.652 X128.377 Y115.998 E1376.96386
G1 Z35.654 X127.395 Y115.237 E1377.00591
G1 Z35.655 X126.463 Y114.415 E1377.04796
G1 Z35.656 X125.585 Y113.537 E1377.09001
G1 Z35.657 X124.763 Y112.605 E1377.13206
G1 Z35.658 X124.002 Y111.623 E1377.17411
G1 Z35.659 X123.304 Y110.596 E1377.21616
G1 Z35.660 X122.671 Y109.527 E1377.25821
G1 Z35.661 X122.107 Y108.42 E1377.30026
G1 Z35.663 X121.614 Y107.28 E1377.34231
G1 Z35.664 X121.193 Y106.111 E1377.38436
G1 Z35.665 X120.846 Y104.918 E1377.42641
G1 Z35.666 X120.575 Y103.705 E1377.46846
G1 Z35.667 X120.381 Y102.478 E1377.51051
G1 Z35.668 X120.264 Y101.242 E1377.55256
G1 Z35.669 X120.225 Y100 E1377.59461
G1 Z35.670 X120.264 Y98.758 E1377.63666
G1 Z35.671 X120.381 Y97.522 E1377.67871
G1 Z35.673 X120.575 Y96.295 E1377.72076
G1 Z35.674 X120.846 Y95.082 E1377.76281
G1 Z35.675 X121.193 Y93.889 E1377.80486
G1 Z35.676 X121.614 Y92.72 E1377.84691
G1 Z35.677 X122.107 Y91.58 E1377.88896
G1 Z35.678 X122.671 Y90.473 E1377.93101
G1 Z35.679 X123.304 Y89.404 E1377.97306
G1 Z35.680 X123.738 Y88.765 E1377.99923
;LAYER_CHANGE
;Z:35.88
;HEIGHT:0.200001
G1 Z35.680 F600
G1 F6066
G1 Z35.680 X124.002 Y88.377 E1378.01511
G1 Z35.682 X124.763 Y87.395 E1378.05716
G1 Z35.683 X125.585 Y86.463 E1378.09921
G1 Z35.684 X126.463 Y85.585 E1378.14126
G1 Z35.685 X127.395 Y84.763 E1378.18331
G1 Z35.686 X128.377 Y84.002 E1378.22536
G1 Z35.687 X129.404 Y83.304 E1378.26741
G1 Z35.688 X130.473 Y82.671 E1378.30946
G1 Z35.689 X131.58 Y82.107 E1378.35151
G1 Z35.690 X132.72 Y81.614 E1378.39356
G1 Z35.692 X133.889 Y81.193 E1378.43561
G1 Z35.693 X135.082 Y80.846 E1378.47766
G1 Z35.694 X136.295 Y80.575 E1378.51971
G1 Z35.695 X137.522 Y80.381 E1378.56176
G1 Z35.696 X138.758 Y80.264 E1378.60381
G1 Z35.697 X140.004 Y80.225 E1378.64598
G1 Z35.711 X155.405 Y80.225 E1379.16731
G1 Z35.711 X155.405 Y80.525 E1379.17746
G1 Z35.713 X157.102 Y80.525 E1379.2349
G1 Z35.713 X157.102 Y80.225 E1379.24506
G1 Z35.715 X159.475 Y80.225 E1379.32537
G1 Z35.724 X159.475 Y90.225 E1379.66386
G1 Z35.725 X160.525 Y90.225 E1379.6994
G1 Z35.734 X160.525 Y80.225 E1380.03789
G1 Z35.751 X179.775 Y80.225 E1380.68948
G1 Z35.765 X179.775 Y95.405 E1381.2033
G1 Z35.765 X179.475 Y95.405 E1381.21346
G1 Z35.767 X179.475 Y97.102 E1381.2709
G1 Z35.767 X179.775 Y97.102 E1381.28105
G1 Z35.769 X179.775 Y99.475 E1381.36138
G1 Z35.778 X169.775 Y99.475 E1381.69987
G1 Z35.779 X169.775 Y100.525 E1381.73541
G1 Z35.788 X179.775 Y100.525 E1382.07389
G1 Z35.806 X179.775 Y119.775 E1382.72548
G1 Z35.841 X140.004 Y119.775 E1384.0717
G1 Z35.842 X138.758 Y119.736 E1384.11387
G1 Z35.844 X137.522 Y119.619 E1384.15592
G1 Z35.845 X136.295 Y119.425 E1384.19797
G1 Z35.846 X135.082 Y119.154 E1384.24002
G1 Z35.847 X133.889 Y118.807 E1384.28207
G1 Z35.848 X132.72 Y118.386 E1384.32412
G1 Z35.849 X131.58 Y117.893 E1384.36617
G1 Z35.850 X130.473 Y117.329 E1384.40822
G1 Z35.851 X129.404 Y116.696 E1384.45027
G1 Z35.852 X128.377 Y115.998 E1384.49232
G1 Z35.854 X127.395 Y115.237 E1384.53437
G1 Z35.855 X126.463 Y114.415 E1384.57642
G1 Z35.856 X125.585 Y113.537 E1384.61847
G1 Z35.857 X124.763 Y112.605 E1384.66052
G1 Z35.858 X124.002 Y111.623 E1384.70257
G1 Z35.859 X123.304 Y110.596 E1384.74462
G1 Z35.860 X122.671 Y109.527 E1384.78667
G1 Z35.861 X122.107 Y108.42 E1384.82872
G1 Z35.863 X121.614 Y107.28 E1384.87077
G1 Z35.864 X121.193 Y106.111 E1384.91282
G1 Z35.865 X120.846 Y104.918 E1384.95487
G1 Z35.866 X120.575 Y103.705 E1384.99692
G1 Z35.867 X120.381 Y102.478 E1385.03897
G1 Z35.868 X120.264 Y101.242 E1385.08102
G1 Z35.869 X120.225 Y100 E1385.12307
G1 Z35.870 X120.264 Y98.758 E1385.16512
G1 Z35.871 X120.381 Y97.522 E1385.20717
G1 Z35.873 X120.575 Y96.295 E1385.24922
G1 Z35.874 X120.846 Y95.082 E1385.29127
G1 Z35.875 X121.193 Y93.889 E1385.33332
G1 Z35.876 X121.614 Y92.72 E1385.37537
G1 Z35.877 X122.107 Y91.58 E1385.41742
G1 Z35.878 X122.671 Y90.473 E1385.45947
G1 Z35.879 X123.304 Y89.404 E1385.50152
G1 Z35.880 X123.738 Y88.765 E1385.5277
;LAYER_CHANGE
;Z:36.08
;HEIGHT:0.200001
G1 Z35.880 F600
G1 F6066
G1 Z35.880 X124.002 Y88.377 E1385.54357
G1 Z35.882 X124.763 Y87.395 E1385.58562
G1 Z35.883 X125.585 Y86.463 E1385.62767
G1 Z35.884 X126.463 Y85.585 E1385.66972
G1 Z35.885 X127.395 Y84.763 E1385.71177
G1 Z35.886 X128.377 Y84.002 E1385.75382
G1 Z35.887 X129.404 Y83.304 E1385.79587
G1 Z35.888 X130.473 Y82.671 E1385.83792
G1 Z35.889 X131.58 Y82.107 E1385.87997
G1 Z35.890 X132.72 Y81.614 E1385.92202
G1 Z35.892 X133.889 Y81.193 E1385.96407
G1 Z35.893 X135.082 Y80.846 E1386.00612
G1 Z35.894 X136.295 Y80.575 E1386.04817
G1 Z35.895 X137.522 Y80.381 E1386.09022
G1 Z35.896 X138.758 Y80.264 E1386.13227
G1 Z35.897 X140.004 Y80.225 E1386.17444
G1 Z35.911 X155.405 Y80.225 E1386.69577
G1 Z35.911 X155.405 Y80.525 E1386.70592
G1 Z35.913 X156.756 Y80.525 E1386.75164
G1 Z35.913 X156.756 Y80.225 E1386.7618
G1 Z35.915 X159.475 Y80.225 E1386.85384
G1 Z35.924 X159.475 Y90.225 E1387.19232
G1 Z35.925 X160.525 Y90.225 E1387.22786
G1 Z35.934 X160.525 Y80.225 E1387.56635
G1 Z35.951 X179.775 Y80.225 E1388.21794
G1 Z35.965 X179.775 Y95.405 E1388.73176
G1 Z35.965 X179.475 Y95.405 E1388.74192
G1 Z35.967 X179.475 Y96.756 E1388.78764
G1 Z35.967 X179.775 Y96.756 E1388.79779
G1 Z35.969 X179.775 Y99.475 E1388.88984
G1 Z35.978 X169.775 Y99.475 E1389.22833
G1 Z35.979 X169.775 Y100.525 E1389.26387
G1 Z35.988 X179.775 Y100.525 E1389.60236
G1 Z36.006 X179.775 Y119.775 E1390.25395
G1 Z36.041 X140.004 Y119.775 E1391.60016
G1 Z36.042 X138.758 Y119.736 E1391.64233
G1 Z36.044 X137.522 Y119.619 E1391.68439
G1 Z36.045 X136.295 Y119.425 E1391.72643
G1 Z36.046 X135.082 Y119.154 E1391.76849
G1 Z36.047 X133.889 Y118.807 E1391.81053
G1 Z36.048 X132.72 Y118.386 E1391.85258
G1 Z36.049 X131.58 Y117.893 E1391.89463
G1 Z36.050 X130.473 Y117.329 E1391.93668
G1 Z36.051 X129.404 Y116.696 E1391.97873
G1 Z36.052 X128.377 Y115.998 E1392.02078
G1 Z36.054 X127.395 Y115.237 E1392.06283
G1 Z36.055 X126.463 Y114.415 E1392.10488
G1 Z36.056 X125.585 Y113.537 E1392.14693
G1 Z36.057 X124.763 Y112.605 E1392.18898
G1 Z36.058 X124.002 Y111.623 E1392.23103
G1 Z36.059 X123.304 Y110.596 E1392.27308
G1 Z36.060 X122.671 Y109.527 E1392.31513
G1 Z36.061 X122.107 Y108.42 E1392.35718
G1 Z36.063 X121.614 Y107.28 E1392.39923
G1 Z36.064 X121.193 Y106.111 E1392.44128
G1 Z36.065 X120.846 Y104.918 E1392.48333
G1 Z36.066 X120.575 Y103.705 E1392.52538
G1 Z36.067 X120.381 Y102.478 E1392.56743
G1 Z36.068 X120.264 Y101.242 E1392.60948
G1 Z36.069 X120.225 Y100 E1392.65153
G1 Z36.070 X120.264 Y98.758 E1392.69358
G1 Z36.071 X120.381 Y97.522 E1392.73563
G1 Z36.073 X120.575 Y96.295 E1392.77768
G1 Z36.074 X120.846 Y95.082 E1392.81973
G1 Z36.075 X121.193 Y93.889 E1392.86178
G1 Z36.076 X121.614 Y92.72 E1392.90383
G1 Z36.077 X122.107 Y91.58 E1392.94588
G1 Z36.078 X122.671 Y90.473 E1392.98793
G1 Z36.079 X123.304 Y89.404 E1393.02998
G1 Z36.080 X123.738 Y88.765 E1393.05616
;LAYER_CHANGE
;Z:36.28
;HEIGHT:0.199997
G1 Z36.080 F600
G1 F6066
G1 Z36.080 X124.002 Y88.377 E1393.07203
G1 Z36.082 X124.763 Y87.395 E1393.11408
G1 Z36.083 X125.585 Y86.463 E1393.15613
G1 Z36.084 X126.463 Y85.585 E1393.19818
G1 Z36.085 X127.395 Y84.763 E1393.24023
G1 Z36.086 X128.377 Y84.002 E1393.28228
G1 Z36.087 X129.404 Y83.304 E1393.32433
G1 Z36.088 X130.473 Y82.671 E1393.36638
G1 Z36.089 X131.58 Y82.107 E1393.40843
G1 Z36.090 X132.72 Y81.614 E1393.45048
G1 Z36.092 X133.889 Y81.193 E1393.49253
G1 Z36.093 X135.082 Y80.846 E1393.53458
G1 Z36.094 X136.295 Y80.575 E1393.57663
G1 Z36.095 X137.522 Y80.381 E1393.61868
G1 Z36.096 X138.758 Y80.264 E1393.66073
G1 Z36.097 X140.004 Y80.225 E1393.70291
G1 Z36.111 X155.405 Y80.225 E1394.22423
G1 Z36.111 X155.405 Y80.525 E1394.23439
G1 Z36.112 X156.409 Y80.525 E1394.26838
G1 Z36.112 X156.409 Y80.225 E1394.27853
G1 Z36.115 X159.475 Y80.225 E1394.3823
G1 Z36.124 X159.475 Y90.225 E1394.72079
G1 Z36.125 X160.525 Y90.225 E1394.75633
G1 Z36.134 X160.525 Y80.225 E1395.09482
G1 Z36.151 X179.775 Y80.225 E1395.74641
G1 Z36.165 X179.775 Y95.405 E1396.26023
G1 Z36.165 X179.475 Y95.405 E1396.27038
G1 Z36.166 X179.475 Y96.409 E1396.30438
G1 Z36.167 X179.775 Y96.409 E1396.31453
G1 Z36.169 X179.775 Y99.475 E1396.41831
G1 Z36.178 X169.775 Y99.475 E1396.75679
G1 Z36.179 X169.775 Y100.525 E1396.79233
G1 Z36.188 X179.775 Y100.525 E1397.13082
G1 Z36.206 X179.775 Y119.775 E1397.78241
G1 Z36.241 X140.004 Y119.775 E1399.12863
G1 Z36.242 X138.758 Y119.736 E1399.1708
G1 Z36.244 X137.522 Y119.619 E1399.21285
G1 Z36.245 X136.295 Y119.425 E1399.2549
G1 Z36.246 X135.082 Y119.154 E1399.29695
G1 Z36.247 X133.889 Y118.807 E1399.339
G1 Z36.248 X132.72 Y118.386 E1399.38105
G1 Z36.249 X131.58 Y117.893 E1399.4231
G1 Z36.250 X130.473 Y117.329 E1399.46515
G1 Z36.251 X129.404 Y116.696 E1399.5072
G1 Z36.252 X128.377 Y115.998 E1399.54925
G1 Z36.254 X127.395 Y115.237 E1399.5913
G1 Z36.255 X126.463 Y114.415 E1399.63335
G1 Z36.256 X125.585 Y113.537 E1399.6754
G1 Z36.257 X124.763 Y112.605 E1399.71745
G1 Z36.258 X124.002 Y111.623 E1399.7595
G1 Z36.259 X123.304 Y110.596 E1399.80155
G1 Z36.260 X122.671 Y109.527 E1399.8436
G1 Z36.261 X122.107 Y108.42 E1399.88565
G1 Z36.263 X121.614 Y107.28 E1399.9277
G1 Z36.264 X121.193 Y106.111 E1399.96975
G1 Z36.265 X120.846 Y104.918 E1400.0118
G1 Z36.266 X120.575 Y103.705 E1400.05385
G1 Z36.267 X120.381 Y102.478 E1400.0959
G1 Z36.268 X120.264 Y101.242 E1400.13795
G1 Z36.269 X120.225 Y100 E1400.18
G1 Z36.270 X120.264 Y98.758 E1400.22205
G1 Z36.271 X120.381 Y97.522 E1400.2641
G1 Z36.273 X120.575 Y96.295 E1400.30615
G1 Z36.274 X120.846 Y95.082 E1400.3482
G1 Z36.275 X121.193 Y93.889 E1400.39025
G1 Z36.276 X121.614 Y92.72 E1400.4323
G1 Z36.277 X122.107 Y91.58 E1400.47435
G1 Z36.278 X122.671 Y90.473 E1400.5164
G1 Z36.279 X123.304 Y89.404 E1400.55845
G1 Z36.280 X123.738 Y88.765 E1400.58462
;LAYER_CHANGE
;Z:36.48
;HEIGHT:0.200001
G1 Z36.280 F600
G1 F6066
G1 Z36.280 X124.002 Y88.377 E1400.6005
G1 Z36.282 X124.763 Y87.395 E1400.64255
G1 Z36.283 X125.585 Y86.463 E1400.6846
G1 Z36.284 X126.463 Y85.585 E1400.72665
G1 Z36.285 X127.395 Y84.763 E1400.7687
G1 Z36.286 X128.377 Y84.002 E1400.81075
G1 Z36.287 X129.404 Y83.304 E1400.8528
G1 Z36.288 X130.473 Y82.671 E1400.89485
G1 Z36.289 X131.58 Y82.107 E1400.9369
G1 Z36.290 X132.72 Y81.614 E1400.97895
G1 Z36.292 X133.889 Y81.193 E1401.021
G1 Z36.293 X135.082 Y80.846 E1401.06305
G1 Z36.294 X136.295 Y80.575 E1401.1051
G1 Z36.295 X137.522 Y80.381 E1401.14715
G1 Z36.296 X138.758 Y80.264 E1401.1892
G1 Z36.297 X140.004 Y80.225 E1401.23137
G1 Z36.311 X155.405 Y80.225 E1401.7527
G1 Z36.311 X155.405 Y80.525 E1401.76285
G1 Z36.312 X156.063 Y80.525 E1401.78512
G1 Z36.312 X156.063 Y80.225 E1401.79527
G1 Z36.315 X159.475 Y80.225 E1401.91076
G1 Z36.324 X159.475 Y90.225 E1402.24925
G1 Z36.325 X160.525 Y90.225 E1402.28479
G1 Z36.334 X160.525 Y80.225 E1402.62328
G1 Z36.351 X179.775 Y80.225 E1403.27487
G1 Z36.365 X179.775 Y95.405 E1403.78869
G1 Z36.365 X179.475 Y95.405 E1403.79885
G1 Z36.366 X179.475 Y96.063 E1403.82111
G1 Z36.366 X179.775 Y96.063 E1403.83127
G1 Z36.369 X179.775 Y99.475 E1403.94677
G1 Z36.378 X169.775 Y99.475 E1404.28526
G1 Z36.379 X169.775 Y100.525 E1404.3208
G1 Z36.388 X179.775 Y100.525 E1404.65929
G1 Z36.406 X179.775 Y119.775 E1405.31088
G1 Z36.441 X140.004 Y119.775 E1406.65709
G1 Z36.442 X138.758 Y119.736 E1406.69926
G1 Z36.444 X137.522 Y119.619 E1406.74131
G1 Z36.445 X136.295 Y119.425 E1406.78336
G1 Z36.446 X135.082 Y119.154 E1406.82541
G1 Z36.447 X133.889 Y118.807 E1406.86746
G1 Z36.448 X132.72 Y118.386 E1406.90951
G1 Z36.449 X131.58 Y117.893 E1406.95156
G1 Z36.450 X130.473 Y117.329 E1406.99361
G1 Z36.451 X129.404 Y116.696 E1407.03566
G1 Z36.452 X128.377 Y115.998 E1407.07771
G1 Z36.454 X127.395 Y115.237 E1407.11976
G1 Z36.455 X126.463 Y114.415 E1407.16181
G1 Z36.456 X125.585 Y113.537 E1407.20386
G1 Z36.457 X124.763 Y112.605 E1407.24591
G1 Z36.458 X124.002 Y111.623 E1407.28796
G1 Z36.459 X123.304 Y110.596 E1407.33001
G1 Z36.460 X122.671 Y109.527 E1407.37206
G1 Z36.461 X122.107 Y108.42 E1407.41411
G1 Z36.463 X121.614 Y107.28 E1407.45616
G1 Z36.464 X121.193 Y106.111 E1407.49821
G1 Z36.465 X120.846 Y104.918 E1407.54026
G1 Z36.466 X120.575 Y103.705 E1407.58231
G1 Z36.467 X120.381 Y102.478 E1407.62436
G1 Z36.468 X120.264 Y101.242 E1407.66641
G1 Z36.469 X120.225 Y100 E1407.70846
G1 Z36.470 X120.264 Y98.758 E1407.75051
G1 Z36.471 X120.381 Y97.522 E1407.79256
G1 Z36.473 X120.575 Y96.295 E1407.83461
G1 Z36.474 X120.846 Y95.082 E1407.87666
G1 Z36.475 X121.193 Y93.889 E1407.91871
G1 Z36.476 X121.614 Y92.72 E1407.96076
G1 Z36.477 X122.107 Y91.58 E1408.00281
G1 Z36.478 X122.671 Y90.473 E1408.04486
G1 Z36.479 X123.304 Y89.404 E1408.08691
G1 Z36.480 X123.738 Y88.765 E1408.11309
;LAYER_CHANGE
;Z:36.68
;HEIGHT:0.200001
G1 Z36.480 F600
G1 F6052
G1 Z36.480 X124.002 Y88.377 E1408.12896
G1 Z36.482 X124.763 Y87.395 E1408.17101
G1 Z36.483 X125.585 Y86.463 E1408.21306
G1 Z36.484 X126.463 Y85.585 E1408.25511
G1 Z36.485 X127.395 Y84.763 E1408.29716
G1 Z36.486 X128.377 Y84.002 E1408.33921
G1 Z36.487 X129.404 Y83.304 E1408.38126
G1 Z36.488 X130.473 Y82.671 E1408.42331
G1 Z36.489 X131.58 Y82.107 E1408.46536
G1 Z36.491 X132.72 Y81.614 E1408.50741
G1 Z36.492 X133.889 Y81.193 E1408.54946
G1 Z36.493 X135.082 Y80.846 E1408.59151
G1 Z36.494 X136.295 Y80.575 E1408.63356
G1 Z36.495 X137.522 Y80.381 E1408.67561
G1 Z36.496 X138.758 Y80.264 E1408.71766
G1 Z36.497 X140.004 Y80.225 E1408.75983
G1 Z36.515 X159.475 Y80.225 E1409.41892
G1 Z36.524 X159.475 Y90.225 E1409.75741
G1 Z36.525 X160.525 Y90.225 E1409.79295
G1 Z36.534 X160.525 Y80.225 E1410.13143
G1 Z36.551 X179.775 Y80.225 E1410.78302
G1 Z36.569 X179.775 Y99.475 E1411.43461
G1 Z36.578 X169.775 Y99.475 E1411.7731
G1 Z36.579 X169.775 Y100.525 E1411.80864
G1 Z36.588 X179.775 Y100.525 E1412.14713
G1 Z36.605 X179.775 Y119.775 E1412.79872
G1 Z36.641 X140.004 Y119.775 E1414.14494
G1 Z36.642 X138.758 Y119.736 E1414.18711
G1 Z36.643 X137.522 Y119.619 E1414.22916
G1 Z36.644 X136.295 Y119.425 E1414.27121
G1 Z36.646 X135.082 Y119.154 E1414.31326
G1 Z36.647 X133.889 Y118.807 E1414.35531
G1 Z36.648 X132.72 Y118.386 E1414.39736
G1 Z36.649 X131.58 Y117.893 E1414.43941
G1 Z36.650 X130.473 Y117.329 E1414.48146
G1 Z36.651 X129.404 Y116.696 E1414.52351
G1 Z36.652 X128.377 Y115.998 E1414.56556
G1 Z36.653 X127.395 Y115.237 E1414.60761
G1 Z36.655 X126.463 Y114.415 E1414.64966
G1 Z36.656 X125.585 Y113.537 E1414.69171
G1 Z36.657 X124.763 Y112.605 E1414.73376
G1 Z36.658 X124.002 Y111.623 E1414.77581
G1 Z36.659 X123.304 Y110.596 E1414.81786
G1 Z36.660 X122.671 Y109.527 E1414.85991
G1 Z36.661 X122.107 Y108.42 E1414.90196
G1 Z36.662 X121.614 Y107.28 E1414.94401
G1 Z36.664 X121.193 Y106.111 E1414.98606
G1 Z36.665 X120.846 Y104.918 E1415.02811
G1 Z36.666 X120.575 Y103.705 E1415.07016
G1 Z36.667 X120.381 Y102.478 E1415.11221
G1 Z36.668 X120.264 Y101.242 E1415.15426
G1 Z36.669 X120.225 Y100 E1415.19631
G1 Z36.670 X120.264 Y98.758 E1415.23836
G1 Z36.671 X120.381 Y97.522 E1415.28041
G1 Z36.673 X120.575 Y96.295 E1415.32246
G1 Z36.674 X120.846 Y95.082 E1415.36451
G1 Z36.675 X121.193 Y93.889 E1415.40656
G1 Z36.676 X121.614 Y92.72 E1415.44861
G1 Z36.677 X122.107 Y91.58 E1415.49066
G1 Z36.678 X122.671 Y90.473 E1415.53271
G1 Z36.679 X123.304 Y89.404 E1415.57476
G1 Z36.680 X123.738 Y88.765 E1415.60093
;LAYER_CHANGE
;Z:36.88
;HEIGHT:0.200001
G1 Z36.680 F600
G1 F6052
G1 Z36.680 X124.002 Y88.377 E1415.61681
G1 Z36.682 X124.763 Y87.395 E1415.65886
G1 Z36.683 X125.585 Y86.463 E1415.70091
G1 Z36.684 X126.463 Y85.585 E1415.74296
G1 Z36.685 X127.395 Y84.763 E1415.78501
G1 Z36.686 X128.377 Y84.002 E1415.82706
G1 Z36.687 X129.404 Y83.304 E1415.86911
G1 Z36.688 X130.473 Y82.671 E1415.91116
G1 Z36.689 X131.58 Y82.107 E1415.95321
G1 Z36.691 X132.72 Y81.614 E1415.99526
G1 Z36.692 X133.889 Y81.193 E1416.03731
G1 Z36.693 X135.082 Y80.846 E1416.07936
G1 Z36.694 X136.295 Y80.575 E1416.12141
G1 Z36.695 X137.522 Y80.381 E1416.16346
G1 Z36.696 X138.758 Y80.264 E1416.20551
G1 Z36.697 X140.004 Y80.225 E1416.24768
G1 Z36.715 X159.475 Y80.225 E1416.90676
G1 Z36.724 X159.475 Y90.225 E1417.24525
G1 Z36.725 X160.525 Y90.225 E1417.28079
G1 Z36.734 X160.525 Y80.225 E1417.61928
G1 Z36.751 X179.775 Y80.225 E1418.27087
G1 Z36.769 X179.775 Y99.475 E1418.92246
G1 Z36.778 X169.775 Y99.475 E1419.26095
G1 Z36.779 X169.775 Y100.525 E1419.29649
G1 Z36.788 X179.775 Y100.525 E1419.63498
G1 Z36.805 X179.775 Y119.775 E1420.28657
G1 Z36.841 X140.004 Y119.775 E1421.63278
G1 Z36.842 X138.758 Y119.736 E1421.67495
G1 Z36.843 X137.522 Y119.619 E1421.717
G1 Z36.844 X136.295 Y119.425 E1421.75905
G1 Z36.846 X135.082 Y119.154 E1421.8011
G1 Z36.847 X133.889 Y118.807 E1421.84315
G1 Z36.848 X132.72 Y118.386 E1421.8852
G1 Z36.849 X131.58 Y117.893 E1421.92725
G1 Z36.850 X130.473 Y117.329 E1421.9693
G1 Z36.851 X129.404 Y116.696 E1422.01135
G1 Z36.852 X128.377 Y115.998 E1422.0534
G1 Z36.853 X127.395 Y115.237 E1422.09545
G1 Z36.855 X126.463 Y114.415 E1422.1375
G1 Z36.856 X125.585 Y113.537 E1422.17955
G1 Z36.857 X124.763 Y112.605 E1422.2216
G1 Z36.858 X124.002 Y111.623 E1422.26365
G1 Z36.859 X123.304 Y110.596 E1422.3057
G1 Z36.860 X122.671 Y109.527 E1422.34775
G1 Z36.861 X122.107 Y108.42 E1422.3898
G1 Z36.862 X121.614 Y107.28 E1422.43185
G1 Z36.864 X121.193 Y106.111 E1422.4739
G1 Z36.865 X120.846 Y104.918 E1422.51595
G1 Z36.866 X120.575 Y103.705 E1422.558
G1 Z36.867 X120.381 Y102.478 E1422.60005
G1 Z36.868 X120.264 Y101.242 E1422.6421
G1 Z36.869 X120.225 Y100 E1422.68415
G1 Z36.870 X120.264 Y98.758 E1422.7262
G1 Z36.871 X120.381 Y97.522 E1422.76825
G1 Z36.873 X120.575 Y96.295 E1422.8103
G1 Z36.874 X120.846 Y95.082 E1422.85235
G1 Z36.875 X121.193 Y93.889 E1422.8944
G1 Z36.876 X121.614 Y92.72 E1422.93645
G1 Z36.877 X122.107 Y91.58 E1422.9785
G1 Z36.878 X122.671 Y90.473 E1423.02055
G1 Z36.879 X123.304 Y89.404 E1423.0626
G1 Z36.880 X123.738 Y88.765 E1423.08878
;LAYER_CHANGE
;Z:37.08
;HEIGHT:0.200001
G1 Z36.880 F600
G1 F6052
G1 Z36.880 X124.002 Y88.377 E1423.10465
G1 Z36.882 X124.763 Y87.395 E1423.1467
G1 Z36.883 X125.585 Y86.463 E1423.18875
G1 Z36.884 X126.463 Y85.585 E1423.2308
G1 Z36.885 X127.395 Y84.763 E1423.27285
G1 Z36.886 X128.377 Y84.002 E1423.3149
G1 Z36.887 X129.404 Y83.304 E1423.35695
G1 Z36.888 X130.473 Y82.671 E1423.399
G1 Z36.889 X131.58 Y82.107 E1423.44105
G1 Z36.891 X132.72 Y81.614 E1423.4831
G1 Z36.892 X133.889 Y81.193 E1423.52515
G1 Z36.893 X135.082 Y80.846 E1423.5672
G1 Z36.894 X136.295 Y80.575 E1423.60925
G1 Z36.895 X137.522 Y80.381 E1423.6513
G1 Z36.896 X138.758 Y80.264 E1423.69335
G1 Z36.897 X140.004 Y80.225 E1423.73552
G1 Z36.915 X159.475 Y80.225 E1424.39461
G1 Z36.924 X159.475 Y90.225 E1424.7331
G1 Z36.925 X160.525 Y90.225 E1424.76864
G1 Z36.934 X160.525 Y80.225 E1425.10713
G1 Z36.951 X179.775 Y80.225 E1425.75871
G1 Z36.969 X179.775 Y99.475 E1426.4103
G1 Z36.978 X169.775 Y99.475 E1426.74879
G1 Z36.979 X169.775 Y100.525 E1426.78433
G1 Z36.988 X179.775 Y100.525 E1427.12282
G1 Z37.005 X179.775 Y119.775 E1427.77441
G1 Z37.041 X140.004 Y119.775 E1429.12063
G1 Z37.042 X138.758 Y119.736 E1429.1628
G1 Z37.043 X137.522 Y119.619 E1429.20485
G1 Z37.044 X136.295 Y119.425 E1429.2469
G1 Z37.046 X135.082 Y119.154 E1429.28895
G1 Z37.047 X133.889 Y118.807 E1429.331
G1 Z37.048 X132.72 Y118.386 E1429.37305
G1 Z37.049 X131.58 Y117.893 E1429.4151
G1 Z37.050 X130.473 Y117.329 E1429.45715
G1 Z37.051 X129.404 Y116.696 E1429.4992
G1 Z37.052 X128.377 Y115.998 E1429.54125
G1 Z37.053 X127.395 Y115.237 E1429.5833
G1 Z37.055 X126.463 Y114.415 E1429.62535
G1 Z37.056 X125.585 Y113.537 E1429.6674
G1 Z37.057 X124.763 Y112.605 E1429.70945
G1 Z37.058 X124.002 Y111.623 E1429.7515
G1 Z37.059 X123.304 Y110.596 E1429.79355
G1 Z37.060 X122.671 Y109.527 E1429.8356
G1 Z37.061 X122.107 Y108.42 E1429.87765
G1 Z37.062 X121.614 Y107.28 E1429.9197
G1 Z37.064 X121.193 Y106.111 E1429.96175
G1 Z37.065 X120.846 Y104.918 E1430.0038
G1 Z37.066 X120.575 Y103.705 E1430.04585
G1 Z37.067 X120.381 Y102.478 E1430.0879
G1 Z37.068 X120.264 Y101.242 E1430.12995
G1 Z37.069 X120.225 Y100 E1430.172
G1 Z37.070 X120.264 Y98.758 E1430.21405
G1 Z37.071 X120.381 Y97.522 E1430.2561
G1 Z37.073 X120.575 Y96.295 E1430.29815
G1 Z37.074 X120.846 Y95.082 E1430.3402
G1 Z37.075 X121.193 Y93.889 E1430.38225
G1 Z37.076 X121.614 Y92.72 E1430.4243
G1 Z37.077 X122.107 Y91.58 E1430.46635
G1 Z37.078 X122.671 Y90.473 E1430.5084
G1 Z37.079 X123.304 Y89.404 E1430.55045
G1 Z37.080 X123.738 Y88.765 E1430.57662
;LAYER_CHANGE
;Z:37.28
;HEIGHT:0.199997
G1 Z37.080 F600
G1 F6052
G1 Z37.080 X124.002 Y88.377 E1430.5925
G1 Z37.082 X124.763 Y87.395 E1430.63455
G1 Z37.083 X125.585 Y86.463 E1430.6766
G1 Z37.084 X126.463 Y85.585 E1430.71865
G1 Z37.085 X127.395 Y84.763 E1430.7607
G1 Z37.086 X128.377 Y84.002 E1430.80275
G1 Z37.087 X129.404 Y83.304 E1430.8448
G1 Z37.088 X130.473 Y82.671 E1430.88685
G1 Z37.089 X131.58 Y82.107 E1430.9289
G1 Z37.091 X132.72 Y81.614 E1430.97095
G1 Z37.092 X133.889 Y81.193 E1431.013
G1 Z37.093 X135.082 Y80.846 E1431.05505
G1 Z37.094 X136.295 Y80.575 E1431.0971
G1 Z37.095 X137.522 Y80.381 E1431.13915
G1 Z37.096 X138.758 Y80.264 E1431.1812
G1 Z37.097 X140.004 Y80.225 E1431.22337
G1 Z37.115 X159.475 Y80.225 E1431.88245
G1 Z37.124 X159.475 Y90.225 E1432.22094
G1 Z37.125 X160.525 Y90.225 E1432.25648
G1 Z37.134 X160.525 Y80.225 E1432.59497
G1 Z37.151 X179.775 Y80.225 E1433.24656
G1 Z37.169 X179.775 Y99.475 E1433.89815
G1 Z37.178 X169.775 Y99.475 E1434.23664
G1 Z37.179 X169.775 Y100.525 E1434.27218
G1 Z37.188 X179.775 Y100.525 E1434.61067
G1 Z37.205 X179.775 Y119.775 E1435.26226
G1 Z37.241 X140.004 Y119.775 E1436.60847
G1 Z37.242 X138.758 Y119.736 E1436.65064
G1 Z37.243 X137.522 Y119.619 E1436.69269
G1 Z37.244 X136.295 Y119.425 E1436.73474
G1 Z37.246 X135.082 Y119.154 E1436.77679
G1 Z37.247 X133.889 Y118.807 E1436.81884
G1 Z37.248 X132.72 Y118.386 E1436.86089
G1 Z37.249 X131.58 Y117.893 E1436.90294
G1 Z37.250 X130.473 Y117.329 E1436.94499
G1 Z37.251 X129.404 Y116.696 E1436.98704
G1 Z37.252 X128.377 Y115.998 E1437.02909
G1 Z37.253 X127.395 Y115.237 E1437.07114
G1 Z37.255 X126.463 Y114.415 E1437.11319
G1 Z37.256 X125.585 Y113.537 E1437.15524
G1 Z37.257 X124.763 Y112.605 E1437.19729
G1 Z37.258 X124.002 Y111.623 E1437.23934
G1 Z37.259 X123.304 Y110.596 E1437.28139
G1 Z37.260 X122.671 Y109.527 E1437.32344
G1 Z37.261 X122.107 Y108.42 E1437.36549
G1 Z37.262 X121.614 Y107.28 E1437.40754
G1 Z37.264 X121.193 Y106.111 E1437.44959
G1 Z37.265 X120.846 Y104.918 E1437.49164
G1 Z37.266 X120.575 Y103.705 E1437.53369
G1 Z37.267 X120.381 Y102.478 E1437.57574
G1 Z37.268 X120.264 Y101.242 E1437.61779
G1 Z37.269 X120.225 Y100 E1437.65984
G1 Z37.270 X120.264 Y98.758 E1437.70189
G1 Z37.271 X120.381 Y97.522 E1437.74394
G1 Z37.273 X120.575 Y96.295 E1437.78599
G1 Z37.274 X120.846 Y95.082 E1437.82804
G1 Z37.275 X121.193 Y93.889 E1437.87009
G1 Z37.276 X121.614 Y92.72 E1437.91214
G1 Z37.277 X122.107 Y91.58 E1437.95419
G1 Z37.278 X122.671 Y90.473 E1437.99624
G1 Z37.279 X123.304 Y89.404 E1438.03829
G1 Z37.280 X123.738 Y88.765 E1438.06447
;LAYER_CHANGE
;Z:37.48
;HEIGHT:0.200001
G1 Z37.280 F600
G1 F6052
G1 Z37.280 X124.002 Y88.377 E1438.08034
G1 Z37.282 X124.763 Y87.395 E1438.12239
G1 Z37.283 X125.585 Y86.463 E1438.16444
G1 Z37.284 X126.463 Y85.585 E1438.20649
G1 Z37.285 X127.395 Y84.763 E1438.24854
G1 Z37.286 X128.377 Y84.002 E1438.29059
G1 Z37.287 X129.404 Y83.304 E1438.33264
G1 Z37.288 X130.473 Y82.671 E1438.37469
G1 Z37.289 X131.58 Y82.107 E1438.41674
G1 Z37.291 X132.72 Y81.614 E1438.45879
G1 Z37.292 X133.889 Y81.193 E1438.50084
G1 Z37.293 X135.082 Y80.846 E1438.54289
G1 Z37.294 X136.295 Y80.575 E1438.58494
G1 Z37.295 X137.522 Y80.381 E1438.62699
G1 Z37.296 X138.758 Y80.264 E1438.66904
G1 Z37.297 X140.004 Y80.225 E1438.71121
G1 Z37.315 X159.475 Y80.225 E1439.3703
G1 Z37.324 X159.475 Y90.225 E1439.70879
G1 Z37.325 X160.525 Y90.225 E1439.74433
G1 Z37.334 X160.525 Y80.225 E1440.08282
G1 Z37.351 X179.775 Y80.225 E1440.73441
G1 Z37.369 X179.775 Y99.475 E1441.386
G1 Z37.378 X169.775 Y99.475 E1441.72448
G1 Z37.379 X169.775 Y100.525 E1441.76002
G1 Z37.388 X179.775 Y100.525 E1442.09851
G1 Z37.405 X179.775 Y119.775 E1442.7501
G1 Z37.441 X140.004 Y119.775 E1444.09632
G1 Z37.442 X138.758 Y119.736 E1444.13849
G1 Z37.443 X137.522 Y119.619 E1444.18054
G1 Z37.444 X136.295 Y119.425 E1444.22259
G1 Z37.446 X135.082 Y119.154 E1444.26464
G1 Z37.447 X133.889 Y118.807 E1444.30669
G1 Z37.448 X132.72 Y118.386 E1444.34874
G1 Z37.449 X131.58 Y117.893 E1444.39079
G1 Z37.450 X130.473 Y117.329 E1444.43284
G1 Z37.451 X129.404 Y116.696 E1444.47489
G1 Z37.452 X128.377 Y115.998 E1444.51694
G1 Z37.453 X127.395 Y115.237 E1444.55899
G1 Z37.455 X126.463 Y114.415 E1444.60104
G1 Z37.456 X125.585 Y113.537 E1444.64309
G1 Z37.457 X124.763 Y112.605 E1444.68514
G1 Z37.458 X124.002 Y111.623 E1444.72719
G1 Z37.459 X123.304 Y110.596 E1444.76924
G1 Z37.460 X122.671 Y109.527 E1444.81129
G1 Z37.461 X122.107 Y108.42 E1444.85334
G1 Z37.462 X121.614 Y107.28 E1444.89539
G1 Z37.464 X121.193 Y106.111 E1444.93744
G1 Z37.465 X120.846 Y104.918 E1444.97949
G1 Z37.466 X120.575 Y103.705 E1445.02154
G1 Z37.467 X120.381 Y102.478 E1445.06359
G1 Z37.468 X120.264 Y101.242 E1445.10564
G1 Z37.469 X120.225 Y100 E1445.14769
G1 Z37.470 X120.264 Y98.758 E1445.18974
G1 Z37.471 X120.381 Y97.522 E1445.23179
G1 Z37.473 X120.575 Y96.295 E1445.27384
G1 Z37.474 X120.846 Y95.082 E1445.31589
G1 Z37.475 X121.193 Y93.889 E1445.35794
G1 Z37.476 X121.614 Y92.72 E1445.39999
G1 Z37.477 X122.107 Y91.58 E1445.44204
G1 Z37.478 X122.671 Y90.473 E1445.48409
G1 Z37.479 X123.304 Y89.404 E1445.52614
G1 Z37.480 X123.738 Y88.765 E1445.55231
;LAYER_CHANGE
;Z:37.68
;HEIGHT:0.200001
G1 Z37.480 F600
G1 F6052
G1 Z37.480 X124.002 Y88.377 E1445.56819
G1 Z37.482 X124.763 Y87.395 E1445.61024
G1 Z37.483 X125.585 Y86.463 E1445.65229
G1 Z37.484 X126.463 Y85.585 E1445.69434
G1 Z37.485 X127.395 Y84.763 E1445.73639
G1 Z37.486 X128.377 Y84.002 E1445.77844
G1 Z37.487 X129.404 Y83.304 E1445.82049
G1 Z37.488 X130.473 Y82.671 E1445.86254
G1 Z37.489 X131.58 Y82.107 E1445.90459
G1 Z37.491 X132.72 Y81.614 E1445.94664
G1 Z37.492 X133.889 Y81.193 E1445.98869
G1 Z37.493 X135.082 Y80.846 E1446.03074
G1 Z37.494 X136.295 Y80.575 E1446.07279
G1 Z37.495 X137.522 Y80.381 E1446.11484
G1 Z37.496 X138.758 Y80.264 E1446.15689
G1 Z37.497 X140.004 Y80.225 E1446.19906
G1 Z37.515 X159.475 Y80.225 E1446.85814
G1 Z37.524 X159.475 Y90.225 E1447.19663
G1 Z37.525 X160.525 Y90.225 E1447.23217
G1 Z37.534 X160.525 Y80.225 E1447.57066
G1 Z37.551 X179.775 Y80.225 E1448.22225
G1 Z37.569 X179.775 Y99.475 E1448.87384
G1 Z37.578 X169.775 Y99.475 E1449.21233
G1 Z37.579 X169.775 Y100.525 E1449.24787
G1 Z37.588 X179.775 Y100.525 E1449.58636
G1 Z37.605 X179.775 Y119.775 E1450.23795
G1 Z37.641 X140.004 Y119.775 E1451.58416
G1 Z37.642 X138.758 Y119.736 E1451.62633
G1 Z37.643 X137.522 Y119.619 E1451.66838
G1 Z37.644 X136.295 Y119.425 E1451.71043
G1 Z37.646 X135.082 Y119.154 E1451.75248
G1 Z37.647 X133.889 Y118.807 E1451.79453
G1 Z37.648 X132.72 Y118.386 E1451.83658
G1 Z37.649 X131.58 Y117.893 E1451.87863
G1 Z37.650 X130.473 Y117.329 E1451.92068
G1 Z37.651 X129.404 Y116.696 E1451.96273
G1 Z37.652 X128.377 Y115.998 E1452.00478
G1 Z37.653 X127.395 Y115.237 E1452.04683
G1 Z37.655 X126.463 Y114.415 E1452.08888
G1 Z37.656 X125.585 Y113.537 E1452.13093
G1 Z37.657 X124.763 Y112.605 E1452.17298
G1 Z37.658 X124.002 Y111.623 E1452.21503
G1 Z37.659 X123.304 Y110.596 E1452.25708
G1 Z37.660 X122.671 Y109.527 E1452.29913
G1 Z37.661 X122.107 Y108.42 E1452.34118
G1 Z37.662 X121.614 Y107.28 E1452.38323
G1 Z37.664 X121.193 Y106.111 E1452.42528
G1 Z37.665 X120.846 Y104.918 E1452.46733
G1 Z37.666 X120.575 Y103.705 E1452.50938
G1 Z37.667 X120.381 Y102.478 E1452.55143
G1 Z37.668 X120.264 Y101.242 E1452.59348
G1 Z37.669 X120.225 Y100 E1452.63553
G1 Z37.670 X120.264 Y98.758 E1452.67758
G1 Z37.671 X120.381 Y97.522 E1452.71963
G1 Z37.673 X120.575 Y96.295 E1452.76168
G1 Z37.674 X120.846 Y95.082 E1452.80373
G1 Z37.675 X121.193 Y93.889 E1452.84578
G1 Z37.676 X121.614 Y92.72 E1452.88783
G1 Z37.677 X122.107 Y91.58 E1452.92988
G1 Z37.678 X122.671 Y90.473 E1452.97193
G1 Z37.679 X123.304 Y89.404 E1453.01398
G1 Z37.680 X123.738 Y88.765 E1453.04016
;LAYER_CHANGE
;Z:37.88
;HEIGHT:0.200001
G1 Z37.680 F600
G1 F6052
G1 Z37.680 X124.002 Y88.377 E1453.05603
G1 Z37.682 X124.763 Y87.395 E1453.09808
G1 Z37.683 X125.585 Y86.463 E1453.14013
G1 Z37.684 X126.463 Y85.585 E1453.18218
G1 Z37.685 X127.395 Y84.763 E1453.22423
G1 Z37.686 X128.377 Y84.002 E1453.26628
G1 Z37.687 X129.404 Y83.304 E1453.30833
G1 Z37.688 X130.473 Y82.671 E1453.35038
G1 Z37.689 X131.58 Y82.107 E1453.39243
G1 Z37.691 X132.72 Y81.614 E1453.43448
G1 Z37.692 X133.889 Y81.193 E1453.47653
G1 Z37.693 X135.082 Y80.846 E1453.51858
G1 Z37.694 X136.295 Y80.575 E1453.56063
G1 Z37.695 X137.522 Y80.381 E1453.60268
G1 Z37.696 X138.758 Y80.264 E1453.64473
G1 Z37.697 X140.004 Y80.225 E1453.6869
G1 Z37.715 X159.475 Y80.225 E1454.34599
G1 Z37.724 X159.475 Y90.225 E1454.68448
G1 Z37.725 X160.525 Y90.225 E1454.72002
G1 Z37.734 X160.525 Y80.225 E1455.05851
G1 Z37.751 X179.775 Y80.225 E1455.7101
G1 Z37.769 X179.775 Y99.475 E1456.36169
G1 Z37.778 X169.775 Y99.475 E1456.70017
G1 Z37.779 X169.775 Y100.525 E1456.73571
G1 Z37.788 X179.775 Y100.525 E1457.0742
G1 Z37.805 X179.775 Y119.775 E1457.72579
G1 Z37.841 X140.004 Y119.775 E1459.07201
G1 Z37.842 X138.758 Y119.736 E1459.11418
G1 Z37.843 X137.522 Y119.619 E1459.15623
G1 Z37.844 X136.295 Y119.425 E1459.19828
G1 Z37.846 X135.082 Y119.154 E1459.24033
G1 Z37.847 X133.889 Y118.807 E1459.28238
G1 Z37.848 X132.72 Y118.386 E1459.32443
G1 Z37.849 X131.58 Y117.893 E1459.36648
G1 Z37.850 X130.473 Y117.329 E1459.40853
G1 Z37.851 X129.404 Y116.696 E1459.45058
G1 Z37.852 X128.377 Y115.998 E1459.49263
G1 Z37.853 X127.395 Y115.237 E1459.53468
G1 Z37.855 X126.463 Y114.415 E1459.57673
G1 Z37.856 X125.585 Y113.537 E1459.61878
G1 Z37.857 X124.763 Y112.605 E1459.66083
G1 Z37.858 X124.13 Y111.789 E1459.6958
G1 Z37.859 X123.303 Y110.595 E1459.74495
G1 Z37.860 X122.671 Y109.527 E1459.78697
G1 Z37.861 X122.107 Y108.42 E1459.82902
G1 Z37.862 X121.614 Y107.28 E1459.87107
G1 Z37.864 X121.193 Y106.111 E1459.91312
G1 Z37.865 X120.846 Y104.918 E1459.95517
G1 Z37.866 X120.575 Y103.705 E1459.99722
G1 Z37.867 X120.381 Y102.478 E1460.03927
G1 Z37.868 X120.264 Y101.242 E1460.08132
G1 Z37.869 X120.225 Y100 E1460.12337
G1 Z37.870 X120.264 Y98.758 E1460.16542
G1 Z37.871 X120.381 Y97.522 E1460.20747
G1 Z37.873 X120.575 Y96.295 E1460.24952
G1 Z37.874 X120.846 Y95.082 E1460.29157
G1 Z37.875 X121.193 Y93.889 E1460.33362
G1 Z37.876 X121.614 Y92.72 E1460.37567
G1 Z37.877 X122.107 Y91.58 E1460.41772
G1 Z37.878 X122.671 Y90.473 E1460.45977
G1 Z37.879 X123.304 Y89.404 E1460.50182
G1 Z37.880 X123.738 Y88.765 E1460.52799
;LAYER_CHANGE
;Z:38.08
;HEIGHT:0.200001
G1 Z37.880 F600
G1 F6052
G1 Z37.880 X124.002 Y88.377 E1460.54387
G1 Z37.882 X124.763 Y87.395 E1460.58592
G1 Z37.883 X125.585 Y86.463 E1460.62797
G1 Z37.884 X126.463 Y85.585 E1460.67002
G1 Z37.885 X127.395 Y84.763 E1460.71207
G1 Z37.886 X128.377 Y84.002 E1460.75412
G1 Z37.887 X129.404 Y83.304 E1460.79617
G1 Z37.888 X130.473 Y82.671 E1460.83822
G1 Z37.889 X131.58 Y82.107 E1460.88027
G1 Z37.891 X132.72 Y81.614 E1460.92232
G1 Z37.892 X133.889 Y81.193 E1460.96437
G1 Z37.893 X135.082 Y80.846 E1461.00642
G1 Z37.894 X136.295 Y80.575 E1461.04847
G1 Z37.895 X137.522 Y80.381 E1461.09052
G1 Z37.896 X138.758 Y80.264 E1461.13257
G1 Z37.897 X140.004 Y80.225 E1461.17474
G1 Z37.915 X159.475 Y80.225 E1461.83382
G1 Z37.924 X159.475 Y90.225 E1462.17231
G1 Z37.925 X160.525 Y90.225 E1462.20785
G1 Z37.934 X160.525 Y80.225 E1462.54634
G1 Z37.951 X179.775 Y80.225 E1463.19793
G1 Z37.969 X179.775 Y99.475 E1463.84952
G1 Z37.978 X169.775 Y99.475 E1464.18801
G1 Z37.979 X169.775 Y100.525 E1464.22355
G1 Z37.988 X179.775 Y100.525 E1464.56204
G1 Z38.005 X179.775 Y119.775 E1465.21363
G1 Z38.041 X140.004 Y119.775 E1466.55984
G1 Z38.042 X138.758 Y119.736 E1466.60201
G1 Z38.043 X137.522 Y119.619 E1466.64406
G1 Z38.044 X136.295 Y119.425 E1466.68611
G1 Z38.046 X135.082 Y119.154 E1466.72816
G1 Z38.047 X133.889 Y118.807 E1466.77021
G1 Z38.048 X132.72 Y118.386 E1466.81226
G1 Z38.049 X131.58 Y117.893 E1466.85431
G1 Z38.050 X130.473 Y117.329 E1466.89636
G1 Z38.051 X129.404 Y116.696 E1466.93841
G1 Z38.052 X128.377 Y115.998 E1466.98046
G1 Z38.053 X127.395 Y115.237 E1467.02251
G1 Z38.055 X126.463 Y114.415 E1467.06456
G1 Z38.056 X125.585 Y113.537 E1467.10661
G1 Z38.057 X124.763 Y112.605 E1467.14866
G1 Z38.058 X124.002 Y111.623 E1467.19071
G1 Z38.059 X123.304 Y110.596 E1467.23276
G1 Z38.060 X122.671 Y109.527 E1467.27481
G1 Z38.061 X122.107 Y108.42 E1467.31686
G1 Z38.062 X121.614 Y107.28 E1467.35891
G1 Z38.064 X121.193 Y106.111 E1467.40096
G1 Z38.065 X120.846 Y104.918 E1467.44301
G1 Z38.066 X120.575 Y103.705 E1467.48506
G1 Z38.067 X120.381 Y102.478 E1467.52711
G1 Z38.068 X120.264 Y101.242 E1467.56916
G1 Z38.069 X120.225 Y100 E1467.61121
G1 Z38.070 X120.264 Y98.758 E1467.65326
G1 Z38.071 X120.381 Y97.522 E1467.69531
G1 Z38.072 X120.547 Y96.471 E1467.7313
G1 Z38.074 X120.847 Y95.081 E1467.77943
G1 Z38.075 X121.193 Y93.889 E1467.82145
G1 Z38.076 X121.614 Y92.72 E1467.8635
G1 Z38.077 X122.107 Y91.58 E1467.90555
G1 Z38.078 X122.671 Y90.473 E1467.9476
G1 Z38.079 X123.304 Y89.404 E1467.98965
G1 Z38.080 X123.738 Y88.765 E1468.01583
;LAYER_CHANGE
;Z:38.28
;HEIGHT:0.199997
G1 Z38.080 F600
G1 F6052
G1 Z38.080 X124.002 Y88.377 E1468.0317
G1 Z38.082 X124.763 Y87.395 E1468.07375
G1 Z38.083 X125.585 Y86.463 E1468.1158
G1 Z38.084 X126.463 Y85.585 E1468.15785
G1 Z38.085 X127.395 Y84.763 E1468.1999
G1 Z38.086 X128.377 Y84.002 E1468.24195
G1 Z38.087 X129.404 Y83.304 E1468.284
G1 Z38.088 X130.473 Y82.671 E1468.32605
G1 Z38.089 X131.58 Y82.107 E1468.3681
G1 Z38.091 X132.72 Y81.614 E1468.41015
G1 Z38.092 X133.889 Y81.193 E1468.4522
G1 Z38.093 X135.082 Y80.846 E1468.49425
G1 Z38.094 X136.295 Y80.575 E1468.5363
G1 Z38.095 X137.522 Y80.381 E1468.57835
G1 Z38.096 X138.758 Y80.264 E1468.6204
G1 Z38.097 X140.004 Y80.225 E1468.66257
G1 Z38.115 X159.475 Y80.225 E1469.32166
G1 Z38.124 X159.475 Y90.225 E1469.66015
G1 Z38.125 X160.525 Y90.225 E1469.69569
G1 Z38.134 X160.525 Y80.225 E1470.03417
G1 Z38.151 X179.775 Y80.225 E1470.68576
G1 Z38.169 X179.775 Y99.475 E1471.33735
G1 Z38.178 X169.775 Y99.475 E1471.67584
G1 Z38.179 X169.775 Y100.525 E1471.71138
G1 Z38.188 X179.775 Y100.525 E1472.04987
G1 Z38.205 X179.775 Y119.775 E1472.70146
G1 Z38.241 X140.004 Y119.775 E1474.04768
G1 Z38.242 X138.758 Y119.736 E1474.08985
G1 Z38.243 X137.522 Y119.619 E1474.1319
G1 Z38.244 X136.295 Y119.425 E1474.17395
G1 Z38.246 X135.082 Y119.154 E1474.216
G1 Z38.247 X133.889 Y118.807 E1474.25805
G1 Z38.248 X132.72 Y118.386 E1474.3001
G1 Z38.249 X131.58 Y117.893 E1474.34215
G1 Z38.250 X130.473 Y117.329 E1474.3842
G1 Z38.251 X129.404 Y116.696 E1474.42625
G1 Z38.252 X128.377 Y115.998 E1474.4683
G1 Z38.253 X127.395 Y115.237 E1474.51035
G1 Z38.255 X126.463 Y114.415 E1474.5524
G1 Z38.256 X125.585 Y113.537 E1474.59445
G1 Z38.257 X124.763 Y112.605 E1474.6365
G1 Z38.258 X124.002 Y111.623 E1474.67855
G1 Z38.259 X123.304 Y110.596 E1474.7206
G1 Z38.260 X122.671 Y109.527 E1474.76265
G1 Z38.261 X122.107 Y108.42 E1474.8047
G1 Z38.262 X121.614 Y107.28 E1474.84675
G1 Z38.264 X121.193 Y106.111 E1474.8888
G1 Z38.265 X120.846 Y104.918 E1474.93085
G1 Z38.266 X120.575 Y103.705 E1474.9729
G1 Z38.267 X120.381 Y102.478 E1475.01495
G1 Z38.268 X120.264 Y101.242 E1475.057
G1 Z38.269 X120.225 Y100 E1475.09905
G1 Z38.270 X120.264 Y98.758 E1475.1411
G1 Z38.271 X120.381 Y97.522 E1475.18315
G1 Z38.273 X120.575 Y96.295 E1475.2252
G1 Z38.274 X120.846 Y95.082 E1475.26725
G1 Z38.275 X121.193 Y93.889 E1475.3093
G1 Z38.276 X121.614 Y92.72 E1475.35135
G1 Z38.277 X122.107 Y91.58 E1475.3934
G1 Z38.278 X122.671 Y90.473 E1475.43545
G1 Z38.279 X123.304 Y89.404 E1475.4775
G1 Z38.280 X123.738 Y88.765 E1475.50367
;LAYER_CHANGE
;Z:38.48
;HEIGHT:0.200001
G1 Z38.280 F600
G1 F6052
G1 Z38.280 X124.002 Y88.377 E1475.51955
G1 Z38.282 X124.763 Y87.395 E1475.5616
G1 Z38.283 X125.585 Y86.463 E1475.60365
G1 Z38.284 X126.463 Y85.585 E1475.6457
G1 Z38.285 X127.395 Y84.763 E1475.68775
G1 Z38.286 X128.377 Y84.002 E1475.7298
G1 Z38.287 X129.404 Y83.304 E1475.77185
G1 Z38.288 X130.473 Y82.671 E1475.8139
G1 Z38.289 X131.58 Y82.107 E1475.85595
G1 Z38.291 X132.72 Y81.614 E1475.898
G1 Z38.292 X133.889 Y81.193 E1475.94005
G1 Z38.293 X135.082 Y80.846 E1475.9821
G1 Z38.294 X136.295 Y80.575 E1476.02415
G1 Z38.295 X137.522 Y80.381 E1476.0662
G1 Z38.296 X138.758 Y80.264 E1476.10825
G1 Z38.297 X140.004 Y80.225 E1476.15042
G1 Z38.315 X159.475 Y80.225 E1476.8095
G1 Z38.324 X159.475 Y90.225 E1477.14799
G1 Z38.325 X160.525 Y90.225 E1477.18353
G1 Z38.334 X160.525 Y80.225 E1477.52202
G1 Z38.351 X179.775 Y80.225 E1478.17361
G1 Z38.369 X179.775 Y99.475 E1478.8252
G1 Z38.378 X169.775 Y99.475 E1479.16369
G1 Z38.379 X169.775 Y100.525 E1479.19923
G1 Z38.388 X179.775 Y100.525 E1479.53772
G1 Z38.405 X179.775 Y119.775 E1480.18931
G1 Z38.441 X140.004 Y119.775 E1481.53552
G1 Z38.442 X138.758 Y119.736 E1481.57769
G1 Z38.443 X137.522 Y119.619 E1481.61974
G1 Z38.444 X136.295 Y119.425 E1481.66179
G1 Z38.446 X135.082 Y119.154 E1481.70384
G1 Z38.447 X133.889 Y118.807 E1481.74589
G1 Z38.448 X132.72 Y118.386 E1481.78794
G1 Z38.449 X131.58 Y117.893 E1481.82999
G1 Z38.450 X130.473 Y117.329 E1481.87204
G1 Z38.451 X129.404 Y116.696 E1481.91409
G1 Z38.452 X128.377 Y115.998 E1481.95614
G1 Z38.453 X127.395 Y115.237 E1481.99819
G1 Z38.455 X126.463 Y114.415 E1482.04024
G1 Z38.456 X125.585 Y113.537 E1482.08229
G1 Z38.457 X124.763 Y112.605 E1482.12434
G1 Z38.458 X124.002 Y111.623 E1482.16639
G1 Z38.459 X123.304 Y110.596 E1482.20844
G1 Z38.460 X122.671 Y109.527 E1482.25049
G1 Z38.461 X122.107 Y108.42 E1482.29254
G1 Z38.462 X121.614 Y107.28 E1482.33459
G1 Z38.464 X121.193 Y106.111 E1482.37664
G1 Z38.465 X120.846 Y104.918 E1482.41869
G1 Z38.466 X120.575 Y103.705 E1482.46074
G1 Z38.467 X120.381 Y102.478 E1482.50279
G1 Z38.468 X120.264 Y101.242 E1482.54484
G1 Z38.469 X120.225 Y100 E1482.58689
G1 Z38.470 X120.264 Y98.758 E1482.62894
G1 Z38.471 X120.381 Y97.522 E1482.67099
G1 Z38.473 X120.575 Y96.295 E1482.71304
G1 Z38.474 X120.846 Y95.082 E1482.75509
G1 Z38.475 X121.193 Y93.889 E1482.79714
G1 Z38.476 X121.614 Y92.72 E1482.83919
G1 Z38.477 X122.107 Y91.58 E1482.88124
G1 Z38.478 X122.671 Y90.473 E1482.92329
G1 Z38.479 X123.304 Y89.404 E1482.96534
G1 Z38.480 X123.738 Y88.765 E1482.99152
;LAYER_CHANGE
;Z:38.68
;HEIGHT:0.200001
G1 Z38.480 F600
G1 F6052
G1 Z38.480 X124.002 Y88.377 E1483.00739
G1 Z38.482 X124.763 Y87.395 E1483.04944
G1 Z38.483 X125.585 Y86.463 E1483.09149
G1 Z38.484 X126.463 Y85.585 E1483.13354
G1 Z38.485 X127.395 Y84.763 E1483.17559
G1 Z38.486 X128.377 Y84.002 E1483.21764
G1 Z38.487 X129.404 Y83.304 E1483.25969
G1 Z38.488 X130.473 Y82.671 E1483.30174
G1 Z38.489 X131.58 Y82.107 E1483.34379
G1 Z38.491 X132.72 Y81.614 E1483.38584
G1 Z38.492 X133.889 Y81.193 E1483.42789
G1 Z38.493 X135.082 Y80.846 E1483.46994
G1 Z38.494 X136.295 Y80.575 E1483.51199
G1 Z38.495 X137.522 Y80.381 E1483.55404
G1 Z38.496 X138.758 Y80.264 E1483.59609
G1 Z38.497 X140.004 Y80.225 E1483.63826
G1 Z38.515 X159.475 Y80.225 E1484.29735
G1 Z38.524 X159.475 Y90.225 E1484.63584
G1 Z38.525 X160.525 Y90.225 E1484.67138
G1 Z38.534 X160.525 Y80.225 E1485.00986
G1 Z38.551 X179.775 Y80.225 E1485.66145
G1 Z38.569 X179.775 Y99.475 E1486.31304
G1 Z38.578 X169.775 Y99.475 E1486.65153
G1 Z38.579 X169.775 Y100.525 E1486.68707
G1 Z38.588 X179.775 Y100.525 E1487.02556
G1 Z38.605 X179.775 Y119.775 E1487.67715
G1 Z38.641 X140.004 Y119.775 E1489.02337
G1 Z38.642 X138.758 Y119.736 E1489.06554
G1 Z38.643 X137.522 Y119.619 E1489.10759
G1 Z38.644 X136.295 Y119.425 E1489.14964
G1 Z38.646 X135.082 Y119.154 E1489.19169
G1 Z38.647 X133.889 Y118.807 E1489.23374
G1 Z38.648 X132.72 Y118.386 E1489.27579
G1 Z38.649 X131.58 Y117.893 E1489.31784
G1 Z38.650 X130.473 Y117.329 E1489.35989
G1 Z38.651 X129.404 Y116.696 E1489.40194
G1 Z38.652 X128.377 Y115.998 E1489.44399
G1 Z38.653 X127.466 Y115.291 E1489.48302
G1 Z38.655 X126.463 Y114.415 E1489.5281
G1 Z38.656 X125.585 Y113.537 E1489.57013
G1 Z38.657 X124.763 Y112.605 E1489.61218
G1 Z38.658 X124.002 Y111.623 E1489.65423
G1 Z38.659 X123.304 Y110.596 E1489.69628
G1 Z38.660 X122.671 Y109.527 E1489.73833
G1 Z38.661 X122.107 Y108.42 E1489.78038
G1 Z38.662 X121.614 Y107.28 E1489.82243
G1 Z38.664 X121.193 Y106.111 E1489.86448
G1 Z38.665 X120.846 Y104.918 E1489.90653
G1 Z38.666 X120.575 Y103.705 E1489.94858
G1 Z38.667 X120.381 Y102.478 E1489.99063
G1 Z38.668 X120.264 Y101.242 E1490.03268
G1 Z38.669 X120.225 Y100 E1490.07473
G1 Z38.670 X120.264 Y98.758 E1490.11678
G1 Z38.671 X120.381 Y97.522 E1490.15883
G1 Z38.672 X120.561 Y96.383 E1490.19786
G1 Z38.674 X120.847 Y95.082 E1490.24294
G1 Z38.675 X121.193 Y93.889 E1490.28498
G1 Z38.676 X121.614 Y92.72 E1490.32703
G1 Z38.677 X122.107 Y91.58 E1490.36908
G1 Z38.678 X122.671 Y90.473 E1490.41113
G1 Z38.679 X123.304 Y89.404 E1490.45318
G1 Z38.680 X123.738 Y88.765 E1490.47935
;LAYER_CHANGE
;Z:38.88
;HEIGHT:0.200001
G1 Z38.680 F600
G1 F6052
G1 Z38.680 X124.002 Y88.377 E1490.49523
G1 Z38.682 X124.763 Y87.395 E1490.53728
G1 Z38.683 X125.585 Y86.463 E1490.57933
G1 Z38.684 X126.463 Y85.585 E1490.62138
G1 Z38.685 X127.395 Y84.763 E1490.66343
G1 Z38.686 X128.377 Y84.002 E1490.70548
G1 Z38.687 X129.404 Y83.304 E1490.74753
G1 Z38.688 X130.473 Y82.671 E1490.78958
G1 Z38.689 X131.58 Y82.107 E1490.83163
G1 Z38.691 X132.72 Y81.614 E1490.87368
G1 Z38.692 X133.889 Y81.193 E1490.91573
G1 Z38.693 X135.082 Y80.846 E1490.95778
G1 Z38.694 X136.295 Y80.575 E1490.99983
G1 Z38.695 X137.522 Y80.381 E1491.04188
G1 Z38.696 X138.758 Y80.264 E1491.08393
G1 Z38.697 X140.004 Y80.225 E1491.1261
G1 Z38.715 X159.475 Y80.225 E1491.78518
G1 Z38.724 X159.475 Y90.225 E1492.12367
G1 Z38.725 X160.525 Y90.225 E1492.15921
G1 Z38.734 X160.525 Y80.225 E1492.4977
G1 Z38.751 X179.775 Y80.225 E1493.14929
G1 Z38.769 X179.775 Y99.475 E1493.80088
G1 Z38.778 X169.775 Y99.475 E1494.13937
G1 Z38.779 X169.775 Y100.525 E1494.17491
G1 Z38.788 X179.775 Y100.525 E1494.5134
G1 Z38.805 X179.775 Y119.775 E1495.16499
G1 Z38.841 X140.004 Y119.775 E1496.5112
G1 Z38.842 X138.758 Y119.736 E1496.55337
G1 Z38.843 X137.522 Y119.619 E1496.59542
G1 Z38.844 X136.295 Y119.425 E1496.63747
G1 Z38.846 X135.082 Y119.154 E1496.67952
G1 Z38.847 X133.889 Y118.807 E1496.72157
G1 Z38.848 X132.72 Y118.386 E1496.76362
G1 Z38.849 X131.58 Y117.893 E1496.80567
G1 Z38.850 X130.473 Y117.329 E1496.84772
G1 Z38.851 X129.404 Y116.696 E1496.88977
G1 Z38.852 X128.377 Y115.998 E1496.93182
G1 Z38.853 X127.395 Y115.237 E1496.97387
G1 Z38.855 X126.463 Y114.415 E1497.01592
G1 Z38.856 X125.585 Y113.537 E1497.05797
G1 Z38.857 X124.763 Y112.605 E1497.10002
G1 Z38.858 X124.002 Y111.623 E1497.14207
G1 Z38.859 X123.304 Y110.596 E1497.18412
G1 Z38.860 X122.671 Y109.527 E1497.22617
G1 Z38.861 X122.107 Y108.42 E1497.26822
G1 Z38.862 X121.614 Y107.28 E1497.31027
G1 Z38.864 X121.193 Y106.111 E1497.35232
G1 Z38.865 X120.846 Y104.918 E1497.39437
G1 Z38.866 X120.575 Y103.705 E1497.43642
G1 Z38.867 X120.381 Y102.478 E1497.47847
G1 Z38.868 X120.264 Y101.242 E1497.52052
G1 Z38.869 X120.225 Y100 E1497.56257
G1 Z38.870 X120.264 Y98.758 E1497.60462
G1 Z38.871 X120.381 Y97.522 E1497.64667
G1 Z38.873 X120.575 Y96.295 E1497.68872
G1 Z38.874 X120.846 Y95.082 E1497.73077
G1 Z38.875 X121.193 Y93.889 E1497.77282
G1 Z38.876 X121.594 Y92.776 E1497.81286
G1 Z38.877 X122.107 Y91.58 E1497.85693
G1 Z38.878 X122.671 Y90.473 E1497.89897
G1 Z38.879 X123.304 Y89.404 E1497.94102
G1 Z38.880 X123.738 Y88.765 E1497.96719
;LAYER_CHANGE
;Z:39.08
;HEIGHT:0.200001
G1 Z38.880 F600
G1 F6052
G1 Z38.880 X124.002 Y88.377 E1497.98307
G1 Z38.882 X124.763 Y87.395 E1498.02512
G1 Z38.883 X125.585 Y86.463 E1498.06717
G1 Z38.884 X126.463 Y85.585 E1498.10922
G1 Z38.885 X127.395 Y84.763 E1498.15127
G1 Z38.886 X128.377 Y84.002 E1498.19332
G1 Z38.887 X129.404 Y83.304 E1498.23537
G1 Z38.888 X130.473 Y82.671 E1498.27742
G1 Z38.889 X131.58 Y82.107 E1498.31947
G1 Z38.891 X132.72 Y81.614 E1498.36152
G1 Z38.892 X133.889 Y81.193 E1498.40357
G1 Z38.893 X135.082 Y80.846 E1498.44562
G1 Z38.894 X136.295 Y80.575 E1498.48767
G1 Z38.895 X137.522 Y80.381 E1498.52972
G1 Z38.896 X138.758 Y80.264 E1498.57177
G1 Z38.897 X140.004 Y80.225 E1498.61394
G1 Z38.915 X159.475 Y80.225 E1499.27302
G1 Z38.924 X159.475 Y90.225 E1499.61151
G1 Z38.925 X160.525 Y90.225 E1499.64705
G1 Z38.934 X160.525 Y80.225 E1499.98554
G1 Z38.951 X179.775 Y80.225 E1500.63713
G1 Z38.969 X179.775 Y99.475 E1501.28872
G1 Z38.978 X169.775 Y99.475 E1501.62721
G1 Z38.979 X169.775 Y100.525 E1501.66275
G1 Z38.988 X179.775 Y100.525 E1502.00124
G1 Z39.005 X179.775 Y119.775 E1502.65283
G1 Z39.041 X140.004 Y119.775 E1503.99904
G1 Z39.042 X138.758 Y119.736 E1504.04121
G1 Z39.043 X137.522 Y119.619 E1504.08326
G1 Z39.044 X136.295 Y119.425 E1504.12531
G1 Z39.046 X135.082 Y119.154 E1504.16736
G1 Z39.047 X133.889 Y118.807 E1504.20941
G1 Z39.048 X132.72 Y118.386 E1504.25146
G1 Z39.049 X131.58 Y117.893 E1504.29351
G1 Z39.050 X130.473 Y117.329 E1504.33556
G1 Z39.051 X129.404 Y116.696 E1504.37761
G1 Z39.052 X128.377 Y115.998 E1504.41966
G1 Z39.053 X127.395 Y115.237 E1504.46171
G1 Z39.055 X126.463 Y114.415 E1504.50376
G1 Z39.056 X125.585 Y113.537 E1504.54581
G1 Z39.057 X124.763 Y112.605 E1504.58786
G1 Z39.058 X124.002 Y111.623 E1504.62991
G1 Z39.059 X123.304 Y110.596 E1504.67196
G1 Z39.060 X122.671 Y109.527 E1504.71401
G1 Z39.061 X122.107 Y108.42 E1504.75606
G1 Z39.062 X121.614 Y107.28 E1504.79811
G1 Z39.064 X121.193 Y106.111 E1504.84016
G1 Z39.065 X120.846 Y104.918 E1504.88221
G1 Z39.066 X120.575 Y103.705 E1504.92426
G1 Z39.067 X120.381 Y102.478 E1504.96631
G1 Z39.068 X120.264 Y101.242 E1505.00836
G1 Z39.069 X120.225 Y100 E1505.05041
G1 Z39.070 X120.264 Y98.758 E1505.09246
G1 Z39.071 X120.381 Y97.522 E1505.13451
G1 Z39.073 X120.575 Y96.295 E1505.17656
G1 Z39.074 X120.846 Y95.082 E1505.21861
G1 Z39.075 X121.193 Y93.889 E1505.26066
G1 Z39.076 X121.614 Y92.72 E1505.30271
G1 Z39.077 X122.107 Y91.58 E1505.34476
G1 Z39.078 X122.671 Y90.473 E1505.38681
G1 Z39.079 X123.304 Y89.404 E1505.42886
G1 Z39.080 X123.738 Y88.765 E1505.45504
;LAYER_CHANGE
;Z:39.28
;HEIGHT:0.199997
M593 P1 F80 ; set_input_shaper_ei_80
G1 Z39.080 F600
G1 F6052
G1 Z39.080 X124.002 Y88.377 E1505.47091
G1 Z39.082 X124.764 Y87.396 E1505.51296
G1 Z39.083 X125.585 Y86.464 E1505.55501
G1 Z39.084 X126.468 Y85.582 E1505.59724
G1 Z39.085 X127.396 Y84.764 E1505.6391
G1 Z39.086 X128.377 Y84.002 E1505.68115
G1 Z39.087 X129.404 Y83.304 E1505.7232
G1 Z39.088 X130.474 Y82.672 E1505.76525
G1 Z39.089 X131.581 Y82.108 E1505.8073
G1 Z39.091 X132.721 Y81.615 E1505.84935
G1 Z39.092 X133.889 Y81.194 E1505.89139
G1 Z39.093 X135.082 Y80.847 E1505.93344
G1 Z39.094 X136.295 Y80.576 E1505.97549
G1 Z39.095 X137.522 Y80.382 E1506.01754
G1 Z39.096 X138.758 Y80.265 E1506.05959
G1 Z39.097 X140.004 Y80.226 E1506.10176
G1 Z39.115 X159.475 Y80.226 E1506.76084
G1 Z39.124 X159.475 Y90.225 E1507.0993
G1 Z39.125 X160.525 Y90.225 E1507.13484
G1 Z39.134 X160.525 Y80.226 E1507.4733
G1 Z39.151 X179.774 Y80.226 E1508.12487
G1 Z39.169 X179.774 Y99.475 E1508.77643
G1 Z39.178 X169.775 Y99.475 E1509.11489
G1 Z39.179 X169.775 Y100.525 E1509.15043
G1 Z39.188 X179.774 Y100.525 E1509.48889
G1 Z39.205 X179.774 Y119.774 E1510.14046
G1 Z39.241 X140.004 Y119.774 E1511.48664
G1 Z39.242 X138.753 Y119.735 E1511.529
G1 Z39.243 X137.522 Y119.618 E1511.57086
G1 Z39.244 X136.295 Y119.424 E1511.61291
G1 Z39.246 X135.082 Y119.153 E1511.65496
G1 Z39.247 X133.889 Y118.806 E1511.69701
G1 Z39.248 X132.721 Y118.385 E1511.73905
G1 Z39.249 X131.581 Y117.892 E1511.7811
G1 Z39.250 X130.474 Y117.328 E1511.82315
G1 Z39.251 X129.405 Y116.696 E1511.8652
G1 Z39.252 X128.377 Y115.998 E1511.90725
G1 Z39.253 X127.396 Y115.236 E1511.9493
G1 Z39.255 X126.464 Y114.415 E1511.99134
G1 Z39.256 X125.585 Y113.536 E1512.03339
G1 Z39.257 X124.764 Y112.604 E1512.07544
G1 Z39.258 X124.002 Y111.623 E1512.11749
G1 Z39.259 X123.304 Y110.595 E1512.15954
G1 Z39.260 X122.672 Y109.526 E1512.20159
G1 Z39.261 X122.108 Y108.419 E1512.24363
G1 Z39.262 X121.615 Y107.279 E1512.28568
G1 Z39.264 X121.194 Y106.111 E1512.32773
G1 Z39.265 X120.847 Y104.918 E1512.36978
G1 Z39.266 X120.576 Y103.705 E1512.41183
G1 Z39.267 X120.382 Y102.478 E1512.45388
G1 Z39.268 X120.265 Y101.242 E1512.49592
G1 Z39.269 X120.226 Y100 E1512.53797
G1 Z39.270 X120.265 Y98.758 E1512.58002
G1 Z39.271 X120.382 Y97.522 E1512.62207
G1 Z39.273 X120.576 Y96.295 E1512.66412
G1 Z39.274 X120.847 Y95.082 E1512.70617
G1 Z39.275 X121.194 Y93.889 E1512.74821
G1 Z39.276 X121.615 Y92.721 E1512.79026
G1 Z39.277 X122.11 Y91.576 E1512.8325
G1 Z39.278 X122.672 Y90.474 E1512.87436
G1 Z39.279 X123.304 Y89.404 E1512.91641
G1 Z39.280 X123.739 Y88.765 E1512.94258
;LAYER_CHANGE
;Z:39.48
;HEIGHT:0.200001
G1 Z39.280 F600
G1 F6046
G1 Z39.280 X124.037 Y88.402 E1512.95841
G1 Z39.282 X124.797 Y87.423 E1513.00037
G1 Z39.283 X125.617 Y86.493 E1513.04232
G1 Z39.284 X126.493 Y85.617 E1513.08428
G1 Z39.285 X127.423 Y84.797 E1513.12624
G1 Z39.286 X128.402 Y84.037 E1513.16819
G1 Z39.287 X129.428 Y83.341 E1513.21015
G1 Z39.287 X129.687 Y83.187 E1513.22033
G1 Z39.288 X130.494 Y82.71 E1513.25211
G1 Z39.289 X131.599 Y82.147 E1513.29406
G1 Z39.291 X132.737 Y81.655 E1513.33602
G1 Z39.292 X133.903 Y81.235 E1513.37798
G1 Z39.293 X135.093 Y80.889 E1513.41993
G1 Z39.294 X136.303 Y80.618 E1513.46189
G1 Z39.295 X137.527 Y80.425 E1513.50385
G1 Z39.296 X138.761 Y80.308 E1513.5458
G1 Z39.297 X140.004 Y80.269 E1513.58788
G1 Z39.315 X159.475 Y80.269 E1514.24697
G1 Z39.324 X159.475 Y90.225 E1514.58397
G1 Z39.325 X160.525 Y90.225 E1514.61951
G1 Z39.334 X160.525 Y80.269 E1514.95652
G1 Z39.351 X179.731 Y80.269 E1515.60662
G1 Z39.369 X179.731 Y99.475 E1516.25673
G1 Z39.378 X169.775 Y99.475 E1516.59373
G1 Z39.379 X169.775 Y100.525 E1516.62927
G1 Z39.388 X179.731 Y100.525 E1516.96628
G1 Z39.405 X179.731 Y119.731 E1517.61639
G1 Z39.441 X140.004 Y119.731 E1518.96112
G1 Z39.442 X138.761 Y119.692 E1519.00319
G1 Z39.443 X137.527 Y119.575 E1519.04515
G1 Z39.444 X136.303 Y119.382 E1519.08711
G1 Z39.446 X135.093 Y119.111 E1519.12907
G1 Z39.447 X133.903 Y118.765 E1519.17102
G1 Z39.448 X132.737 Y118.345 E1519.21298
G1 Z39.449 X131.599 Y117.853 E1519.25494
G1 Z39.450 X130.494 Y117.29 E1519.29689
G1 Z39.451 X129.428 Y116.659 E1519.33885
G1 Z39.452 X128.402 Y115.963 E1519.38081
G1 Z39.453 X127.423 Y115.203 E1519.42276
G1 Z39.455 X126.493 Y114.383 E1519.46472
G1 Z39.456 X125.617 Y113.507 E1519.50668
G1 Z39.457 X124.797 Y112.577 E1519.54863
G1 Z39.458 X124.037 Y111.598 E1519.59059
G1 Z39.459 X123.341 Y110.572 E1519.63255
G1 Z39.460 X122.71 Y109.506 E1519.6745
G1 Z39.461 X122.147 Y108.401 E1519.71646
G1 Z39.462 X121.655 Y107.263 E1519.75842
G1 Z39.464 X121.235 Y106.097 E1519.80037
G1 Z39.465 X120.889 Y104.907 E1519.84233
G1 Z39.466 X120.618 Y103.697 E1519.88429
G1 Z39.467 X120.425 Y102.473 E1519.92624
G1 Z39.468 X120.308 Y101.239 E1519.9682
G1 Z39.468 X120.298 Y100.938 E1519.97839
G1 Z39.469 X120.269 Y100 E1520.01016
G1 Z39.470 X120.308 Y98.761 E1520.05211
G1 Z39.471 X120.425 Y97.527 E1520.09407
G1 Z39.473 X120.618 Y96.303 E1520.13603
G1 Z39.474 X120.889 Y95.093 E1520.17799
G1 Z39.475 X121.235 Y93.903 E1520.21994
G1 Z39.476 X121.655 Y92.737 E1520.2619
G1 Z39.477 X122.147 Y91.599 E1520.30386
G1 Z39.478 X122.71 Y90.494 E1520.34581
G1 Z39.479 X123.341 Y89.428 E1520.38777
G1 Z39.480 X123.774 Y88.789 E1520.4139
;LAYER_CHANGE
;Z:39.68
;HEIGHT:0.200001
G1 Z39.480 F600
G1 F6040
G1 Z39.480 X124.072 Y88.428 E1520.42968
G1 Z39.482 X124.83 Y87.45 E1520.47155
G1 Z39.483 X125.648 Y86.523 E1520.51341
G1 Z39.484 X126.523 Y85.648 E1520.55528
G1 Z39.485 X127.45 Y84.83 E1520.59714
G1 Z39.486 X128.428 Y84.072 E1520.63901
G1 Z39.487 X129.451 Y83.377 E1520.68087
G1 Z39.488 X130.515 Y82.747 E1520.72274
G1 Z39.489 X131.617 Y82.186 E1520.7646
G1 Z39.491 X132.752 Y81.695 E1520.80647
G1 Z39.492 X133.916 Y81.276 E1520.84833
G1 Z39.493 X135.104 Y80.931 E1520.8902
G1 Z39.494 X136.311 Y80.661 E1520.93206
G1 Z39.495 X137.532 Y80.467 E1520.97393
G1 Z39.496 X138.764 Y80.351 E1521.0158
G1 Z39.497 X140.004 Y80.312 E1521.05778
G1 Z39.515 X159.475 Y80.312 E1521.71687
G1 Z39.524 X159.475 Y90.225 E1522.05241
G1 Z39.525 X160.525 Y90.225 E1522.08795
G1 Z39.534 X160.525 Y80.312 E1522.4235
G1 Z39.551 X179.688 Y80.312 E1523.07215
G1 Z39.569 X179.688 Y99.475 E1523.7208
G1 Z39.578 X169.775 Y99.475 E1524.05635
G1 Z39.579 X169.775 Y100.525 E1524.09189
G1 Z39.588 X179.688 Y100.525 E1524.42744
G1 Z39.605 X179.688 Y119.688 E1525.07609
G1 Z39.641 X140.004 Y119.688 E1526.41937
G1 Z39.642 X138.764 Y119.649 E1526.46135
G1 Z39.643 X137.532 Y119.533 E1526.50322
G1 Z39.644 X136.311 Y119.339 E1526.54508
G1 Z39.646 X135.104 Y119.069 E1526.58695
G1 Z39.647 X133.916 Y118.724 E1526.62881
G1 Z39.648 X132.752 Y118.305 E1526.67068
G1 Z39.649 X131.617 Y117.814 E1526.71254
G1 Z39.650 X130.515 Y117.253 E1526.75441
G1 Z39.651 X129.451 Y116.623 E1526.79627
G1 Z39.652 X128.428 Y115.928 E1526.83814
G1 Z39.653 X127.45 Y115.17 E1526.88
G1 Z39.655 X126.523 Y114.352 E1526.92187
G1 Z39.656 X125.648 Y113.477 E1526.96373
G1 Z39.657 X124.83 Y112.55 E1527.0056
G1 Z39.658 X124.072 Y111.572 E1527.04746
G1 Z39.659 X123.377 Y110.549 E1527.08933
G1 Z39.660 X122.747 Y109.485 E1527.1312
G1 Z39.661 X122.186 Y108.383 E1527.17306
G1 Z39.662 X121.695 Y107.248 E1527.21493
G1 Z39.664 X121.276 Y106.084 E1527.25679
G1 Z39.665 X120.931 Y104.896 E1527.29866
G1 Z39.666 X120.661 Y103.689 E1527.34052
G1 Z39.667 X120.467 Y102.468 E1527.38239
G1 Z39.668 X120.351 Y101.236 E1527.42425
G1 Z39.669 X120.332 Y100.633 E1527.44467
G1 Z39.669 X120.312 Y100 E1527.46612
G1 Z39.670 X120.351 Y98.764 E1527.50798
G1 Z39.671 X120.467 Y97.532 E1527.54985
G1 Z39.673 X120.661 Y96.311 E1527.59171
G1 Z39.674 X120.931 Y95.104 E1527.63358
G1 Z39.675 X121.276 Y93.916 E1527.67544
G1 Z39.676 X121.695 Y92.752 E1527.71731
G1 Z39.677 X122.186 Y91.617 E1527.75918
G1 Z39.678 X122.747 Y90.515 E1527.80104
G1 Z39.679 X123.377 Y89.451 E1527.84291
G1 Z39.680 X123.81 Y88.813 E1527.86899
;LAYER_CHANGE
;Z:39.88
;HEIGHT:0.200001
G1 Z39.680 F600
G1 F6035
G1 Z39.680 X124.107 Y88.453 E1527.88472
G1 Z39.682 X124.863 Y87.478 E1527.9265
G1 Z39.683 X125.679 Y86.552 E1527.96827
G1 Z39.684 X126.552 Y85.679 E1528.01005
G1 Z39.685 X127.478 Y84.863 E1528.05182
G1 Z39.686 X128.453 Y84.107 E1528.09359
G1 Z39.687 X129.474 Y83.413 E1528.13537
G1 Z39.688 X130.536 Y82.785 E1528.17714
G1 Z39.689 X131.636 Y82.225 E1528.21891
G1 Z39.691 X132.768 Y81.735 E1528.26069
G1 Z39.692 X133.929 Y81.316 E1528.30246
G1 Z39.693 X135.114 Y80.972 E1528.34424
G1 Z39.694 X136.319 Y80.703 E1528.38601
G1 Z39.695 X137.538 Y80.51 E1528.42778
G1 Z39.696 X138.766 Y80.394 E1528.46956
G1 Z39.697 X140.004 Y80.355 E1528.51145
G1 Z39.715 X159.475 Y80.355 E1529.17054
G1 Z39.724 X159.475 Y90.225 E1529.50463
G1 Z39.725 X160.525 Y90.225 E1529.54017
G1 Z39.734 X160.525 Y80.355 E1529.87426
G1 Z39.751 X179.645 Y80.355 E1530.52146
G1 Z39.769 X179.645 Y99.475 E1531.16865
G1 Z39.778 X169.775 Y99.475 E1531.50274
G1 Z39.779 X169.775 Y100.525 E1531.53828
G1 Z39.788 X179.645 Y100.525 E1531.87237
G1 Z39.805 X179.645 Y119.645 E1532.51957
G1 Z39.841 X140.004 Y119.645 E1533.86139
G1 Z39.842 X138.766 Y119.606 E1533.90328
G1 Z39.843 X137.538 Y119.49 E1533.94505
G1 Z39.844 X136.319 Y119.297 E1533.98683
G1 Z39.846 X135.114 Y119.028 E1534.0286
G1 Z39.847 X133.929 Y118.684 E1534.07037
G1 Z39.848 X132.768 Y118.265 E1534.11215
G1 Z39.849 X131.636 Y117.775 E1534.15392
G1 Z39.850 X130.536 Y117.215 E1534.1957
G1 Z39.851 X129.474 Y116.587 E1534.23747
G1 Z39.852 X128.453 Y115.893 E1534.27924
G1 Z39.853 X127.478 Y115.137 E1534.32102
G1 Z39.855 X126.552 Y114.321 E1534.36279
G1 Z39.856 X125.679 Y113.448 E1534.40457
G1 Z39.857 X124.863 Y112.522 E1534.44634
G1 Z39.858 X124.107 Y111.547 E1534.48811
G1 Z39.859 X123.413 Y110.526 E1534.52989
G1 Z39.860 X122.785 Y109.464 E1534.57166
G1 Z39.861 X122.225 Y108.364 E1534.61343
G1 Z39.862 X121.735 Y107.232 E1534.65521
G1 Z39.864 X121.316 Y106.071 E1534.69698
G1 Z39.865 X120.972 Y104.886 E1534.73876
G1 Z39.866 X120.703 Y103.681 E1534.78053
G1 Z39.867 X120.51 Y102.462 E1534.8223
G1 Z39.868 X120.394 Y101.234 E1534.86408
G1 Z39.869 X120.365 Y100.328 E1534.89473
G1 Z39.869 X120.355 Y100 E1534.90585
G1 Z39.870 X120.394 Y98.766 E1534.94762
G1 Z39.871 X120.51 Y97.538 E1534.9894
G1 Z39.873 X120.703 Y96.319 E1535.03117
G1 Z39.874 X120.972 Y95.114 E1535.07295
G1 Z39.875 X121.316 Y93.929 E1535.11472
G1 Z39.876 X121.735 Y92.768 E1535.15649
G1 Z39.877 X122.225 Y91.636 E1535.19827
G1 Z39.878 X122.785 Y90.536 E1535.24004
G1 Z39.879 X123.413 Y89.474 E1535.28181
G1 Z39.880 X123.846 Y88.837 E1535.30785
;LAYER_CHANGE
;Z:40.08
;HEIGHT:0.200001
G1 Z39.880 F600
G1 F6029
G1 Z39.880 X124.142 Y88.478 E1535.32354
G1 Z39.882 X124.878 Y87.529 E1535.3642
G1 Z39.883 X125.711 Y86.581 E1535.40691
G1 Z39.884 X126.582 Y85.711 E1535.44859
G1 Z39.885 X127.482 Y84.916 E1535.48924
G1 Z39.886 X128.478 Y84.142 E1535.53196
G1 Z39.887 X129.497 Y83.45 E1535.57363
G1 Z39.888 X130.557 Y82.823 E1535.61532
G1 Z39.889 X131.654 Y82.264 E1535.657
G1 Z39.891 X132.784 Y81.775 E1535.69868
G1 Z39.892 X133.943 Y81.357 E1535.74036
G1 Z39.893 X135.125 Y81.014 E1535.78204
G1 Z39.894 X136.327 Y80.745 E1535.82373
G1 Z39.895 X137.543 Y80.553 E1535.86541
G1 Z39.896 X138.769 Y80.437 E1535.90709
G1 Z39.897 X140.004 Y80.398 E1535.94889
G1 Z39.915 X159.475 Y80.398 E1536.60798
G1 Z39.924 X159.475 Y90.225 E1536.94061
G1 Z39.925 X160.525 Y90.225 E1536.97616
G1 Z39.934 X160.525 Y80.398 E1537.30879
G1 Z39.951 X179.602 Y80.398 E1537.95453
G1 Z39.969 X179.602 Y99.475 E1538.60026
G1 Z39.978 X169.775 Y99.475 E1538.9329
G1 Z39.979 X169.775 Y100.525 E1538.96844
G1 Z39.988 X179.602 Y100.525 E1539.30107
G1 Z40.005 X179.602 Y119.602 E1539.94681
G1 Z40.041 X140.004 Y119.602 E1541.28718
G1 Z40.042 X138.769 Y119.563 E1541.32898
G1 Z40.043 X137.543 Y119.447 E1541.37066
G1 Z40.044 X136.327 Y119.255 E1541.41234
G1 Z40.046 X135.125 Y118.986 E1541.45402
G1 Z40.047 X133.943 Y118.643 E1541.49571
G1 Z40.048 X132.784 Y118.225 E1541.53739
G1 Z40.049 X131.654 Y117.736 E1541.57907
G1 Z40.050 X130.557 Y117.177 E1541.62075
G1 Z40.051 X129.497 Y116.551 E1541.66244
G1 Z40.052 X128.478 Y115.858 E1541.70412
G1 Z40.053 X127.529 Y115.122 E1541.74477
G1 Z40.055 X126.581 Y114.289 E1541.78749
G1 Z40.056 X125.711 Y113.418 E1541.82916
G1 Z40.057 X124.896 Y112.495 E1541.87085
G1 Z40.058 X124.142 Y111.522 E1541.91253
G1 Z40.059 X123.449 Y110.503 E1541.95421
G1 Z40.060 X122.823 Y109.443 E1541.99589
G1 Z40.061 X122.264 Y108.346 E1542.03757
G1 Z40.062 X121.775 Y107.216 E1542.07926
G1 Z40.064 X121.357 Y106.057 E1542.12094
G1 Z40.065 X121.014 Y104.875 E1542.16262
G1 Z40.066 X120.745 Y103.673 E1542.2043
G1 Z40.067 X120.553 Y102.457 E1542.24599
G1 Z40.068 X120.437 Y101.231 E1542.28767
G1 Z40.069 X120.399 Y100.03 E1542.32832
G1 Z40.070 X120.437 Y98.769 E1542.37104
G1 Z40.071 X120.553 Y97.543 E1542.41271
G1 Z40.073 X120.745 Y96.327 E1542.4544
G1 Z40.074 X121.014 Y95.125 E1542.49608
G1 Z40.075 X121.357 Y93.943 E1542.53776
G1 Z40.076 X121.775 Y92.784 E1542.57944
G1 Z40.077 X122.264 Y91.654 E1542.62112
G1 Z40.078 X122.823 Y90.557 E1542.66281
G1 Z40.079 X123.449 Y89.497 E1542.70449
G1 Z40.080 X123.881 Y88.862 E1542.73048
;LAYER_CHANGE
;Z:40.28
;HEIGHT:0.199997
G1 Z40.080 F600
G1 F6034
G1 Z40.080 X124.114 Y88.458 E1542.74621
G1 Z40.082 X124.87 Y87.483 E1542.78796
G1 Z40.083 X125.686 Y86.558 E1542.82972
G1 Z40.084 X126.558 Y85.686 E1542.87147
G1 Z40.085 X127.483 Y84.87 E1542.91323
G1 Z40.086 X128.458 Y84.114 E1542.95499
G1 Z40.087 X129.478 Y83.42 E1542.99674
G1 Z40.088 X130.54 Y82.792 E1543.0385
G1 Z40.089 X131.639 Y82.232 E1543.08025
G1 Z40.091 X132.771 Y81.743 E1543.12201
G1 Z40.092 X133.932 Y81.325 E1543.16376
G1 Z40.093 X135.117 Y80.981 E1543.20552
G1 Z40.094 X136.321 Y80.711 E1543.24727
G1 Z40.095 X137.539 Y80.518 E1543.28903
G1 Z40.096 X138.767 Y80.402 E1543.33079
G1 Z40.097 X140.004 Y80.363 E1543.37266
G1 Z40.115 X159.475 Y80.363 E1544.03175
G1 Z40.124 X159.475 Y90.225 E1544.36555
G1 Z40.125 X160.525 Y90.225 E1544.40109
G1 Z40.134 X160.525 Y80.363 E1544.73489
G1 Z40.151 X179.637 Y80.363 E1545.38179
G1 Z40.169 X179.637 Y99.475 E1546.02869
G1 Z40.178 X169.775 Y99.475 E1546.36249
G1 Z40.179 X169.775 Y100.525 E1546.39803
G1 Z40.188 X179.637 Y100.525 E1546.73183
G1 Z40.205 X179.637 Y119.637 E1547.37874
G1 Z40.241 X140.004 Y119.637 E1548.72026
G1 Z40.242 X138.767 Y119.598 E1548.76214
G1 Z40.243 X137.539 Y119.482 E1548.80389
G1 Z40.244 X136.321 Y119.289 E1548.84565
G1 Z40.246 X135.117 Y119.019 E1548.88741
G1 Z40.247 X133.932 Y118.675 E1548.92916
G1 Z40.248 X132.771 Y118.257 E1548.97092
G1 Z40.249 X131.639 Y117.768 E1549.01267
G1 Z40.250 X130.54 Y117.208 E1549.05443
G1 Z40.251 X129.478 Y116.58 E1549.09618
G1 Z40.252 X128.458 Y115.886 E1549.13794
G1 Z40.253 X127.483 Y115.13 E1549.17969
G1 Z40.255 X126.558 Y114.314 E1549.22145
G1 Z40.256 X125.686 Y113.442 E1549.26321
G1 Z40.257 X124.87 Y112.517 E1549.30496
G1 Z40.257 X124.706 Y112.305 E1549.31401
G1 Z40.258 X124.114 Y111.542 E1549.34672
G1 Z40.259 X123.42 Y110.522 E1549.38847
G1 Z40.260 X122.792 Y109.46 E1549.43023
G1 Z40.261 X122.232 Y108.361 E1549.47198
G1 Z40.262 X121.743 Y107.229 E1549.51374
G1 Z40.264 X121.325 Y106.068 E1549.55549
G1 Z40.265 X120.981 Y104.883 E1549.59725
G1 Z40.266 X120.711 Y103.679 E1549.639
G1 Z40.267 X120.518 Y102.461 E1549.68076
G1 Z40.268 X120.402 Y101.233 E1549.72252
G1 Z40.269 X120.364 Y100 E1549.76427
G1 Z40.270 X120.402 Y98.767 E1549.80603
G1 Z40.271 X120.518 Y97.539 E1549.84778
G1 Z40.273 X120.711 Y96.321 E1549.88954
G1 Z40.274 X120.981 Y95.117 E1549.93129
G1 Z40.275 X121.325 Y93.932 E1549.97305
G1 Z40.276 X121.743 Y92.771 E1550.0148
G1 Z40.277 X122.232 Y91.639 E1550.05656
G1 Z40.278 X122.792 Y90.54 E1550.09831
G1 Z40.279 X123.42 Y89.478 E1550.14007
G1 Z40.280 X123.853 Y88.842 E1550.1661
;LAYER_CHANGE
;Z:40.48
;HEIGHT:0.200001
G1 Z40.280 F600
G1 F6039
G1 Z40.280 X124.079 Y88.433 E1550.18187
G1 Z40.282 X124.837 Y87.456 E1550.22372
G1 Z40.283 X125.654 Y86.529 E1550.26557
G1 Z40.284 X126.529 Y85.654 E1550.30741
G1 Z40.285 X127.456 Y84.837 E1550.34926
G1 Z40.286 X128.433 Y84.079 E1550.39111
G1 Z40.287 X129.455 Y83.384 E1550.43295
G1 Z40.288 X130.519 Y82.755 E1550.4748
G1 Z40.289 X131.621 Y82.194 E1550.51665
G1 Z40.291 X132.756 Y81.703 E1550.55849
G1 Z40.292 X133.919 Y81.284 E1550.60034
G1 Z40.293 X135.106 Y80.939 E1550.64219
G1 Z40.294 X136.312 Y80.669 E1550.68404
G1 Z40.295 X137.533 Y80.476 E1550.72588
G1 Z40.296 X138.764 Y80.359 E1550.76773
G1 Z40.297 X140.004 Y80.32 E1550.8097
G1 Z40.315 X159.475 Y80.32 E1551.46878
G1 Z40.324 X159.475 Y90.225 E1551.80404
G1 Z40.325 X160.525 Y90.225 E1551.83958
G1 Z40.334 X160.525 Y80.32 E1552.17484
G1 Z40.351 X179.68 Y80.32 E1552.8232
G1 Z40.369 X179.68 Y99.475 E1553.47155
G1 Z40.378 X169.775 Y99.475 E1553.80681
G1 Z40.379 X169.775 Y100.525 E1553.84235
G1 Z40.388 X179.68 Y100.525 E1554.17761
G1 Z40.405 X179.68 Y119.68 E1554.82597
G1 Z40.441 X140.004 Y119.68 E1556.16895
G1 Z40.442 X138.764 Y119.641 E1556.21092
G1 Z40.443 X137.533 Y119.524 E1556.25277
G1 Z40.444 X136.312 Y119.331 E1556.29461
G1 Z40.446 X135.106 Y119.061 E1556.33646
G1 Z40.447 X133.919 Y118.716 E1556.37831
G1 Z40.448 X132.756 Y118.297 E1556.42015
G1 Z40.449 X131.621 Y117.806 E1556.462
G1 Z40.450 X130.519 Y117.245 E1556.50385
G1 Z40.451 X129.455 Y116.616 E1556.5457
G1 Z40.452 X128.433 Y115.921 E1556.58754
G1 Z40.453 X127.456 Y115.163 E1556.62939
G1 Z40.455 X126.529 Y114.346 E1556.67124
G1 Z40.456 X125.654 Y113.471 E1556.71308
G1 Z40.457 X124.837 Y112.544 E1556.75493
G1 Z40.458 X124.079 Y111.567 E1556.79678
G1 Z40.459 X123.384 Y110.545 E1556.83862
G1 Z40.460 X122.755 Y109.481 E1556.88047
G1 Z40.461 X122.194 Y108.379 E1556.92232
G1 Z40.462 X121.703 Y107.244 E1556.96417
G1 Z40.464 X121.284 Y106.081 E1557.00601
G1 Z40.465 X120.939 Y104.894 E1557.04786
G1 Z40.466 X120.669 Y103.688 E1557.08971
G1 Z40.467 X120.476 Y102.467 E1557.13155
G1 Z40.468 X120.359 Y101.236 E1557.1734
G1 Z40.469 X120.321 Y100 E1557.21525
G1 Z40.470 X120.359 Y98.764 E1557.25709
G1 Z40.471 X120.476 Y97.533 E1557.29894
G1 Z40.473 X120.669 Y96.312 E1557.34079
G1 Z40.474 X120.939 Y95.106 E1557.38264
G1 Z40.474 X121.099 Y94.556 E1557.40202
G1 Z40.475 X121.284 Y93.919 E1557.42448
G1 Z40.476 X121.703 Y92.756 E1557.46633
G1 Z40.477 X122.194 Y91.621 E1557.50818
G1 Z40.478 X122.755 Y90.519 E1557.55002
G1 Z40.479 X123.384 Y89.455 E1557.59187
G1 Z40.480 X123.817 Y88.818 E1557.61794
;LAYER_CHANGE
;Z:40.68
;HEIGHT:0.200001
G1 Z40.480 F600
G1 F6045
G1 Z40.480 X124.044 Y88.407 E1557.63376
G1 Z40.482 X124.804 Y87.428 E1557.6757
G1 Z40.483 X125.623 Y86.499 E1557.71764
G1 Z40.484 X126.499 Y85.623 E1557.75958
G1 Z40.485 X127.428 Y84.804 E1557.80152
G1 Z40.486 X128.407 Y84.044 E1557.84346
G1 Z40.487 X129.432 Y83.348 E1557.88539
G1 Z40.488 X130.499 Y82.717 E1557.92733
G1 Z40.489 X131.603 Y82.155 E1557.96927
G1 Z40.491 X132.74 Y81.663 E1558.01121
G1 Z40.492 X133.905 Y81.243 E1558.05315
G1 Z40.493 X135.095 Y80.897 E1558.09509
G1 Z40.494 X136.304 Y80.627 E1558.13703
G1 Z40.495 X137.528 Y80.433 E1558.17896
G1 Z40.496 X138.762 Y80.316 E1558.2209
G1 Z40.497 X140.004 Y80.277 E1558.26296
G1 Z40.515 X159.475 Y80.277 E1558.92205
G1 Z40.524 X159.475 Y90.225 E1559.25876
G1 Z40.525 X160.525 Y90.225 E1559.2943
G1 Z40.534 X160.525 Y80.277 E1559.63101
G1 Z40.551 X179.723 Y80.277 E1560.28083
G1 Z40.569 X179.723 Y99.475 E1560.93064
G1 Z40.578 X169.775 Y99.475 E1561.26736
G1 Z40.579 X169.775 Y100.525 E1561.3029
G1 Z40.588 X179.723 Y100.525 E1561.63961
G1 Z40.605 X179.723 Y119.723 E1562.28943
G1 Z40.641 X140.004 Y119.723 E1563.63387
G1 Z40.642 X138.762 Y119.684 E1563.67593
G1 Z40.643 X137.528 Y119.567 E1563.71787
G1 Z40.644 X136.304 Y119.373 E1563.7598
G1 Z40.646 X135.095 Y119.103 E1563.80174
G1 Z40.647 X133.905 Y118.757 E1563.84368
G1 Z40.648 X132.74 Y118.337 E1563.88562
G1 Z40.649 X131.603 Y117.845 E1563.92756
G1 Z40.650 X130.499 Y117.283 E1563.9695
G1 Z40.651 X129.432 Y116.652 E1564.01143
G1 Z40.652 X128.407 Y115.956 E1564.05337
G1 Z40.653 X127.428 Y115.196 E1564.09531
G1 Z40.655 X126.499 Y114.377 E1564.13725
G1 Z40.656 X125.623 Y113.501 E1564.17919
G1 Z40.657 X124.804 Y112.572 E1564.22113
G1 Z40.658 X124.044 Y111.593 E1564.26307
G1 Z40.659 X123.348 Y110.568 E1564.305
G1 Z40.660 X122.717 Y109.501 E1564.34694
G1 Z40.661 X122.155 Y108.397 E1564.38888
G1 Z40.662 X121.663 Y107.26 E1564.43082
G1 Z40.663 X121.365 Y106.435 E1564.46053
G1 Z40.664 X121.243 Y106.095 E1564.47276
G1 Z40.665 X120.897 Y104.905 E1564.5147
G1 Z40.666 X120.627 Y103.696 E1564.55663
G1 Z40.667 X120.49 Y102.829 E1564.58634
G1 Z40.667 X120.433 Y102.472 E1564.59857
G1 Z40.668 X120.316 Y101.238 E1564.64051
G1 Z40.669 X120.278 Y100 E1564.68245
G1 Z40.670 X120.316 Y98.762 E1564.72439
G1 Z40.671 X120.433 Y97.528 E1564.76633
G1 Z40.673 X120.627 Y96.304 E1564.80827
G1 Z40.674 X120.897 Y95.095 E1564.8502
G1 Z40.674 X121.142 Y94.252 E1564.87991
G1 Z40.675 X121.243 Y93.905 E1564.89214
G1 Z40.676 X121.663 Y92.74 E1564.93408
G1 Z40.677 X122.155 Y91.603 E1564.97602
G1 Z40.678 X122.717 Y90.499 E1565.01796
G1 Z40.679 X123.348 Y89.432 E1565.0599
G1 Z40.680 X123.782 Y88.794 E1565.08602
;LAYER_CHANGE
;Z:40.88
;HEIGHT:0.200001
G1 Z40.680 F600
G1 F6051
G1 Z40.680 X124.009 Y88.382 E1565.10188
G1 Z40.682 X124.77 Y87.401 E1565.14391
G1 Z40.683 X125.592 Y86.47 E1565.18594
G1 Z40.684 X126.47 Y85.592 E1565.22797
G1 Z40.685 X127.401 Y84.77 E1565.27
G1 Z40.686 X128.382 Y84.009 E1565.31203
G1 Z40.687 X129.409 Y83.311 E1565.35406
G1 Z40.688 X130.478 Y82.679 E1565.39609
G1 Z40.689 X131.584 Y82.116 E1565.43812
G1 Z40.691 X132.724 Y81.623 E1565.48015
G1 Z40.692 X133.892 Y81.202 E1565.52218
G1 Z40.693 X135.085 Y80.855 E1565.56421
G1 Z40.694 X136.296 Y80.585 E1565.60624
G1 Z40.695 X137.523 Y80.39 E1565.64827
G1 Z40.696 X138.759 Y80.274 E1565.6903
G1 Z40.697 X140.004 Y80.234 E1565.73245
G1 Z40.715 X159.475 Y80.234 E1566.39154
G1 Z40.724 X159.475 Y90.225 E1566.72971
G1 Z40.725 X160.525 Y90.225 E1566.76525
G1 Z40.734 X160.525 Y80.234 E1567.10342
G1 Z40.751 X179.766 Y80.234 E1567.75469
G1 Z40.769 X179.766 Y99.475 E1568.40596
G1 Z40.778 X169.775 Y99.475 E1568.74413
G1 Z40.779 X169.775 Y100.525 E1568.77967
G1 Z40.788 X179.766 Y100.525 E1569.11784
G1 Z40.805 X179.766 Y119.766 E1569.76911
G1 Z40.841 X140.004 Y119.766 E1571.11501
G1 Z40.842 X138.759 Y119.726 E1571.15716
G1 Z40.843 X137.523 Y119.61 E1571.19919
G1 Z40.844 X136.296 Y119.415 E1571.24122
G1 Z40.846 X135.085 Y119.145 E1571.28325
G1 Z40.847 X133.955 Y118.816 E1571.32305
G1 Z40.848 X132.724 Y118.377 E1571.36732
G1 Z40.849 X131.584 Y117.884 E1571.40933
G1 Z40.850 X130.478 Y117.321 E1571.45137
G1 Z40.851 X129.409 Y116.689 E1571.4934
G1 Z40.852 X128.382 Y115.991 E1571.53543
G1 Z40.853 X127.401 Y115.23 E1571.57746
G1 Z40.855 X126.47 Y114.408 E1571.61949
G1 Z40.856 X125.592 Y113.53 E1571.66152
G1 Z40.857 X124.77 Y112.599 E1571.70354
G1 Z40.858 X124.009 Y111.618 E1571.74558
G1 Z40.859 X123.311 Y110.591 E1571.78761
G1 Z40.860 X122.679 Y109.522 E1571.82963
G1 Z40.861 X122.116 Y108.416 E1571.87167
G1 Z40.862 X121.623 Y107.276 E1571.91369
G1 Z40.864 X121.202 Y106.108 E1571.95573
G1 Z40.865 X120.855 Y104.915 E1571.99775
G1 Z40.866 X120.585 Y103.704 E1572.03979
G1 Z40.867 X120.39 Y102.477 E1572.08181
G1 Z40.868 X120.274 Y101.241 E1572.12385
G1 Z40.869 X120.235 Y100 E1572.16587
G1 Z40.870 X120.271 Y98.825 E1572.20568
G1 Z40.871 X120.39 Y97.522 E1572.24994
G1 Z40.873 X120.585 Y96.296 E1572.29196
G1 Z40.874 X120.855 Y95.085 E1572.33399
G1 Z40.875 X121.202 Y93.892 E1572.37602
G1 Z40.876 X121.623 Y92.724 E1572.41805
G1 Z40.877 X122.116 Y91.584 E1572.46008
G1 Z40.878 X122.679 Y90.478 E1572.50211
G1 Z40.879 X123.311 Y89.409 E1572.54414
G1 Z40.880 X123.746 Y88.77 E1572.57031
;LAYER_CHANGE
;Z:41.08
;HEIGHT:0.200001
G1 Z40.880 F600
G1 F6052
G1 Z40.880 X124.002 Y88.377 E1572.58618
G1 Z40.882 X124.763 Y87.395 E1572.62823
G1 Z40.883 X125.585 Y86.463 E1572.67028
G1 Z40.884 X126.481 Y85.569 E1572.71312
G1 Z40.885 X127.395 Y84.763 E1572.75438
G1 Z40.886 X128.377 Y84.002 E1572.79643
G1 Z40.887 X129.404 Y83.304 E1572.83848
G1 Z40.888 X130.473 Y82.671 E1572.88053
G1 Z40.889 X131.58 Y82.107 E1572.92258
G1 Z40.891 X132.72 Y81.614 E1572.96463
G1 Z40.892 X133.889 Y81.193 E1573.00668
G1 Z40.893 X135.082 Y80.846 E1573.04872
G1 Z40.894 X136.318 Y80.572 E1573.09157
G1 Z40.895 X137.522 Y80.381 E1573.13283
G1 Z40.896 X138.758 Y80.264 E1573.17488
G1 Z40.897 X140.004 Y80.225 E1573.21705
G1 Z40.915 X159.475 Y80.225 E1573.87613
G1 Z40.924 X159.475 Y90.225 E1574.21462
G1 Z40.925 X160.525 Y90.225 E1574.25016
G1 Z40.934 X160.525 Y80.225 E1574.58865
G1 Z40.951 X179.775 Y80.225 E1575.24024
G1 Z40.969 X179.775 Y99.475 E1575.89183
G1 Z40.978 X169.775 Y99.475 E1576.23032
G1 Z40.979 X169.775 Y100.525 E1576.26586
G1 Z40.988 X179.775 Y100.525 E1576.60435
G1 Z41.005 X179.775 Y119.775 E1577.25594
G1 Z41.041 X140.004 Y119.775 E1578.60215
G1 Z41.042 X138.735 Y119.734 E1578.64512
G1 Z41.043 X137.522 Y119.619 E1578.68637
G1 Z41.044 X136.295 Y119.425 E1578.72842
G1 Z41.046 X135.082 Y119.154 E1578.77047
G1 Z41.047 X133.889 Y118.807 E1578.81252
G1 Z41.048 X132.72 Y118.386 E1578.85457
G1 Z41.049 X131.58 Y117.893 E1578.89662
G1 Z41.050 X130.473 Y117.329 E1578.93867
G1 Z41.051 X129.404 Y116.696 E1578.98072
G1 Z41.052 X128.377 Y115.998 E1579.02277
G1 Z41.053 X127.395 Y115.237 E1579.06482
G1 Z41.055 X126.463 Y114.415 E1579.10687
G1 Z41.056 X125.585 Y113.537 E1579.14892
G1 Z41.057 X124.763 Y112.605 E1579.19097
G1 Z41.058 X124.002 Y111.623 E1579.23302
G1 Z41.059 X123.304 Y110.596 E1579.27507
G1 Z41.060 X122.671 Y109.527 E1579.31712
G1 Z41.061 X122.107 Y108.42 E1579.35917
G1 Z41.062 X121.614 Y107.28 E1579.40122
G1 Z41.064 X121.193 Y106.111 E1579.44327
G1 Z41.065 X120.846 Y104.918 E1579.48532
G1 Z41.066 X120.575 Y103.705 E1579.52737
G1 Z41.067 X120.381 Y102.479 E1579.56942
G1 Z41.068 X120.263 Y101.218 E1579.61226
G1 Z41.069 X120.225 Y100 E1579.65352
G1 Z41.070 X120.264 Y98.758 E1579.69557
G1 Z41.071 X120.381 Y97.522 E1579.73762
G1 Z41.073 X120.575 Y96.295 E1579.77967
G1 Z41.074 X120.846 Y95.082 E1579.82172
G1 Z41.075 X121.193 Y93.889 E1579.86377
G1 Z41.076 X121.614 Y92.72 E1579.90582
G1 Z41.077 X122.107 Y91.58 E1579.94787
G1 Z41.078 X122.671 Y90.473 E1579.98992
G1 Z41.079 X123.304 Y89.404 E1580.03197
G1 Z41.080 X123.738 Y88.765 E1580.05814
;LAYER_CHANGE
;Z:41.28
;HEIGHT:0.199997
G1 Z41.080 F600
G1 X123.738 Y88.765 F6000
G1 F6052
G1 Z41.080 X124.002 Y88.377 E1580.07402
G1 Z41.082 X124.763 Y87.395 E1580.11607
G1 Z41.083 X125.585 Y86.463 E1580.15812
G1 Z41.084 X126.463 Y85.585 E1580.20017
G1 Z41.085 X127.395 Y84.763 E1580.24222
G1 Z41.086 X128.377 Y84.002 E1580.28427
G1 Z41.087 X129.404 Y83.304 E1580.32632
G1 Z41.088 X130.473 Y82.671 E1580.36837
G1 Z41.089 X131.58 Y82.107 E1580.41042
G1 Z41.091 X132.72 Y81.614 E1580.45247
G1 Z41.092 X133.889 Y81.193 E1580.49452
G1 Z41.093 X135.082 Y80.846 E1580.53656
G1 Z41.094 X136.347 Y80.567 E1580.58043
G1 Z41.095 X137.522 Y80.381 E1580.62067
G1 Z41.096 X138.758 Y80.264 E1580.66272
G1 Z41.097 X140.004 Y80.225 E1580.70489
G1 Z41.115 X159.475 Y80.225 E1581.36397
G1 Z41.124 X159.475 Y90.225 E1581.70246
G1 Z41.125 X160.525 Y90.225 E1581.738
G1 Z41.134 X160.525 Y80.225 E1582.07649
G1 Z41.151 X179.775 Y80.225 E1582.72808
G1 Z41.169 X179.775 Y99.475 E1583.37967
G1 Z41.178 X169.775 Y99.475 E1583.71816
G1 Z41.179 X169.775 Y100.525 E1583.7537
G1 Z41.188 X179.775 Y100.525 E1584.09219
G1 Z41.205 X179.775 Y119.775 E1584.74378
G1 Z41.241 X140.004 Y119.775 E1586.08999
G1 Z41.242 X138.758 Y119.736 E1586.13216
G1 Z41.243 X137.522 Y119.619 E1586.17421
G1 Z41.244 X136.295 Y119.425 E1586.21626
G1 Z41.246 X135.082 Y119.154 E1586.25831
G1 Z41.247 X133.889 Y118.807 E1586.30036
G1 Z41.248 X132.72 Y118.386 E1586.34241
G1 Z41.249 X131.58 Y117.893 E1586.38446
G1 Z41.250 X130.473 Y117.329 E1586.42651
G1 Z41.251 X129.404 Y116.696 E1586.46856
G1 Z41.252 X128.377 Y115.998 E1586.51061
G1 Z41.253 X127.395 Y115.237 E1586.55266
G1 Z41.255 X126.463 Y114.415 E1586.59471
G1 Z41.256 X125.585 Y113.537 E1586.63676
G1 Z41.257 X124.763 Y112.605 E1586.67881
G1 Z41.258 X124.002 Y111.623 E1586.72086
G1 Z41.259 X123.304 Y110.596 E1586.76291
G1 Z41.260 X122.671 Y109.527 E1586.80496
G1 Z41.261 X122.107 Y108.42 E1586.84701
G1 Z41.262 X121.614 Y107.28 E1586.88906
G1 Z41.264 X121.193 Y106.111 E1586.93111
G1 Z41.265 X120.846 Y104.918 E1586.97315
G1 Z41.266 X120.567 Y103.653 E1587.01702
G1 Z41.267 X120.381 Y102.478 E1587.05726
G1 Z41.268 X120.264 Y101.242 E1587.09931
G1 Z41.269 X120.225 Y100 E1587.14136
G1 Z41.270 X120.264 Y98.758 E1587.18341
G1 Z41.271 X120.381 Y97.522 E1587.22546
G1 Z41.273 X120.575 Y96.295 E1587.26751
G1 Z41.274 X120.846 Y95.082 E1587.30956
G1 Z41.275 X121.193 Y93.889 E1587.35161
G1 Z41.276 X121.614 Y92.721 E1587.39365
G1 Z41.277 X122.131 Y91.533 E1587.43752
G1 Z41.278 X122.671 Y90.473 E1587.47775
G1 Z41.279 X123.304 Y89.404 E1587.51981
G1 Z41.280 X123.738 Y88.765 E1587.54598
;LAYER_CHANGE
;Z:41.48
;HEIGHT:0.200001
G1 Z41.280 F600
G1 F6052
G1 Z41.280 X124.002 Y88.377 E1587.56185
G1 Z41.282 X124.763 Y87.395 E1587.6039
G1 Z41.283 X125.584 Y86.463 E1587.64594
G1 Z41.284 X126.526 Y85.529 E1587.69083
G1 Z41.285 X127.395 Y84.763 E1587.73005
G1 Z41.286 X128.377 Y84.002 E1587.7721
G1 Z41.287 X129.404 Y83.304 E1587.81415
G1 Z41.288 X130.473 Y82.671 E1587.8562
G1 Z41.289 X131.58 Y82.107 E1587.89825
G1 Z41.291 X132.72 Y81.614 E1587.9403
G1 Z41.292 X133.889 Y81.193 E1587.98235
G1 Z41.293 X135.082 Y80.846 E1588.0244
G1 Z41.294 X136.295 Y80.575 E1588.06645
G1 Z41.295 X137.522 Y80.381 E1588.1085
G1 Z41.296 X138.758 Y80.264 E1588.15055
G1 Z41.297 X140.004 Y80.225 E1588.19272
G1 Z41.315 X159.475 Y80.225 E1588.8518
G1 Z41.324 X159.475 Y90.225 E1589.19029
G1 Z41.325 X160.525 Y90.225 E1589.22583
G1 Z41.334 X160.525 Y80.225 E1589.56432
G1 Z41.351 X179.775 Y80.225 E1590.21591
G1 Z41.369 X179.775 Y99.475 E1590.8675
G1 Z41.378 X169.775 Y99.475 E1591.20599
G1 Z41.379 X169.775 Y100.525 E1591.24153
G1 Z41.388 X179.775 Y100.525 E1591.58002
G1 Z41.405 X179.775 Y119.775 E1592.23161
G1 Z41.441 X140.004 Y119.775 E1593.57782
G1 Z41.442 X138.758 Y119.736 E1593.62
G1 Z41.443 X137.522 Y119.619 E1593.66204
G1 Z41.444 X136.295 Y119.425 E1593.7041
G1 Z41.446 X135.082 Y119.154 E1593.74615
G1 Z41.447 X133.889 Y118.807 E1593.78819
G1 Z41.448 X132.72 Y118.386 E1593.83025
G1 Z41.449 X131.58 Y117.893 E1593.8723
G1 Z41.450 X130.473 Y117.329 E1593.91435
G1 Z41.451 X129.404 Y116.697 E1593.95639
G1 Z41.452 X128.377 Y115.998 E1593.99845
G1 Z41.453 X127.395 Y115.237 E1594.04049
G1 Z41.455 X126.463 Y114.415 E1594.08255
G1 Z41.456 X125.585 Y113.537 E1594.1246
G1 Z41.457 X124.763 Y112.605 E1594.16664
G1 Z41.458 X124.002 Y111.623 E1594.20869
G1 Z41.459 X123.304 Y110.596 E1594.25074
G1 Z41.460 X122.671 Y109.527 E1594.2928
G1 Z41.461 X122.107 Y108.42 E1594.33485
G1 Z41.462 X121.614 Y107.28 E1594.37689
G1 Z41.464 X121.193 Y106.111 E1594.41895
G1 Z41.465 X120.846 Y104.918 E1594.46099
G1 Z41.466 X120.575 Y103.705 E1594.50305
G1 Z41.467 X120.381 Y102.478 E1594.54509
G1 Z41.468 X120.264 Y101.242 E1594.58714
G1 Z41.469 X120.225 Y100 E1594.62919
G1 Z41.470 X120.264 Y98.758 E1594.67125
G1 Z41.471 X120.381 Y97.522 E1594.71329
G1 Z41.473 X120.575 Y96.295 E1594.75534
G1 Z41.474 X120.846 Y95.082 E1594.79739
G1 Z41.475 X121.193 Y93.889 E1594.83944
G1 Z41.476 X121.614 Y92.72 E1594.88149
G1 Z41.477 X122.107 Y91.58 E1594.92354
G1 Z41.478 X122.671 Y90.473 E1594.96559
G1 Z41.479 X123.304 Y89.404 E1595.00764
G1 Z41.480 X123.738 Y88.765 E1595.03382
;LAYER_CHANGE
;Z:41.68
;HEIGHT:0.200001
G1 Z41.480 F600
G1 X123.738 Y88.765 F6000
G1 F6052
G1 Z41.480 X124.002 Y88.377 E1595.04969
G1 Z41.482 X124.763 Y87.395 E1595.09175
G1 Z41.483 X125.585 Y86.463 E1595.13379
G1 Z41.484 X126.463 Y85.585 E1595.17584
G1 Z41.485 X127.395 Y84.763 E1595.21789
G1 Z41.486 X128.376 Y84.002 E1595.25993
G1 Z41.487 X129.502 Y83.246 E1595.30584
G1 Z41.488 X130.473 Y82.671 E1595.34404
G1 Z41.489 X131.58 Y82.107 E1595.38609
G1 Z41.491 X132.72 Y81.614 E1595.42814
G1 Z41.492 X133.889 Y81.193 E1595.47019
G1 Z41.493 X135.082 Y80.846 E1595.51224
G1 Z41.494 X136.295 Y80.575 E1595.55429
G1 Z41.495 X137.522 Y80.381 E1595.59634
G1 Z41.496 X138.758 Y80.264 E1595.63839
G1 Z41.497 X140.004 Y80.225 E1595.68056
G1 Z41.515 X159.475 Y80.225 E1596.33964
G1 Z41.524 X159.475 Y90.225 E1596.67813
G1 Z41.525 X160.525 Y90.225 E1596.71367
G1 Z41.534 X160.525 Y80.225 E1597.05216
G1 Z41.551 X179.775 Y80.225 E1597.70375
G1 Z41.569 X179.775 Y99.475 E1598.35534
G1 Z41.578 X169.775 Y99.475 E1598.69383
G1 Z41.579 X169.775 Y100.525 E1598.72937
G1 Z41.588 X179.775 Y100.525 E1599.06786
G1 Z41.605 X179.775 Y119.775 E1599.71945
G1 Z41.641 X140.004 Y119.775 E1601.06564
G1 Z41.642 X138.645 Y119.725 E1601.11168
G1 Z41.643 X137.522 Y119.619 E1601.14988
G1 Z41.644 X136.295 Y119.425 E1601.19193
G1 Z41.646 X135.082 Y119.154 E1601.23398
G1 Z41.647 X133.889 Y118.807 E1601.27603
G1 Z41.648 X132.72 Y118.386 E1601.31808
G1 Z41.649 X131.58 Y117.893 E1601.36013
G1 Z41.650 X130.473 Y117.329 E1601.40218
G1 Z41.651 X129.405 Y116.697 E1601.44421
G1 Z41.652 X128.287 Y115.929 E1601.49012
G1 Z41.653 X127.395 Y115.237 E1601.52832
G1 Z41.655 X126.463 Y114.415 E1601.57037
G1 Z41.656 X125.585 Y113.537 E1601.61242
G1 Z41.657 X124.763 Y112.605 E1601.65447
G1 Z41.658 X124.002 Y111.623 E1601.69652
G1 Z41.659 X123.304 Y110.596 E1601.73857
G1 Z41.660 X122.671 Y109.527 E1601.78062
G1 Z41.661 X122.107 Y108.42 E1601.82267
G1 Z41.662 X121.614 Y107.28 E1601.86472
G1 Z41.664 X121.193 Y106.111 E1601.90677
G1 Z41.665 X120.846 Y104.918 E1601.94882
G1 Z41.666 X120.575 Y103.705 E1601.99087
G1 Z41.667 X120.381 Y102.478 E1602.03292
G1 Z41.668 X120.264 Y101.242 E1602.07497
G1 Z41.669 X120.225 Y100 E1602.11702
G1 Z41.670 X120.264 Y98.758 E1602.15907
G1 Z41.671 X120.381 Y97.522 E1602.20112
G1 Z41.673 X120.575 Y96.295 E1602.24317
G1 Z41.674 X120.846 Y95.082 E1602.28522
G1 Z41.675 X121.193 Y93.889 E1602.32727
G1 Z41.676 X121.614 Y92.72 E1602.36932
G1 Z41.677 X122.107 Y91.58 E1602.41137
G1 Z41.678 X122.671 Y90.473 E1602.45342
G1 Z41.679 X123.304 Y89.404 E1602.49547
G1 Z41.680 X123.738 Y88.765 E1602.52164
;LAYER_CHANGE
;Z:41.88
;HEIGHT:0.200001
G1 Z41.680 F600
G1 F6052
G1 Z41.680 X124.002 Y88.377 E1602.53752
G1 Z41.682 X124.763 Y87.395 E1602.57957
G1 Z41.683 X125.585 Y86.463 E1602.62162
G1 Z41.684 X126.463 Y85.585 E1602.66367
G1 Z41.685 X127.395 Y84.763 E1602.70572
G1 Z41.686 X128.377 Y84.002 E1602.74777
G1 Z41.687 X129.404 Y83.304 E1602.78982
G1 Z41.688 X130.473 Y82.671 E1602.83187
G1 Z41.689 X131.58 Y82.107 E1602.87392
G1 Z41.691 X132.72 Y81.614 E1602.91597
G1 Z41.692 X133.889 Y81.193 E1602.95802
G1 Z41.693 X135.082 Y80.846 E1603.00007
G1 Z41.694 X136.295 Y80.575 E1603.04212
G1 Z41.695 X137.522 Y80.381 E1603.08417
G1 Z41.696 X138.758 Y80.264 E1603.12622
G1 Z41.697 X140.004 Y80.225 E1603.16839
G1 Z41.715 X159.475 Y80.225 E1603.82747
G1 Z41.724 X159.475 Y90.225 E1604.16596
G1 Z41.725 X160.525 Y90.225 E1604.2015
G1 Z41.734 X160.525 Y80.225 E1604.53999
G1 Z41.751 X179.775 Y80.225 E1605.19158
G1 Z41.769 X179.775 Y99.475 E1605.84317
G1 Z41.778 X169.775 Y99.475 E1606.18166
G1 Z41.779 X169.775 Y100.525 E1606.2172
G1 Z41.788 X179.775 Y100.525 E1606.55569
G1 Z41.805 X179.775 Y119.775 E1607.20728
G1 Z41.841 X140.004 Y119.775 E1608.55347
G1 Z41.842 X138.615 Y119.722 E1608.60052
G1 Z41.843 X137.522 Y119.619 E1608.63771
G1 Z41.844 X136.295 Y119.425 E1608.67976
G1 Z41.846 X135.082 Y119.154 E1608.72181
G1 Z41.847 X133.889 Y118.807 E1608.76386
G1 Z41.848 X132.72 Y118.386 E1608.80591
G1 Z41.849 X131.58 Y117.893 E1608.84796
G1 Z41.850 X130.473 Y117.329 E1608.89001
G1 Z41.851 X129.405 Y116.697 E1608.93203
G1 Z41.852 X128.263 Y115.91 E1608.97897
G1 Z41.853 X127.395 Y115.237 E1609.01615
G1 Z41.855 X126.463 Y114.415 E1609.0582
G1 Z41.856 X125.585 Y113.537 E1609.10025
G1 Z41.857 X124.763 Y112.605 E1609.1423
G1 Z41.858 X124.002 Y111.623 E1609.18435
G1 Z41.859 X123.304 Y110.596 E1609.2264
G1 Z41.860 X122.671 Y109.527 E1609.26845
G1 Z41.861 X122.107 Y108.42 E1609.3105
G1 Z41.862 X121.614 Y107.28 E1609.35255
G1 Z41.864 X121.193 Y106.111 E1609.3946
G1 Z41.865 X120.846 Y104.918 E1609.43665
G1 Z41.866 X120.575 Y103.705 E1609.4787
G1 Z41.867 X120.381 Y102.478 E1609.52075
G1 Z41.868 X120.264 Y101.242 E1609.5628
G1 Z41.869 X120.225 Y100 E1609.60485
G1 Z41.870 X120.264 Y98.758 E1609.6469
G1 Z41.871 X120.381 Y97.522 E1609.68895
G1 Z41.873 X120.575 Y96.295 E1609.731
G1 Z41.874 X120.846 Y95.082 E1609.77305
G1 Z41.875 X121.193 Y93.889 E1609.8151
G1 Z41.876 X121.614 Y92.72 E1609.85715
G1 Z41.877 X122.107 Y91.58 E1609.8992
G1 Z41.878 X122.671 Y90.473 E1609.94125
G1 Z41.879 X123.304 Y89.404 E1609.9833
G1 Z41.880 X123.738 Y88.765 E1610.00947
;LAYER_CHANGE
;Z:42.08
;HEIGHT:0.200001
G1 Z41.880 F600
G1 X123.738 Y88.765 F6000
G1 F6052
G1 Z41.880 X124.002 Y88.377 E1610.02535
G1 Z41.882 X124.763 Y87.395 E1610.0674
G1 Z41.883 X125.585 Y86.463 E1610.10945
G1 Z41.884 X126.463 Y85.585 E1610.1515
G1 Z41.885 X127.395 Y84.763 E1610.19355
G1 Z41.886 X128.377 Y84.002 E1610.2356
G1 Z41.887 X129.404 Y83.304 E1610.27765
G1 Z41.888 X130.473 Y82.671 E1610.3197
G1 Z41.889 X131.58 Y82.107 E1610.36175
G1 Z41.891 X132.72 Y81.614 E1610.4038
G1 Z41.892 X133.889 Y81.193 E1610.44585
G1 Z41.893 X135.082 Y80.846 E1610.4879
G1 Z41.894 X136.295 Y80.575 E1610.52995
G1 Z41.895 X137.522 Y80.381 E1610.572
G1 Z41.896 X138.758 Y80.264 E1610.61405
G1 Z41.897 X140.004 Y80.225 E1610.65622
G1 Z41.915 X159.475 Y80.225 E1611.3153
G1 Z41.924 X159.475 Y90.225 E1611.65379
G1 Z41.925 X160.525 Y90.225 E1611.68933
G1 Z41.934 X160.525 Y80.225 E1612.02782
G1 Z41.951 X179.775 Y80.225 E1612.67941
G1 Z41.969 X179.775 Y99.475 E1613.331
G1 Z41.978 X169.775 Y99.475 E1613.66949
G1 Z41.979 X169.775 Y100.525 E1613.70503
G1 Z41.988 X179.775 Y100.525 E1614.04352
G1 Z42.005 X179.775 Y119.775 E1614.69511
G1 Z42.041 X140.004 Y119.775 E1616.04129
G1 Z42.042 X138.585 Y119.72 E1616.08937
G1 Z42.043 X137.522 Y119.619 E1616.12553
G1 Z42.044 X136.295 Y119.425 E1616.16758
G1 Z42.046 X135.082 Y119.154 E1616.20963
G1 Z42.047 X133.889 Y118.807 E1616.25168
G1 Z42.048 X132.72 Y118.386 E1616.29373
G1 Z42.049 X131.58 Y117.893 E1616.33578
G1 Z42.050 X130.473 Y117.329 E1616.37783
G1 Z42.051 X129.404 Y116.696 E1616.41988
G1 Z42.052 X128.377 Y115.998 E1616.46193
G1 Z42.053 X127.395 Y115.237 E1616.50398
G1 Z42.055 X126.463 Y114.415 E1616.54603
G1 Z42.056 X125.585 Y113.537 E1616.58808
G1 Z42.057 X124.763 Y112.605 E1616.63013
G1 Z42.058 X124.002 Y111.623 E1616.67218
G1 Z42.059 X123.304 Y110.596 E1616.71423
G1 Z42.060 X122.671 Y109.527 E1616.75628
G1 Z42.061 X122.107 Y108.42 E1616.79833
G1 Z42.062 X121.614 Y107.28 E1616.84038
G1 Z42.064 X121.193 Y106.111 E1616.88243
G1 Z42.065 X120.846 Y104.918 E1616.92448
G1 Z42.066 X120.575 Y103.705 E1616.96653
G1 Z42.067 X120.381 Y102.478 E1617.00858
G1 Z42.068 X120.264 Y101.242 E1617.05063
G1 Z42.069 X120.225 Y100 E1617.09268
G1 Z42.070 X120.264 Y98.758 E1617.13473
G1 Z42.071 X120.381 Y97.522 E1617.17678
G1 Z42.073 X120.575 Y96.295 E1617.21883
G1 Z42.074 X120.846 Y95.082 E1617.26088
G1 Z42.075 X121.193 Y93.889 E1617.30293
G1 Z42.076 X121.613 Y92.721 E1617.34495
G1 Z42.077 X122.186 Y91.425 E1617.39291
G1 Z42.078 X122.671 Y90.473 E1617.42907
G1 Z42.079 X123.304 Y89.404 E1617.47112
G1 Z42.080 X123.738 Y88.765 E1617.4973
;LAYER_CHANGE
;Z:42.28
;HEIGHT:0.199997
G1 Z42.080 F600
G1 F6052
G1 Z42.080 X124.002 Y88.377 E1617.51317
G1 Z42.082 X124.763 Y87.395 E1617.55522
G1 Z42.083 X125.585 Y86.463 E1617.59727
G1 Z42.084 X126.463 Y85.585 E1617.63932
G1 Z42.085 X127.395 Y84.763 E1617.68137
G1 Z42.086 X128.377 Y84.002 E1617.72342
G1 Z42.087 X129.404 Y83.304 E1617.76547
G1 Z42.088 X130.473 Y82.671 E1617.80752
G1 Z42.089 X131.58 Y82.107 E1617.84957
G1 Z42.091 X132.72 Y81.614 E1617.89162
G1 Z42.092 X133.889 Y81.193 E1617.93367
G1 Z42.093 X135.082 Y80.846 E1617.97572
G1 Z42.094 X136.295 Y80.575 E1618.01777
G1 Z42.095 X137.522 Y80.381 E1618.05982
G1 Z42.096 X138.758 Y80.264 E1618.10187
G1 Z42.097 X140.004 Y80.225 E1618.14404
G1 Z42.115 X159.475 Y80.225 E1618.80313
G1 Z42.124 X159.475 Y90.225 E1619.14162
G1 Z42.125 X160.525 Y90.225 E1619.17716
G1 Z42.134 X160.525 Y80.225 E1619.51564
G1 Z42.151 X179.775 Y80.225 E1620.16723
G1 Z42.169 X179.775 Y99.475 E1620.81882
G1 Z42.178 X169.775 Y99.475 E1621.15731
G1 Z42.179 X169.775 Y100.525 E1621.19285
G1 Z42.188 X179.775 Y100.525 E1621.53134
G1 Z42.205 X179.775 Y119.775 E1622.18293
G1 Z42.241 X140.005 Y119.775 E1623.52911
G1 Z42.242 X138.555 Y119.717 E1623.57821
G1 Z42.243 X137.522 Y119.619 E1623.61336
G1 Z42.244 X136.295 Y119.425 E1623.65541
G1 Z42.246 X135.082 Y119.154 E1623.69746
G1 Z42.247 X133.889 Y118.807 E1623.73951
G1 Z42.248 X132.72 Y118.386 E1623.78156
G1 Z42.249 X131.58 Y117.893 E1623.82361
G1 Z42.250 X130.473 Y117.329 E1623.86566
G1 Z42.251 X129.405 Y116.697 E1623.90767
G1 Z42.253 X128.215 Y115.873 E1623.95665
G1 Z42.253 X127.395 Y115.237 E1623.99179
G1 Z42.255 X126.463 Y114.415 E1624.03384
G1 Z42.256 X125.585 Y113.537 E1624.07589
G1 Z42.257 X124.763 Y112.605 E1624.11794
G1 Z42.258 X124.002 Y111.623 E1624.15999
G1 Z42.259 X123.304 Y110.596 E1624.20204
G1 Z42.260 X122.671 Y109.527 E1624.24409
G1 Z42.261 X122.107 Y108.42 E1624.28614
G1 Z42.262 X121.614 Y107.28 E1624.32819
G1 Z42.264 X121.193 Y106.111 E1624.37024
G1 Z42.265 X120.846 Y104.918 E1624.41229
G1 Z42.266 X120.575 Y103.705 E1624.45434
G1 Z42.267 X120.381 Y102.478 E1624.49639
G1 Z42.268 X120.264 Y101.242 E1624.53844
G1 Z42.269 X120.225 Y100 E1624.58049
G1 Z42.270 X120.264 Y98.758 E1624.62254
G1 Z42.271 X120.381 Y97.522 E1624.66459
G1 Z42.273 X120.575 Y96.295 E1624.70664
G1 Z42.274 X120.846 Y95.082 E1624.74869
G1 Z42.275 X121.193 Y93.889 E1624.79074
G1 Z42.276 X121.614 Y92.72 E1624.83279
G1 Z42.277 X122.107 Y91.58 E1624.87484
G1 Z42.278 X122.671 Y90.473 E1624.91689
G1 Z42.279 X123.304 Y89.404 E1624.95894
G1 Z42.280 X123.738 Y88.765 E1624.98512
;LAYER_CHANGE
;Z:42.48
;HEIGHT:0.200001
G1 Z42.280 F600
G1 F6052
G1 Z42.280 X124.002 Y88.377 E1625.00099
G1 Z42.282 X124.763 Y87.395 E1625.04304
G1 Z42.283 X125.585 Y86.463 E1625.08509
G1 Z42.284 X126.463 Y85.585 E1625.12714
G1 Z42.285 X127.395 Y84.763 E1625.16919
G1 Z42.286 X128.377 Y84.002 E1625.21124
G1 Z42.287 X129.404 Y83.304 E1625.25329
G1 Z42.288 X130.473 Y82.671 E1625.29534
G1 Z42.289 X131.58 Y82.107 E1625.33739
G1 Z42.291 X132.72 Y81.614 E1625.37944
G1 Z42.292 X133.889 Y81.193 E1625.42149
G1 Z42.293 X135.082 Y80.846 E1625.46354
G1 Z42.294 X136.295 Y80.575 E1625.50559
G1 Z42.295 X137.522 Y80.381 E1625.54764
G1 Z42.296 X138.758 Y80.264 E1625.58969
G1 Z42.297 X140.004 Y80.225 E1625.63186
G1 Z42.315 X159.475 Y80.225 E1626.29095
G1 Z42.324 X159.475 Y90.225 E1626.62944
G1 Z42.325 X160.525 Y90.225 E1626.66498
G1 Z42.334 X160.525 Y80.225 E1627.00347
G1 Z42.351 X179.775 Y80.225 E1627.65506
G1 Z42.369 X179.775 Y99.475 E1628.30665
G1 Z42.378 X169.775 Y99.475 E1628.64513
G1 Z42.379 X169.775 Y100.525 E1628.68067
G1 Z42.388 X179.775 Y100.525 E1629.01916
G1 Z42.405 X179.775 Y119.775 E1629.67075
G1 Z42.441 X140.004 Y119.775 E1631.01697
G1 Z42.442 X138.758 Y119.736 E1631.05914
G1 Z42.443 X137.522 Y119.619 E1631.10119
G1 Z42.444 X136.295 Y119.425 E1631.14324
G1 Z42.446 X135.082 Y119.154 E1631.18529
G1 Z42.447 X133.889 Y118.807 E1631.22734
G1 Z42.448 X132.72 Y118.386 E1631.26939
G1 Z42.449 X131.58 Y117.893 E1631.31144
G1 Z42.450 X130.473 Y117.329 E1631.35349
G1 Z42.451 X129.405 Y116.697 E1631.3955
G1 Z42.453 X128.192 Y115.855 E1631.4455
G1 Z42.453 X127.395 Y115.237 E1631.47963
G1 Z42.455 X126.463 Y114.415 E1631.52168
G1 Z42.456 X125.585 Y113.537 E1631.56373
G1 Z42.457 X124.763 Y112.605 E1631.60577
G1 Z42.458 X124.002 Y111.623 E1631.64783
G1 Z42.459 X123.304 Y110.596 E1631.68988
G1 Z42.460 X122.671 Y109.527 E1631.73193
G1 Z42.461 X122.107 Y108.42 E1631.77398
G1 Z42.462 X121.614 Y107.28 E1631.81603
G1 Z42.464 X121.193 Y106.111 E1631.85808
G1 Z42.465 X120.846 Y104.918 E1631.90013
G1 Z42.466 X120.575 Y103.705 E1631.94218
G1 Z42.467 X120.381 Y102.478 E1631.98423
G1 Z42.468 X120.264 Y101.242 E1632.02628
G1 Z42.469 X120.225 Y100 E1632.06833
G1 Z42.470 X120.264 Y98.758 E1632.11038
G1 Z42.471 X120.381 Y97.522 E1632.15243
G1 Z42.473 X120.575 Y96.295 E1632.19448
G1 Z42.474 X120.846 Y95.082 E1632.23653
G1 Z42.475 X121.193 Y93.889 E1632.27858
G1 Z42.476 X121.614 Y92.72 E1632.32063
G1 Z42.477 X122.107 Y91.58 E1632.36268
G1 Z42.478 X122.671 Y90.473 E1632.40473
G1 Z42.479 X123.304 Y89.404 E1632.44678
G1 Z42.480 X123.738 Y88.765 E1632.47295
;LAYER_CHANGE
;Z:42.68
;HEIGHT:0.200001
G1 Z42.480 F600
G1 F6052
G1 Z42.480 X124.002 Y88.377 E1632.48883
G1 Z42.482 X124.763 Y87.395 E1632.53088
G1 Z42.483 X125.585 Y86.463 E1632.57293
G1 Z42.484 X126.463 Y85.585 E1632.61497
G1 Z42.485 X127.395 Y84.763 E1632.65703
G1 Z42.486 X128.377 Y84.002 E1632.69908
G1 Z42.487 X129.404 Y83.304 E1632.74113
G1 Z42.488 X130.473 Y82.671 E1632.78317
G1 Z42.489 X131.58 Y82.107 E1632.82523
G1 Z42.491 X132.72 Y81.614 E1632.86728
G1 Z42.492 X133.889 Y81.193 E1632.90933
G1 Z42.493 X135.082 Y80.846 E1632.95137
G1 Z42.494 X136.295 Y80.575 E1632.99343
G1 Z42.495 X137.522 Y80.381 E1633.03547
G1 Z42.496 X138.758 Y80.264 E1633.07753
G1 Z42.497 X140.004 Y80.225 E1633.1197
G1 Z42.515 X159.475 Y80.225 E1633.77878
G1 Z42.524 X159.475 Y90.225 E1634.11727
G1 Z42.525 X160.525 Y90.225 E1634.15281
G1 Z42.534 X160.525 Y80.225 E1634.4913
G1 Z42.551 X179.775 Y80.225 E1635.14289
G1 Z42.569 X179.775 Y99.475 E1635.79448
G1 Z42.578 X169.775 Y99.475 E1636.13297
G1 Z42.579 X169.775 Y100.525 E1636.16851
G1 Z42.588 X179.775 Y100.525 E1636.507
G1 Z42.605 X179.775 Y119.775 E1637.15858
G1 Z42.641 X140.004 Y119.775 E1638.5048
G1 Z42.642 X138.758 Y119.736 E1638.54697
G1 Z42.643 X137.522 Y119.619 E1638.58902
G1 Z42.644 X136.295 Y119.425 E1638.63107
G1 Z42.646 X135.082 Y119.154 E1638.67312
G1 Z42.647 X133.889 Y118.807 E1638.71517
G1 Z42.648 X132.72 Y118.386 E1638.75722
G1 Z42.649 X131.58 Y117.893 E1638.79927
G1 Z42.650 X130.473 Y117.329 E1638.84132
G1 Z42.651 X129.404 Y116.696 E1638.88337
G1 Z42.652 X128.377 Y115.998 E1638.92542
G1 Z42.653 X127.395 Y115.237 E1638.96747
G1 Z42.655 X126.463 Y114.415 E1639.00952
G1 Z42.656 X125.585 Y113.537 E1639.05157
G1 Z42.657 X124.763 Y112.605 E1639.09362
G1 Z42.658 X124.002 Y111.623 E1639.13567
G1 Z42.659 X123.304 Y110.596 E1639.17772
G1 Z42.660 X122.671 Y109.527 E1639.21977
G1 Z42.661 X122.107 Y108.42 E1639.26182
G1 Z42.662 X121.614 Y107.28 E1639.30387
G1 Z42.664 X121.193 Y106.111 E1639.34592
G1 Z42.665 X120.846 Y104.918 E1639.38797
G1 Z42.666 X120.575 Y103.705 E1639.43002
G1 Z42.667 X120.381 Y102.478 E1639.47207
G1 Z42.668 X120.264 Y101.242 E1639.51412
G1 Z42.669 X120.225 Y100 E1639.55617
G1 Z42.670 X120.264 Y98.758 E1639.59822
G1 Z42.671 X120.381 Y97.522 E1639.64027
G1 Z42.673 X120.575 Y96.295 E1639.68232
G1 Z42.674 X120.846 Y95.082 E1639.72437
G1 Z42.675 X121.193 Y93.889 E1639.76642
G1 Z42.676 X121.614 Y92.72 E1639.80847
G1 Z42.677 X122.107 Y91.58 E1639.85052
G1 Z42.678 X122.671 Y90.473 E1639.89257
G1 Z42.679 X123.304 Y89.404 E1639.93462
G1 Z42.680 X123.738 Y88.765 E1639.9608
;LAYER_CHANGE
;Z:42.88
;HEIGHT:0.200001
G1 Z42.680 F600
G1 F6052
G1 Z42.680 X124.002 Y88.377 E1639.97667
G1 Z42.682 X124.763 Y87.395 E1640.01872
G1 Z42.683 X125.585 Y86.463 E1640.06077
G1 Z42.684 X126.463 Y85.585 E1640.10282
G1 Z42.685 X127.395 Y84.763 E1640.14487
G1 Z42.686 X128.377 Y84.002 E1640.18692
G1 Z42.687 X129.404 Y83.304 E1640.22897
G1 Z42.688 X130.473 Y82.671 E1640.27102
G1 Z42.689 X131.58 Y82.107 E1640.31307
G1 Z42.691 X132.72 Y81.614 E1640.35512
G1 Z42.692 X133.889 Y81.193 E1640.39717
G1 Z42.693 X135.082 Y80.846 E1640.43922
G1 Z42.694 X136.295 Y80.575 E1640.48127
G1 Z42.695 X137.522 Y80.381 E1640.52332
G1 Z42.696 X138.758 Y80.264 E1640.56537
G1 Z42.697 X140.004 Y80.225 E1640.60754
G1 Z42.715 X159.475 Y80.225 E1641.26663
G1 Z42.724 X159.475 Y90.225 E1641.60511
G1 Z42.725 X160.525 Y90.225 E1641.64066
G1 Z42.734 X160.525 Y80.225 E1641.97914
G1 Z42.751 X179.775 Y80.225 E1642.63073
G1 Z42.769 X179.775 Y99.475 E1643.28232
G1 Z42.778 X169.775 Y99.475 E1643.62081
G1 Z42.779 X169.775 Y100.525 E1643.65635
G1 Z42.788 X179.775 Y100.525 E1643.99484
G1 Z42.805 X179.775 Y119.775 E1644.64643
G1 Z42.841 X140.004 Y119.775 E1645.99265
G1 Z42.842 X138.758 Y119.736 E1646.03482
G1 Z42.843 X137.522 Y119.619 E1646.07687
G1 Z42.844 X136.295 Y119.425 E1646.11892
G1 Z42.846 X135.082 Y119.154 E1646.16097
G1 Z42.847 X133.889 Y118.807 E1646.20302
G1 Z42.848 X132.72 Y118.386 E1646.24507
G1 Z42.849 X131.58 Y117.893 E1646.28712
G1 Z42.850 X130.473 Y117.329 E1646.32917
G1 Z42.851 X129.404 Y116.696 E1646.37122
G1 Z42.852 X128.377 Y115.998 E1646.41327
G1 Z42.853 X127.395 Y115.237 E1646.45532
G1 Z42.855 X126.463 Y114.415 E1646.49737
G1 Z42.856 X125.585 Y113.537 E1646.53942
G1 Z42.857 X124.763 Y112.605 E1646.58147
G1 Z42.858 X124.002 Y111.623 E1646.62352
G1 Z42.859 X123.304 Y110.596 E1646.66557
G1 Z42.860 X122.671 Y109.527 E1646.70762
G1 Z42.861 X122.107 Y108.42 E1646.74967
G1 Z42.862 X121.614 Y107.28 E1646.79172
G1 Z42.864 X121.193 Y106.111 E1646.83377
G1 Z42.865 X120.846 Y104.918 E1646.87582
G1 Z42.866 X120.575 Y103.705 E1646.91787
G1 Z42.867 X120.381 Y102.478 E1646.95992
G1 Z42.868 X120.264 Y101.242 E1647.00197
G1 Z42.869 X120.225 Y100 E1647.04402
G1 Z42.870 X120.264 Y98.758 E1647.08607
G1 Z42.871 X120.381 Y97.522 E1647.12812
G1 Z42.873 X120.575 Y96.295 E1647.17017
G1 Z42.874 X120.846 Y95.082 E1647.21222
G1 Z42.875 X121.193 Y93.889 E1647.25427
G1 Z42.876 X121.614 Y92.72 E1647.29632
G1 Z42.877 X122.107 Y91.58 E1647.33837
G1 Z42.878 X122.671 Y90.473 E1647.38042
G1 Z42.879 X123.304 Y89.404 E1647.42247
G1 Z42.880 X123.738 Y88.765 E1647.44864
;LAYER_CHANGE
;Z:43.08
;HEIGHT:0.200001
G1 Z42.880 F600
G1 F6052
G1 Z42.880 X124.002 Y88.377 E1647.46452
G1 Z42.882 X124.763 Y87.395 E1647.50657
G1 Z42.883 X125.585 Y86.463 E1647.54862
G1 Z42.884 X126.463 Y85.585 E1647.59067
G1 Z42.885 X127.395 Y84.763 E1647.63272
G1 Z42.886 X128.377 Y84.002 E1647.67477
G1 Z42.887 X129.404 Y83.304 E1647.71682
G1 Z42.888 X130.473 Y82.671 E1647.75887
G1 Z42.889 X131.58 Y82.107 E1647.80092
G1 Z42.891 X132.72 Y81.614 E1647.84297
G1 Z42.892 X133.889 Y81.193 E1647.88502
G1 Z42.893 X135.082 Y80.846 E1647.92707
G1 Z42.894 X136.295 Y80.575 E1647.96912
G1 Z42.895 X137.522 Y80.381 E1648.01117
G1 Z42.896 X138.758 Y80.264 E1648.05322
G1 Z42.897 X140.004 Y80.225 E1648.09539
G1 Z42.915 X159.475 Y80.225 E1648.75447
G1 Z42.924 X159.475 Y90.225 E1649.09296
G1 Z42.925 X160.525 Y90.225 E1649.1285
G1 Z42.934 X160.525 Y80.225 E1649.46699
G1 Z42.951 X179.775 Y80.225 E1650.11858
G1 Z42.969 X179.775 Y99.475 E1650.77017
G1 Z42.978 X169.775 Y99.475 E1651.10866
G1 Z42.979 X169.775 Y100.525 E1651.1442
G1 Z42.988 X179.775 Y100.525 E1651.48269
G1 Z43.005 X179.775 Y119.775 E1652.13428
G1 Z43.041 X140.004 Y119.775 E1653.48049
G1 Z43.042 X138.758 Y119.736 E1653.52266
G1 Z43.043 X137.522 Y119.619 E1653.56471
G1 Z43.044 X136.295 Y119.425 E1653.60676
G1 Z43.046 X135.082 Y119.154 E1653.64881
G1 Z43.047 X133.889 Y118.807 E1653.69086
G1 Z43.048 X132.72 Y118.386 E1653.73291
G1 Z43.049 X131.58 Y117.893 E1653.77496
G1 Z43.050 X130.473 Y117.329 E1653.81701
G1 Z43.051 X129.404 Y116.696 E1653.85906
G1 Z43.052 X128.377 Y115.998 E1653.90111
G1 Z43.053 X127.395 Y115.237 E1653.94316
G1 Z43.055 X126.463 Y114.415 E1653.98521
G1 Z43.056 X125.585 Y113.537 E1654.02726
G1 Z43.057 X124.763 Y112.605 E1654.06931
G1 Z43.058 X124.002 Y111.623 E1654.11136
G1 Z43.059 X123.304 Y110.596 E1654.15341
G1 Z43.060 X122.671 Y109.527 E1654.19546
G1 Z43.061 X122.107 Y108.42 E1654.23751
G1 Z43.062 X121.614 Y107.28 E1654.27956
G1 Z43.064 X121.193 Y106.111 E1654.32161
G1 Z43.065 X120.846 Y104.918 E1654.36366
G1 Z43.066 X120.575 Y103.705 E1654.40571
G1 Z43.067 X120.381 Y102.478 E1654.44776
G1 Z43.068 X120.264 Y101.242 E1654.48981
G1 Z43.069 X120.225 Y100 E1654.53186
G1 Z43.070 X120.264 Y98.758 E1654.57391
G1 Z43.071 X120.381 Y97.522 E1654.61596
G1 Z43.073 X120.575 Y96.295 E1654.65801
G1 Z43.074 X120.846 Y95.082 E1654.70006
G1 Z43.075 X121.193 Y93.889 E1654.74211
G1 Z43.076 X121.614 Y92.72 E1654.78416
G1 Z43.077 X122.107 Y91.58 E1654.82621
G1 Z43.078 X122.671 Y90.473 E1654.86826
G1 Z43.079 X123.304 Y89.404 E1654.91031
G1 Z43.080 X123.738 Y88.765 E1654.93649
;LAYER_CHANGE
;Z:43.28
;HEIGHT:0.199997
G1 Z43.080 F600
G1 F6052
G1 Z43.080 X124.002 Y88.377 E1654.95236
G1 Z43.082 X124.763 Y87.395 E1654.99441
G1 Z43.083 X125.585 Y86.463 E1655.03646
G1 Z43.084 X126.463 Y85.585 E1655.07851
G1 Z43.085 X127.395 Y84.763 E1655.12056
G1 Z43.086 X128.377 Y84.002 E1655.16261
G1 Z43.087 X129.404 Y83.304 E1655.20466
G1 Z43.088 X130.473 Y82.671 E1655.24671
G1 Z43.089 X131.58 Y82.107 E1655.28876
G1 Z43.091 X132.72 Y81.614 E1655.33081
G1 Z43.092 X133.889 Y81.193 E1655.37286
G1 Z43.093 X135.082 Y80.846 E1655.41491
G1 Z43.094 X136.295 Y80.575 E1655.45696
G1 Z43.095 X137.522 Y80.381 E1655.49901
G1 Z43.096 X138.758 Y80.264 E1655.54106
G1 Z43.097 X140.004 Y80.225 E1655.58323
G1 Z43.115 X159.475 Y80.225 E1656.24232
G1 Z43.124 X159.475 Y90.225 E1656.5808
G1 Z43.125 X160.525 Y90.225 E1656.61635
G1 Z43.134 X160.525 Y80.225 E1656.95483
G1 Z43.151 X179.775 Y80.225 E1657.60642
G1 Z43.169 X179.775 Y99.475 E1658.25801
G1 Z43.178 X169.775 Y99.475 E1658.5965
G1 Z43.179 X169.775 Y100.525 E1658.63204
G1 Z43.188 X179.775 Y100.525 E1658.97053
G1 Z43.205 X179.775 Y119.775 E1659.62212
G1 Z43.241 X140.004 Y119.775 E1660.96834
G1 Z43.242 X138.758 Y119.736 E1661.01051
G1 Z43.243 X137.522 Y119.619 E1661.05256
G1 Z43.244 X136.295 Y119.425 E1661.09461
G1 Z43.246 X135.082 Y119.154 E1661.13666
G1 Z43.247 X133.889 Y118.807 E1661.17871
G1 Z43.248 X132.72 Y118.386 E1661.22076
G1 Z43.249 X131.58 Y117.893 E1661.26281
G1 Z43.250 X130.473 Y117.329 E1661.30486
G1 Z43.251 X129.404 Y116.696 E1661.34691
G1 Z43.252 X128.377 Y115.998 E1661.38896
G1 Z43.253 X127.395 Y115.237 E1661.43101
G1 Z43.255 X126.463 Y114.415 E1661.47306
G1 Z43.256 X125.585 Y113.537 E1661.51511
G1 Z43.257 X124.763 Y112.605 E1661.55716
G1 Z43.258 X124.002 Y111.623 E1661.59921
G1 Z43.259 X123.304 Y110.596 E1661.64126
G1 Z43.260 X122.671 Y109.527 E1661.68331
G1 Z43.261 X122.107 Y108.42 E1661.72536
G1 Z43.262 X121.614 Y107.28 E1661.76741
G1 Z43.264 X121.193 Y106.111 E1661.80946
G1 Z43.265 X120.846 Y104.918 E1661.85151
G1 Z43.266 X120.575 Y103.705 E1661.89356
G1 Z43.267 X120.381 Y102.478 E1661.93561
G1 Z43.268 X120.264 Y101.242 E1661.97766
G1 Z43.269 X120.225 Y100 E1662.01971
G1 Z43.270 X120.264 Y98.758 E1662.06176
G1 Z43.271 X120.381 Y97.522 E1662.10381
G1 Z43.273 X120.575 Y96.295 E1662.14586
G1 Z43.274 X120.846 Y95.082 E1662.18791
G1 Z43.275 X121.193 Y93.889 E1662.22996
G1 Z43.276 X121.614 Y92.72 E1662.27201
G1 Z43.277 X122.107 Y91.58 E1662.31406
G1 Z43.278 X122.671 Y90.473 E1662.35611
G1 Z43.279 X123.304 Y89.404 E1662.39816
G1 Z43.280 X123.738 Y88.765 E1662.42433
;LAYER_CHANGE
;Z:43.48
;HEIGHT:0.200001
G1 Z43.280 F600
G1 F6052
G1 Z43.280 X124.002 Y88.377 E1662.44021
G1 Z43.282 X124.763 Y87.395 E1662.48226
G1 Z43.283 X125.585 Y86.463 E1662.52431
G1 Z43.284 X126.463 Y85.585 E1662.56636
G1 Z43.285 X127.395 Y84.763 E1662.60841
G1 Z43.286 X128.377 Y84.002 E1662.65046
G1 Z43.287 X129.404 Y83.304 E1662.69251
G1 Z43.288 X130.473 Y82.671 E1662.73456
G1 Z43.289 X131.58 Y82.107 E1662.77661
G1 Z43.291 X132.72 Y81.614 E1662.81866
G1 Z43.292 X133.889 Y81.193 E1662.86071
G1 Z43.293 X135.082 Y80.846 E1662.90276
G1 Z43.294 X136.295 Y80.575 E1662.94481
G1 Z43.295 X137.522 Y80.381 E1662.98686
G1 Z43.296 X138.758 Y80.264 E1663.02891
G1 Z43.297 X140.004 Y80.225 E1663.07108
G1 Z43.315 X159.475 Y80.225 E1663.73016
G1 Z43.324 X159.475 Y90.225 E1664.06865
G1 Z43.325 X160.525 Y90.225 E1664.10419
G1 Z43.334 X160.525 Y80.225 E1664.44268
G1 Z43.351 X179.775 Y80.225 E1665.09427
G1 Z43.369 X179.775 Y99.475 E1665.74586
G1 Z43.378 X169.775 Y99.475 E1666.08435
G1 Z43.379 X169.775 Y100.525 E1666.11989
G1 Z43.388 X179.775 Y100.525 E1666.45838
G1 Z43.405 X179.775 Y119.775 E1667.10997
G1 Z43.441 X140.004 Y119.775 E1668.45618
G1 Z43.442 X138.758 Y119.736 E1668.49835
G1 Z43.443 X137.522 Y119.619 E1668.5404
G1 Z43.444 X136.295 Y119.425 E1668.58245
G1 Z43.446 X135.082 Y119.154 E1668.6245
G1 Z43.447 X133.889 Y118.807 E1668.66655
G1 Z43.448 X132.72 Y118.386 E1668.7086
G1 Z43.449 X131.58 Y117.893 E1668.75065
G1 Z43.450 X130.473 Y117.329 E1668.7927
G1 Z43.451 X129.404 Y116.696 E1668.83475
G1 Z43.452 X128.377 Y115.998 E1668.8768
G1 Z43.453 X127.395 Y115.237 E1668.91885
G1 Z43.455 X126.463 Y114.415 E1668.9609
G1 Z43.456 X125.585 Y113.537 E1669.00295
G1 Z43.457 X124.763 Y112.605 E1669.045
G1 Z43.458 X124.002 Y111.623 E1669.08705
G1 Z43.459 X123.304 Y110.596 E1669.1291
G1 Z43.460 X122.671 Y109.527 E1669.17115
G1 Z43.461 X122.107 Y108.42 E1669.2132
G1 Z43.462 X121.614 Y107.28 E1669.25525
G1 Z43.464 X121.193 Y106.111 E1669.2973
G1 Z43.465 X120.846 Y104.918 E1669.33935
G1 Z43.466 X120.575 Y103.705 E1669.3814
G1 Z43.467 X120.381 Y102.478 E1669.42345
G1 Z43.468 X120.264 Y101.242 E1669.4655
G1 Z43.469 X120.225 Y100 E1669.50755
G1 Z43.470 X120.264 Y98.758 E1669.5496
G1 Z43.471 X120.381 Y97.522 E1669.59165
G1 Z43.473 X120.575 Y96.295 E1669.6337
G1 Z43.474 X120.846 Y95.082 E1669.67575
G1 Z43.475 X121.193 Y93.889 E1669.7178
G1 Z43.476 X121.614 Y92.72 E1669.75985
G1 Z43.477 X122.107 Y91.58 E1669.8019
G1 Z43.478 X122.671 Y90.473 E1669.84395
G1 Z43.479 X123.304 Y89.404 E1669.886
G1 Z43.480 X123.738 Y88.765 E1669.91218
;LAYER_CHANGE
;Z:43.68
;HEIGHT:0.200001
G1 Z43.480 F600
G1 F6066
G1 Z43.480 X124.002 Y88.377 E1669.92805
G1 Z43.482 X124.763 Y87.395 E1669.9701
G1 Z43.483 X125.585 Y86.463 E1670.01215
G1 Z43.484 X126.463 Y85.585 E1670.0542
G1 Z43.485 X127.395 Y84.763 E1670.09625
G1 Z43.486 X128.377 Y84.002 E1670.1383
G1 Z43.487 X129.404 Y83.304 E1670.18035
G1 Z43.488 X130.473 Y82.671 E1670.2224
G1 Z43.489 X131.58 Y82.107 E1670.26445
G1 Z43.490 X132.72 Y81.614 E1670.3065
G1 Z43.492 X133.889 Y81.193 E1670.34855
G1 Z43.493 X135.082 Y80.846 E1670.3906
G1 Z43.494 X136.295 Y80.575 E1670.43265
G1 Z43.495 X137.522 Y80.381 E1670.4747
G1 Z43.496 X138.758 Y80.264 E1670.51675
G1 Z43.497 X140.004 Y80.225 E1670.55892
G1 Z43.511 X155.405 Y80.225 E1671.08025
G1 Z43.511 X155.405 Y80.525 E1671.0904
G1 Z43.512 X155.994 Y80.525 E1671.11033
G1 Z43.512 X155.994 Y80.225 E1671.12048
G1 Z43.515 X159.475 Y80.225 E1671.23832
G1 Z43.524 X159.475 Y90.225 E1671.5768
G1 Z43.525 X160.525 Y90.225 E1671.61235
G1 Z43.534 X160.525 Y80.225 E1671.95083
G1 Z43.551 X179.775 Y80.225 E1672.60242
G1 Z43.565 X179.775 Y95.405 E1673.11625
G1 Z43.565 X179.475 Y95.405 E1673.1264
G1 Z43.566 X179.475 Y95.993 E1673.14632
G1 Z43.566 X179.775 Y95.993 E1673.15648
G1 Z43.569 X179.775 Y99.475 E1673.27432
G1 Z43.578 X169.775 Y99.475 E1673.61281
G1 Z43.579 X169.775 Y100.525 E1673.64835
G1 Z43.588 X179.775 Y100.525 E1673.98684
G1 Z43.606 X179.775 Y119.775 E1674.63843
G1 Z43.641 X140.004 Y119.775 E1675.98465
G1 Z43.642 X138.758 Y119.736 E1676.02682
G1 Z43.644 X137.522 Y119.619 E1676.06887
G1 Z43.645 X136.295 Y119.425 E1676.11092
G1 Z43.646 X135.082 Y119.154 E1676.15297
G1 Z43.647 X133.889 Y118.807 E1676.19502
G1 Z43.648 X132.72 Y118.386 E1676.23707
G1 Z43.649 X131.58 Y117.893 E1676.27912
G1 Z43.650 X130.473 Y117.329 E1676.32117
G1 Z43.651 X129.404 Y116.696 E1676.36322
G1 Z43.652 X128.377 Y115.998 E1676.40527
G1 Z43.654 X127.395 Y115.237 E1676.44732
G1 Z43.655 X126.463 Y114.415 E1676.48937
G1 Z43.656 X125.585 Y113.537 E1676.53142
G1 Z43.657 X124.763 Y112.605 E1676.57347
G1 Z43.658 X124.002 Y111.623 E1676.61552
G1 Z43.659 X123.304 Y110.596 E1676.65757
G1 Z43.660 X122.671 Y109.527 E1676.69962
G1 Z43.661 X122.107 Y108.42 E1676.74167
G1 Z43.663 X121.614 Y107.28 E1676.78372
G1 Z43.664 X121.193 Y106.111 E1676.82577
G1 Z43.665 X120.846 Y104.918 E1676.86782
G1 Z43.666 X120.575 Y103.705 E1676.90987
G1 Z43.667 X120.381 Y102.478 E1676.95192
G1 Z43.668 X120.264 Y101.242 E1676.99397
G1 Z43.669 X120.225 Y100 E1677.03602
G1 Z43.670 X120.264 Y98.758 E1677.07807
G1 Z43.671 X120.381 Y97.522 E1677.12012
G1 Z43.673 X120.575 Y96.295 E1677.16217
G1 Z43.674 X120.846 Y95.082 E1677.20422
G1 Z43.675 X121.193 Y93.889 E1677.24627
G1 Z43.676 X121.614 Y92.72 E1677.28832
G1 Z43.677 X122.107 Y91.58 E1677.33037
G1 Z43.678 X122.671 Y90.473 E1677.37242
G1 Z43.679 X123.304 Y89.404 E1677.41447
G1 Z43.680 X123.738 Y88.765 E1677.44064
;LAYER_CHANGE
;Z:43.88
;HEIGHT:0.200001
G1 Z43.680 F600
G1 F6066
G1 Z43.680 X124.002 Y88.377 E1677.45652
G1 Z43.682 X124.763 Y87.395 E1677.49857
G1 Z43.683 X125.585 Y86.463 E1677.54062
G1 Z43.684 X126.463 Y85.585 E1677.58267
G1 Z43.685 X127.395 Y84.763 E1677.62471
G1 Z43.686 X128.377 Y84.002 E1677.66677
G1 Z43.687 X129.404 Y83.304 E1677.70882
G1 Z43.688 X130.473 Y82.671 E1677.75087
G1 Z43.689 X131.58 Y82.107 E1677.79292
G1 Z43.690 X132.72 Y81.614 E1677.83497
G1 Z43.692 X133.889 Y81.193 E1677.87702
G1 Z43.693 X135.082 Y80.846 E1677.91906
G1 Z43.694 X136.295 Y80.575 E1677.96112
G1 Z43.695 X137.522 Y80.381 E1678.00316
G1 Z43.696 X138.758 Y80.264 E1678.04522
G1 Z43.697 X140.004 Y80.225 E1678.08739
G1 Z43.711 X155.405 Y80.225 E1678.60871
G1 Z43.711 X155.405 Y80.525 E1678.61887
G1 Z43.712 X156.34 Y80.525 E1678.65052
G1 Z43.712 X156.34 Y80.225 E1678.66067
G1 Z43.715 X159.475 Y80.225 E1678.76678
G1 Z43.724 X159.475 Y90.225 E1679.10527
G1 Z43.725 X160.525 Y90.225 E1679.14081
G1 Z43.734 X160.525 Y80.225 E1679.4793
G1 Z43.751 X179.775 Y80.225 E1680.13089
G1 Z43.765 X179.775 Y95.405 E1680.64471
G1 Z43.765 X179.475 Y95.405 E1680.65486
G1 Z43.766 X179.475 Y96.34 E1680.68651
G1 Z43.766 X179.775 Y96.34 E1680.69667
G1 Z43.769 X179.775 Y99.475 E1680.80279
G1 Z43.778 X169.775 Y99.475 E1681.14127
G1 Z43.779 X169.775 Y100.525 E1681.17682
G1 Z43.788 X179.775 Y100.525 E1681.5153
G1 Z43.806 X179.775 Y119.775 E1682.16689
G1 Z43.841 X140.004 Y119.775 E1683.51311
G1 Z43.842 X138.758 Y119.736 E1683.55528
G1 Z43.844 X137.522 Y119.619 E1683.59733
G1 Z43.845 X136.295 Y119.425 E1683.63938
G1 Z43.846 X135.082 Y119.154 E1683.68143
G1 Z43.847 X133.889 Y118.807 E1683.72348
G1 Z43.848 X132.72 Y118.386 E1683.76553
G1 Z43.849 X131.58 Y117.893 E1683.80758
G1 Z43.850 X130.473 Y117.329 E1683.84963
G1 Z43.851 X129.404 Y116.696 E1683.89168
G1 Z43.852 X128.377 Y115.998 E1683.93373
G1 Z43.854 X127.395 Y115.237 E1683.97578
G1 Z43.855 X126.463 Y114.415 E1684.01783
G1 Z43.856 X125.585 Y113.537 E1684.05988
G1 Z43.857 X124.763 Y112.605 E1684.10193
G1 Z43.858 X124.002 Y111.623 E1684.14398
G1 Z43.859 X123.304 Y110.596 E1684.18603
G1 Z43.860 X122.671 Y109.527 E1684.22808
G1 Z43.861 X122.107 Y108.42 E1684.27013
G1 Z43.863 X121.614 Y107.28 E1684.31218
G1 Z43.864 X121.193 Y106.111 E1684.35423
G1 Z43.865 X120.846 Y104.918 E1684.39628
G1 Z43.866 X120.575 Y103.705 E1684.43833
G1 Z43.867 X120.381 Y102.478 E1684.48038
G1 Z43.868 X120.264 Y101.242 E1684.52243
G1 Z43.869 X120.225 Y100 E1684.56448
G1 Z43.870 X120.264 Y98.758 E1684.60653
G1 Z43.871 X120.381 Y97.522 E1684.64858
G1 Z43.873 X120.575 Y96.295 E1684.69063
G1 Z43.874 X120.846 Y95.082 E1684.73268
G1 Z43.875 X121.193 Y93.889 E1684.77473
G1 Z43.876 X121.614 Y92.72 E1684.81678
G1 Z43.877 X122.107 Y91.58 E1684.85883
G1 Z43.878 X122.671 Y90.473 E1684.90088
G1 Z43.879 X123.304 Y89.404 E1684.94293
G1 Z43.880 X123.738 Y88.765 E1684.9691
;LAYER_CHANGE
;Z:44.08
;HEIGHT:0.200001
G1 Z43.880 F600
G1 F6066
G1 Z43.880 X124.002 Y88.377 E1684.98498
G1 Z43.882 X124.763 Y87.395 E1685.02703
G1 Z43.883 X125.585 Y86.463 E1685.06908
G1 Z43.884 X126.463 Y85.585 E1685.11113
G1 Z43.885 X127.395 Y84.763 E1685.15318
G1 Z43.886 X128.377 Y84.002 E1685.19523
G1 Z43.887 X129.404 Y83.304 E1685.23728
G1 Z43.888 X130.473 Y82.671 E1685.27933
G1 Z43.889 X131.58 Y82.107 E1685.32138
G1 Z43.890 X132.72 Y81.614 E1685.36343
G1 Z43.892 X133.889 Y81.193 E1685.40548
G1 Z43.893 X135.082 Y80.846 E1685.44753
G1 Z43.894 X136.295 Y80.575 E1685.48958
G1 Z43.895 X137.522 Y80.381 E1685.53163
G1 Z43.896 X138.758 Y80.264 E1685.57368
G1 Z43.897 X140.004 Y80.225 E1685.61585
G1 Z43.911 X155.405 Y80.225 E1686.13718
G1 Z43.911 X155.405 Y80.525 E1686.14733
G1 Z43.912 X156.687 Y80.525 E1686.19071
G1 Z43.913 X156.687 Y80.225 E1686.20086
G1 Z43.915 X159.475 Y80.225 E1686.29524
G1 Z43.924 X159.475 Y90.225 E1686.63373
G1 Z43.925 X160.525 Y90.225 E1686.66927
G1 Z43.934 X160.525 Y80.225 E1687.00776
G1 Z43.951 X179.775 Y80.225 E1687.65935
G1 Z43.965 X179.775 Y95.405 E1688.17317
G1 Z43.965 X179.475 Y95.405 E1688.18333
G1 Z43.967 X179.475 Y96.686 E1688.2267
G1 Z43.967 X179.775 Y96.686 E1688.23686
G1 Z43.969 X179.775 Y99.475 E1688.33125
G1 Z43.978 X169.775 Y99.475 E1688.66974
G1 Z43.979 X169.775 Y100.525 E1688.70528
G1 Z43.988 X179.775 Y100.525 E1689.04377
G1 Z44.006 X179.775 Y119.775 E1689.69536
G1 Z44.041 X140.004 Y119.775 E1691.04157
G1 Z44.042 X138.758 Y119.736 E1691.08374
G1 Z44.044 X137.522 Y119.619 E1691.12579
G1 Z44.045 X136.295 Y119.425 E1691.16784
G1 Z44.046 X135.082 Y119.154 E1691.20989
G1 Z44.047 X133.889 Y118.807 E1691.25194
G1 Z44.048 X132.72 Y118.386 E1691.29399
G1 Z44.049 X131.58 Y117.893 E1691.33604
G1 Z44.050 X130.473 Y117.329 E1691.37809
G1 Z44.051 X129.404 Y116.696 E1691.42014
G1 Z44.052 X128.377 Y115.998 E1691.46219
G1 Z44.054 X127.395 Y115.237 E1691.50424
G1 Z44.055 X126.463 Y114.415 E1691.54629
G1 Z44.056 X125.585 Y113.537 E1691.58834
G1 Z44.057 X124.763 Y112.605 E1691.63039
G1 Z44.058 X124.002 Y111.623 E1691.67244
G1 Z44.059 X123.304 Y110.596 E1691.71449
G1 Z44.060 X122.671 Y109.527 E1691.75654
G1 Z44.061 X122.107 Y108.42 E1691.79859
G1 Z44.063 X121.614 Y107.28 E1691.84064
G1 Z44.064 X121.193 Y106.111 E1691.88269
G1 Z44.065 X120.846 Y104.918 E1691.92474
G1 Z44.066 X120.575 Y103.705 E1691.96679
G1 Z44.067 X120.381 Y102.478 E1692.00884
G1 Z44.068 X120.264 Y101.242 E1692.05089
G1 Z44.069 X120.225 Y100 E1692.09294
G1 Z44.070 X120.264 Y98.758 E1692.13499
G1 Z44.071 X120.381 Y97.522 E1692.17704
G1 Z44.073 X120.575 Y96.295 E1692.21909
G1 Z44.074 X120.846 Y95.082 E1692.26114
G1 Z44.075 X121.193 Y93.889 E1692.30319
G1 Z44.076 X121.614 Y92.72 E1692.34524
G1 Z44.077 X122.107 Y91.58 E1692.38729
G1 Z44.078 X122.671 Y90.473 E1692.42934
G1 Z44.079 X123.304 Y89.404 E1692.47139
G1 Z44.080 X123.738 Y88.765 E1692.49757
;LAYER_CHANGE
;Z:44.28
;HEIGHT:0.199997
G1 Z44.080 F600
G1 F6066
G1 Z44.080 X124.002 Y88.377 E1692.51344
G1 Z44.082 X124.763 Y87.395 E1692.55549
G1 Z44.083 X125.585 Y86.463 E1692.59754
G1 Z44.084 X126.463 Y85.585 E1692.63959
G1 Z44.085 X127.395 Y84.763 E1692.68164
G1 Z44.086 X128.377 Y84.002 E1692.72369
G1 Z44.087 X129.404 Y83.304 E1692.76574
G1 Z44.088 X130.473 Y82.671 E1692.80779
G1 Z44.089 X131.58 Y82.107 E1692.84984
G1 Z44.090 X132.72 Y81.614 E1692.89189
G1 Z44.092 X133.889 Y81.193 E1692.93394
G1 Z44.093 X135.082 Y80.846 E1692.97599
G1 Z44.094 X136.295 Y80.575 E1693.01804
G1 Z44.095 X137.522 Y80.381 E1693.06009
G1 Z44.096 X138.758 Y80.264 E1693.10214
G1 Z44.097 X140.004 Y80.225 E1693.14431
G1 Z44.111 X155.405 Y80.225 E1693.66564
G1 Z44.111 X155.405 Y80.525 E1693.6758
G1 Z44.113 X157.033 Y80.525 E1693.7309
G1 Z44.113 X157.033 Y80.225 E1693.74105
G1 Z44.115 X159.475 Y80.225 E1693.82371
G1 Z44.124 X159.475 Y90.225 E1694.1622
G1 Z44.125 X160.525 Y90.225 E1694.19774
G1 Z44.134 X160.525 Y80.225 E1694.53623
G1 Z44.151 X179.775 Y80.225 E1695.18781
G1 Z44.165 X179.775 Y95.405 E1695.70164
G1 Z44.165 X179.475 Y95.405 E1695.71179
G1 Z44.167 X179.475 Y97.033 E1695.76689
G1 Z44.167 X179.775 Y97.033 E1695.77705
G1 Z44.169 X179.775 Y99.475 E1695.85971
G1 Z44.178 X169.775 Y99.475 E1696.1982
G1 Z44.179 X169.775 Y100.525 E1696.23374
G1 Z44.188 X179.775 Y100.525 E1696.57223
G1 Z44.206 X179.775 Y119.775 E1697.22382
G1 Z44.241 X140.004 Y119.775 E1698.57004
G1 Z44.242 X138.758 Y119.736 E1698.61221
G1 Z44.244 X137.522 Y119.619 E1698.65426
G1 Z44.245 X136.295 Y119.425 E1698.69631
G1 Z44.246 X135.082 Y119.154 E1698.73836
G1 Z44.247 X133.889 Y118.807 E1698.78041
G1 Z44.248 X132.72 Y118.386 E1698.82246
G1 Z44.249 X131.58 Y117.893 E1698.86451
G1 Z44.250 X130.473 Y117.329 E1698.90656
G1 Z44.251 X129.404 Y116.696 E1698.94861
G1 Z44.252 X128.377 Y115.998 E1698.99066
G1 Z44.254 X127.395 Y115.237 E1699.03271
G1 Z44.255 X126.463 Y114.415 E1699.07476
G1 Z44.256 X125.585 Y113.537 E1699.11681
G1 Z44.257 X124.763 Y112.605 E1699.15886
G1 Z44.258 X124.002 Y111.623 E1699.20091
G1 Z44.259 X123.304 Y110.596 E1699.24296
G1 Z44.260 X122.671 Y109.527 E1699.28501
G1 Z44.261 X122.107 Y108.42 E1699.32706
G1 Z44.263 X121.614 Y107.28 E1699.36911
G1 Z44.264 X121.193 Y106.111 E1699.41116
G1 Z44.265 X120.846 Y104.918 E1699.45321
G1 Z44.266 X120.575 Y103.705 E1699.49526
G1 Z44.267 X120.381 Y102.478 E1699.53731
G1 Z44.268 X120.264 Y101.242 E1699.57936
G1 Z44.269 X120.225 Y100 E1699.62141
G1 Z44.270 X120.264 Y98.758 E1699.66346
G1 Z44.271 X120.381 Y97.522 E1699.70551
G1 Z44.273 X120.575 Y96.295 E1699.74756
G1 Z44.274 X120.846 Y95.082 E1699.78961
G1 Z44.275 X121.193 Y93.889 E1699.83166
G1 Z44.276 X121.614 Y92.72 E1699.87371
G1 Z44.277 X122.107 Y91.58 E1699.91576
G1 Z44.278 X122.671 Y90.473 E1699.95781
G1 Z44.279 X123.304 Y89.404 E1699.99986
G1 Z44.280 X123.738 Y88.765 E1700.02603
;LAYER_CHANGE
;Z:44.48
;HEIGHT:0.200001
G1 Z44.280 F600
G1 F6066
G1 Z44.280 X124.002 Y88.377 E1700.04191
G1 Z44.282 X124.763 Y87.395 E1700.08396
G1 Z44.283 X125.585 Y86.463 E1700.12601
G1 Z44.284 X126.463 Y85.585 E1700.16806
G1 Z44.285 X127.395 Y84.763 E1700.21011
G1 Z44.286 X128.377 Y84.002 E1700.25216
G1 Z44.287 X129.404 Y83.304 E1700.29421
G1 Z44.288 X130.473 Y82.671 E1700.33626
G1 Z44.289 X131.58 Y82.107 E1700.37831
G1 Z44.290 X132.72 Y81.614 E1700.42036
G1 Z44.292 X133.889 Y81.193 E1700.46241
G1 Z44.293 X135.082 Y80.846 E1700.50446
G1 Z44.294 X136.295 Y80.575 E1700.54651
G1 Z44.295 X137.522 Y80.381 E1700.58856
G1 Z44.296 X138.758 Y80.264 E1700.63061
G1 Z44.297 X140.004 Y80.225 E1700.67278
G1 Z44.311 X155.405 Y80.225 E1701.19411
G1 Z44.311 X155.405 Y80.525 E1701.20426
G1 Z44.313 X157.379 Y80.525 E1701.27108
G1 Z44.313 X157.379 Y80.225 E1701.28124
G1 Z44.315 X159.475 Y80.225 E1701.35217
G1 Z44.324 X159.475 Y90.225 E1701.69066
G1 Z44.325 X160.525 Y90.225 E1701.7262
G1 Z44.334 X160.525 Y80.225 E1702.06469
G1 Z44.351 X179.775 Y80.225 E1702.71628
G1 Z44.365 X179.775 Y95.405 E1703.2301
G1 Z44.365 X179.475 Y95.405 E1703.24026
G1 Z44.367 X179.475 Y97.379 E1703.30708
G1 Z44.367 X179.775 Y97.379 E1703.31723
G1 Z44.369 X179.775 Y99.475 E1703.38818
G1 Z44.378 X169.775 Y99.475 E1703.72667
G1 Z44.379 X169.775 Y100.525 E1703.76221
G1 Z44.388 X179.775 Y100.525 E1704.1007
G1 Z44.406 X179.775 Y119.775 E1704.75228
G1 Z44.441 X140.004 Y119.775 E1706.0985
G1 Z44.442 X138.758 Y119.736 E1706.14067
G1 Z44.444 X137.522 Y119.619 E1706.18272
G1 Z44.445 X136.295 Y119.425 E1706.22477
G1 Z44.446 X135.082 Y119.154 E1706.26682
G1 Z44.447 X133.889 Y118.807 E1706.30887
G1 Z44.448 X132.72 Y118.386 E1706.35092
G1 Z44.449 X131.58 Y117.893 E1706.39297
G1 Z44.450 X130.473 Y117.329 E1706.43502
G1 Z44.451 X129.404 Y116.696 E1706.47707
G1 Z44.452 X128.377 Y115.998 E1706.51912
G1 Z44.454 X127.395 Y115.237 E1706.56117
G1 Z44.455 X126.463 Y114.415 E1706.60322
G1 Z44.456 X125.585 Y113.537 E1706.64527
G1 Z44.457 X124.763 Y112.605 E1706.68732
G1 Z44.458 X124.002 Y111.623 E1706.72937
G1 Z44.459 X123.304 Y110.596 E1706.77142
G1 Z44.460 X122.671 Y109.527 E1706.81347
G1 Z44.461 X122.107 Y108.42 E1706.85552
G1 Z44.463 X121.614 Y107.28 E1706.89757
G1 Z44.464 X121.193 Y106.111 E1706.93962
G1 Z44.465 X120.846 Y104.918 E1706.98167
G1 Z44.466 X120.575 Y103.705 E1707.02372
G1 Z44.467 X120.381 Y102.478 E1707.06577
G1 Z44.468 X120.264 Y101.242 E1707.10782
G1 Z44.469 X120.225 Y100 E1707.14987
G1 Z44.470 X120.264 Y98.758 E1707.19192
G1 Z44.471 X120.381 Y97.522 E1707.23397
G1 Z44.473 X120.575 Y96.295 E1707.27602
G1 Z44.474 X120.846 Y95.082 E1707.31807
G1 Z44.475 X121.193 Y93.889 E1707.36012
G1 Z44.476 X121.614 Y92.72 E1707.40217
G1 Z44.477 X122.107 Y91.58 E1707.44422
G1 Z44.478 X122.671 Y90.473 E1707.48627
G1 Z44.479 X123.304 Y89.404 E1707.52832
G1 Z44.480 X123.738 Y88.765 E1707.5545
;LAYER_CHANGE
;Z:44.68
;HEIGHT:0.200001
G1 Z44.480 F600
G1 F6066
G1 Z44.480 X124.002 Y88.377 E1707.57037
G1 Z44.482 X124.763 Y87.395 E1707.61242
G1 Z44.483 X125.585 Y86.463 E1707.65447
G1 Z44.484 X126.463 Y85.585 E1707.69652
G1 Z44.485 X127.395 Y84.763 E1707.73857
G1 Z44.486 X128.377 Y84.002 E1707.78062
G1 Z44.487 X129.404 Y83.304 E1707.82267
G1 Z44.488 X130.473 Y82.671 E1707.86472
G1 Z44.489 X131.58 Y82.107 E1707.90677
G1 Z44.490 X132.72 Y81.614 E1707.94882
G1 Z44.492 X133.889 Y81.193 E1707.99087
G1 Z44.493 X135.082 Y80.846 E1708.03292
G1 Z44.494 X136.295 Y80.575 E1708.07497
G1 Z44.495 X137.522 Y80.381 E1708.11702
G1 Z44.496 X138.758 Y80.264 E1708.15907
G1 Z44.497 X140.004 Y80.225 E1708.20124
G1 Z44.511 X155.405 Y80.225 E1708.72257
G1 Z44.511 X155.405 Y80.525 E1708.73272
G1 Z44.513 X157.726 Y80.525 E1708.81127
G1 Z44.514 X157.726 Y80.225 E1708.82143
G1 Z44.515 X159.475 Y80.225 E1708.88064
G1 Z44.524 X159.475 Y90.225 E1709.21912
G1 Z44.525 X160.525 Y90.225 E1709.25466
G1 Z44.534 X160.525 Y80.225 E1709.59315
G1 Z44.551 X179.775 Y80.225 E1710.24474
G1 Z44.565 X179.775 Y95.405 E1710.75857
G1 Z44.565 X179.475 Y95.405 E1710.76872
G1 Z44.567 X179.475 Y97.726 E1710.84727
G1 Z44.568 X179.775 Y97.726 E1710.85742
G1 Z44.569 X179.775 Y99.475 E1710.91664
G1 Z44.578 X169.775 Y99.475 E1711.25513
G1 Z44.579 X169.775 Y100.525 E1711.29067
G1 Z44.588 X179.775 Y100.525 E1711.62916
G1 Z44.606 X179.775 Y119.775 E1712.28075
G1 Z44.641 X140.004 Y119.775 E1713.62696
G1 Z44.642 X138.758 Y119.736 E1713.66914
G1 Z44.644 X137.522 Y119.619 E1713.71119
G1 Z44.645 X136.295 Y119.425 E1713.75323
G1 Z44.646 X135.082 Y119.154 E1713.79529
G1 Z44.647 X133.889 Y118.807 E1713.83733
G1 Z44.648 X132.72 Y118.386 E1713.87939
G1 Z44.649 X131.58 Y117.893 E1713.92143
G1 Z44.650 X130.473 Y117.329 E1713.96348
G1 Z44.651 X129.404 Y116.696 E1714.00554
G1 Z44.652 X128.377 Y115.998 E1714.04759
G1 Z44.654 X127.395 Y115.237 E1714.08964
G1 Z44.655 X126.463 Y114.415 E1714.13169
G1 Z44.656 X125.585 Y113.537 E1714.17374
G1 Z44.657 X124.763 Y112.605 E1714.21578
G1 Z44.658 X124.002 Y111.623 E1714.25784
G1 Z44.659 X123.304 Y110.596 E1714.29988
G1 Z44.660 X122.671 Y109.527 E1714.34193
G1 Z44.661 X122.107 Y108.42 E1714.38399
G1 Z44.663 X121.614 Y107.28 E1714.42603
G1 Z44.664 X121.193 Y106.111 E1714.46809
G1 Z44.665 X120.846 Y104.918 E1714.51013
G1 Z44.666 X120.575 Y103.705 E1714.55218
G1 Z44.667 X120.381 Y102.478 E1714.59423
G1 Z44.668 X120.264 Y101.242 E1714.63628
G1 Z44.669 X120.225 Y100 E1714.67833
G1 Z44.670 X120.264 Y98.758 E1714.72039
G1 Z44.671 X120.381 Y97.522 E1714.76243
G1 Z44.673 X120.575 Y96.295 E1714.80448
G1 Z44.674 X120.846 Y95.082 E1714.84653
G1 Z44.675 X121.193 Y93.889 E1714.88858
G1 Z44.676 X121.614 Y92.72 E1714.93063
G1 Z44.677 X122.107 Y91.58 E1714.97268
G1 Z44.678 X122.671 Y90.473 E1715.01474
G1 Z44.679 X123.304 Y89.404 E1715.05678
G1 Z44.680 X123.738 Y88.765 E1715.08296
;LAYER_CHANGE
;Z:44.88
;HEIGHT:0.200001
G1 Z44.680 F600
G1 F6066
G1 Z44.680 X124.002 Y88.377 E1715.09883
G1 Z44.682 X124.763 Y87.395 E1715.14089
G1 Z44.683 X125.585 Y86.463 E1715.18293
G1 Z44.684 X126.463 Y85.585 E1715.22498
G1 Z44.685 X127.395 Y84.763 E1715.26703
G1 Z44.686 X128.377 Y84.002 E1715.30908
G1 Z44.687 X129.404 Y83.304 E1715.35113
G1 Z44.688 X130.473 Y82.671 E1715.39318
G1 Z44.689 X131.58 Y82.107 E1715.43523
G1 Z44.690 X132.72 Y81.614 E1715.47728
G1 Z44.692 X133.889 Y81.193 E1715.51933
G1 Z44.693 X135.082 Y80.846 E1715.56138
G1 Z44.694 X136.295 Y80.575 E1715.60343
G1 Z44.695 X137.522 Y80.381 E1715.64548
G1 Z44.696 X138.758 Y80.264 E1715.68753
G1 Z44.697 X140.004 Y80.225 E1715.72971
G1 Z44.711 X155.405 Y80.225 E1716.25103
G1 Z44.711 X155.405 Y80.525 E1716.26119
G1 Z44.714 X158.072 Y80.525 E1716.35146
G1 Z44.714 X158.072 Y80.225 E1716.36162
G1 Z44.715 X159.475 Y80.225 E1716.4091
G1 Z44.724 X159.475 Y90.225 E1716.74759
G1 Z44.725 X160.525 Y90.225 E1716.78313
G1 Z44.734 X160.525 Y80.225 E1717.12162
G1 Z44.751 X179.775 Y80.225 E1717.77321
G1 Z44.765 X179.775 Y95.405 E1718.28703
G1 Z44.765 X179.475 Y95.405 E1718.29718
G1 Z44.768 X179.475 Y98.072 E1718.38746
G1 Z44.768 X179.775 Y98.072 E1718.39761
G1 Z44.769 X179.775 Y99.475 E1718.44511
G1 Z44.778 X169.775 Y99.475 E1718.78359
G1 Z44.779 X169.775 Y100.525 E1718.81913
G1 Z44.788 X179.775 Y100.525 E1719.15762
G1 Z44.806 X179.775 Y119.775 E1719.80921
G1 Z44.841 X140.004 Y119.775 E1721.15543
G1 Z44.842 X138.758 Y119.736 E1721.1976
G1 Z44.844 X137.522 Y119.619 E1721.23965
G1 Z44.845 X136.295 Y119.425 E1721.2817
G1 Z44.846 X135.082 Y119.154 E1721.32375
G1 Z44.847 X133.889 Y118.807 E1721.3658
G1 Z44.848 X132.72 Y118.386 E1721.40785
G1 Z44.849 X131.58 Y117.893 E1721.4499
G1 Z44.850 X130.473 Y117.329 E1721.49195
G1 Z44.851 X129.404 Y116.696 E1721.534
G1 Z44.852 X128.377 Y115.998 E1721.57605
G1 Z44.854 X127.395 Y115.237 E1721.6181
G1 Z44.855 X126.463 Y114.415 E1721.66015
G1 Z44.856 X125.585 Y113.537 E1721.7022
G1 Z44.857 X124.763 Y112.605 E1721.74425
G1 Z44.858 X124.002 Y111.623 E1721.7863
G1 Z44.859 X123.304 Y110.596 E1721.82835
G1 Z44.860 X122.671 Y109.527 E1721.8704
G1 Z44.861 X122.107 Y108.42 E1721.91245
G1 Z44.863 X121.614 Y107.28 E1721.9545
G1 Z44.864 X121.193 Y106.111 E1721.99655
G1 Z44.865 X120.846 Y104.918 E1722.0386
G1 Z44.866 X120.575 Y103.705 E1722.08065
G1 Z44.867 X120.381 Y102.478 E1722.1227
G1 Z44.868 X120.264 Y101.242 E1722.16475
G1 Z44.869 X120.225 Y100 E1722.2068
G1 Z44.870 X120.264 Y98.758 E1722.24885
G1 Z44.871 X120.381 Y97.522 E1722.2909
G1 Z44.873 X120.575 Y96.295 E1722.33295
G1 Z44.874 X120.846 Y95.082 E1722.375
G1 Z44.875 X121.193 Y93.889 E1722.41705
G1 Z44.876 X121.614 Y92.72 E1722.4591
G1 Z44.877 X122.107 Y91.58 E1722.50115
G1 Z44.878 X122.671 Y90.473 E1722.5432
G1 Z44.879 X123.304 Y89.404 E1722.58525
G1 Z44.880 X123.738 Y88.765 E1722.61142
;LAYER_CHANGE
;Z:45.08
;HEIGHT:0.200001
G1 Z44.880 F600
G1 F6066
G1 Z44.880 X124.002 Y88.377 E1722.6273
G1 Z44.882 X124.763 Y87.395 E1722.66935
G1 Z44.883 X125.585 Y86.463 E1722.7114
G1 Z44.884 X126.463 Y85.585 E1722.75345
G1 Z44.885 X127.395 Y84.763 E1722.7955
G1 Z44.886 X128.377 Y84.002 E1722.83755
G1 Z44.887 X129.404 Y83.304 E1722.8796
G1 Z44.888 X130.473 Y82.671 E1722.92165
G1 Z44.889 X131.58 Y82.107 E1722.9637
G1 Z44.890 X132.72 Y81.614 E1723.00575
G1 Z44.892 X133.889 Y81.193 E1723.0478
G1 Z44.893 X135.082 Y80.846 E1723.08985
G1 Z44.894 X136.295 Y80.575 E1723.1319
G1 Z44.895 X137.522 Y80.381 E1723.17395
G1 Z44.896 X138.758 Y80.264 E1723.216
G1 Z44.897 X140.004 Y80.225 E1723.25817
G1 Z44.911 X155.405 Y80.225 E1723.7795
G1 Z44.911 X155.405 Y80.525 E1723.78965
G1 Z44.914 X158.419 Y80.525 E1723.89165
G1 Z44.914 X158.419 Y80.225 E1723.90181
G1 Z44.915 X159.475 Y80.225 E1723.93756
G1 Z44.924 X159.475 Y90.225 E1724.27605
G1 Z44.925 X160.525 Y90.225 E1724.31159
G1 Z44.934 X160.525 Y80.225 E1724.65008
G1 Z44.951 X179.775 Y80.225 E1725.30167
G1 Z44.965 X179.775 Y95.405 E1725.81549
G1 Z44.965 X179.475 Y95.405 E1725.82565
G1 Z44.968 X179.475 Y98.418 E1725.92765
G1 Z44.968 X179.775 Y98.418 E1725.9378
G1 Z44.969 X179.775 Y99.475 E1725.97357
G1 Z44.978 X169.775 Y99.475 E1726.31206
G1 Z44.979 X169.775 Y100.525 E1726.3476
G1 Z44.988 X179.775 Y100.525 E1726.68609
G1 Z45.006 X179.775 Y119.775 E1727.33768
G1 Z45.041 X140.004 Y119.775 E1728.68389
G1 Z45.042 X138.758 Y119.736 E1728.72606
G1 Z45.044 X137.522 Y119.619 E1728.76811
G1 Z45.045 X136.295 Y119.425 E1728.81016
G1 Z45.046 X135.082 Y119.154 E1728.85221
G1 Z45.047 X133.889 Y118.807 E1728.89426
G1 Z45.048 X132.72 Y118.386 E1728.93631
G1 Z45.049 X131.58 Y117.893 E1728.97836
G1 Z45.050 X130.473 Y117.329 E1729.02041
G1 Z45.051 X129.404 Y116.696 E1729.06246
G1 Z45.052 X128.377 Y115.998 E1729.10451
G1 Z45.054 X127.395 Y115.237 E1729.14656
G1 Z45.055 X126.463 Y114.415 E1729.18861
G1 Z45.056 X125.585 Y113.537 E1729.23066
G1 Z45.057 X124.763 Y112.605 E1729.27271
G1 Z45.058 X124.002 Y111.623 E1729.31476
G1 Z45.059 X123.304 Y110.596 E1729.35681
G1 Z45.060 X122.671 Y109.527 E1729.39886
G1 Z45.061 X122.107 Y108.42 E1729.44091
G1 Z45.063 X121.614 Y107.28 E1729.48296
G1 Z45.064 X121.193 Y106.111 E1729.52501
G1 Z45.065 X120.846 Y104.918 E1729.56706
G1 Z45.066 X120.575 Y103.705 E1729.60911
G1 Z45.067 X120.381 Y102.478 E1729.65116
G1 Z45.068 X120.264 Y101.242 E1729.69321
G1 Z45.069 X120.225 Y100 E1729.73526
G1 Z45.070 X120.264 Y98.758 E1729.77731
G1 Z45.071 X120.381 Y97.522 E1729.81936
G1 Z45.073 X120.575 Y96.295 E1729.86141
G1 Z45.074 X120.846 Y95.082 E1729.90346
G1 Z45.075 X121.193 Y93.889 E1729.94551
G1 Z45.076 X121.614 Y92.72 E1729.98756
G1 Z45.077 X122.107 Y91.58 E1730.02961
G1 Z45.078 X122.671 Y90.473 E1730.07166
G1 Z45.079 X123.304 Y89.404 E1730.11371
G1 Z45.080 X123.738 Y88.765 E1730.13989
;LAYER_CHANGE
;Z:45.28
;HEIGHT:0.199997
G1 Z45.080 F600
G1 F6066
G1 Z45.080 X124.002 Y88.377 E1730.15576
G1 Z45.082 X124.763 Y87.395 E1730.19781
G1 Z45.083 X125.585 Y86.463 E1730.23986
G1 Z45.084 X126.463 Y85.585 E1730.28191
G1 Z45.085 X127.395 Y84.763 E1730.32396
G1 Z45.086 X128.377 Y84.002 E1730.36601
G1 Z45.087 X129.404 Y83.304 E1730.40806
G1 Z45.088 X130.473 Y82.671 E1730.45011
G1 Z45.089 X131.58 Y82.107 E1730.49216
G1 Z45.090 X132.72 Y81.614 E1730.53421
G1 Z45.092 X133.889 Y81.193 E1730.57626
G1 Z45.093 X135.082 Y80.846 E1730.61831
G1 Z45.094 X136.295 Y80.575 E1730.66036
G1 Z45.095 X137.522 Y80.381 E1730.70241
G1 Z45.096 X138.758 Y80.264 E1730.74446
G1 Z45.097 X140.004 Y80.225 E1730.78663
G1 Z45.111 X155.405 Y80.225 E1731.30796
G1 Z45.111 X155.405 Y80.525 E1731.31812
G1 Z45.114 X158.142 Y80.525 E1731.41074
G1 Z45.114 X158.142 Y80.225 E1731.42089
G1 Z45.115 X159.475 Y80.225 E1731.46603
G1 Z45.124 X159.475 Y90.225 E1731.80452
G1 Z45.125 X160.525 Y90.225 E1731.84006
G1 Z45.134 X160.525 Y80.225 E1732.17854
G1 Z45.151 X179.775 Y80.225 E1732.83013
G1 Z45.165 X179.775 Y95.405 E1733.34396
G1 Z45.165 X179.475 Y95.405 E1733.35411
G1 Z45.168 X179.475 Y98.141 E1733.44673
G1 Z45.168 X179.775 Y98.141 E1733.45689
G1 Z45.169 X179.775 Y99.475 E1733.50203
G1 Z45.178 X169.775 Y99.475 E1733.84052
G1 Z45.179 X169.775 Y100.525 E1733.87606
G1 Z45.188 X179.775 Y100.525 E1734.21455
G1 Z45.206 X179.775 Y119.775 E1734.86614
G1 Z45.241 X140.004 Y119.775 E1736.21236
G1 Z45.242 X138.758 Y119.736 E1736.25453
G1 Z45.244 X137.522 Y119.619 E1736.29658
G1 Z45.245 X136.295 Y119.425 E1736.33863
G1 Z45.246 X135.082 Y119.154 E1736.38068
G1 Z45.247 X133.889 Y118.807 E1736.42273
G1 Z45.248 X132.72 Y118.386 E1736.46478
G1 Z45.249 X131.58 Y117.893 E1736.50683
G1 Z45.250 X130.473 Y117.329 E1736.54888
G1 Z45.251 X129.404 Y116.696 E1736.59093
G1 Z45.252 X128.377 Y115.998 E1736.63298
G1 Z45.254 X127.395 Y115.237 E1736.67503
G1 Z45.255 X126.463 Y114.415 E1736.71708
G1 Z45.256 X125.585 Y113.537 E1736.75913
G1 Z45.257 X124.763 Y112.605 E1736.80118
G1 Z45.258 X124.002 Y111.623 E1736.84323
G1 Z45.259 X123.304 Y110.596 E1736.88528
G1 Z45.260 X122.671 Y109.527 E1736.92733
G1 Z45.261 X122.107 Y108.42 E1736.96938
G1 Z45.263 X121.614 Y107.28 E1737.01143
G1 Z45.264 X121.193 Y106.111 E1737.05348
G1 Z45.265 X120.846 Y104.918 E1737.09553
G1 Z45.266 X120.575 Y103.705 E1737.13758
G1 Z45.267 X120.381 Y102.478 E1737.17963
G1 Z45.268 X120.264 Y101.242 E1737.22168
G1 Z45.269 X120.225 Y100 E1737.26373
G1 Z45.270 X120.264 Y98.758 E1737.30578
G1 Z45.271 X120.381 Y97.522 E1737.34783
G1 Z45.273 X120.575 Y96.295 E1737.38988
G1 Z45.274 X120.846 Y95.082 E1737.43193
G1 Z45.275 X121.193 Y93.889 E1737.47398
G1 Z45.276 X121.614 Y92.72 E1737.51603
G1 Z45.277 X122.107 Y91.58 E1737.55808
G1 Z45.278 X122.671 Y90.473 E1737.60013
G1 Z45.279 X123.304 Y89.404 E1737.64218
G1 Z45.280 X123.738 Y88.765 E1737.66835
;LAYER_CHANGE
;Z:45.48
;HEIGHT:0.200001
G1 Z45.280 F600
G1 F6066
G1 Z45.280 X124.002 Y88.377 E1737.68423
G1 Z45.282 X124.763 Y87.395 E1737.72628
G1 Z45.283 X125.585 Y86.463 E1737.76833
G1 Z45.284 X126.463 Y85.585 E1737.81038
G1 Z45.285 X127.395 Y84.763 E1737.85243
G1 Z45.286 X128.377 Y84.002 E1737.89448
G1 Z45.287 X129.404 Y83.304 E1737.93653
G1 Z45.288 X130.473 Y82.671 E1737.97858
G1 Z45.289 X131.58 Y82.107 E1738.02063
G1 Z45.290 X132.72 Y81.614 E1738.06268
G1 Z45.292 X133.889 Y81.193 E1738.10473
G1 Z45.293 X135.082 Y80.846 E1738.14678
G1 Z45.294 X136.295 Y80.575 E1738.18883
G1 Z45.295 X137.522 Y80.381 E1738.23088
G1 Z45.296 X138.758 Y80.264 E1738.27293
G1 Z45.297 X140.004 Y80.225 E1738.3151
G1 Z45.311 X155.405 Y80.225 E1738.83642
G1 Z45.311 X155.405 Y80.525 E1738.84658
G1 Z45.313 X157.795 Y80.525 E1738.92747
G1 Z45.314 X157.795 Y80.225 E1738.93763
G1 Z45.315 X159.475 Y80.225 E1738.99449
G1 Z45.324 X159.475 Y90.225 E1739.33298
G1 Z45.325 X160.525 Y90.225 E1739.36852
G1 Z45.334 X160.525 Y80.225 E1739.70701
G1 Z45.351 X179.775 Y80.225 E1740.3586
G1 Z45.365 X179.775 Y95.405 E1740.87242
G1 Z45.365 X179.475 Y95.405 E1740.88257
G1 Z45.368 X179.475 Y97.795 E1740.96347
G1 Z45.368 X179.775 Y97.795 E1740.97362
G1 Z45.369 X179.775 Y99.475 E1741.0305
G1 Z45.378 X169.775 Y99.475 E1741.36898
G1 Z45.379 X169.775 Y100.525 E1741.40453
G1 Z45.388 X179.775 Y100.525 E1741.74301
G1 Z45.406 X179.775 Y119.775 E1742.3946
G1 Z45.441 X140.004 Y119.775 E1743.74082
G1 Z45.442 X138.758 Y119.736 E1743.78299
G1 Z45.444 X137.522 Y119.619 E1743.82504
G1 Z45.445 X136.295 Y119.425 E1743.86709
G1 Z45.446 X135.082 Y119.154 E1743.90914
G1 Z45.447 X133.889 Y118.807 E1743.95119
G1 Z45.448 X132.72 Y118.386 E1743.99324
G1 Z45.449 X131.58 Y117.893 E1744.03529
G1 Z45.450 X130.473 Y117.329 E1744.07734
G1 Z45.451 X129.404 Y116.696 E1744.11939
G1 Z45.452 X128.377 Y115.998 E1744.16144
G1 Z45.454 X127.395 Y115.237 E1744.20349
G1 Z45.455 X126.463 Y114.415 E1744.24554
G1 Z45.456 X125.585 Y113.537 E1744.28759
G1 Z45.457 X124.763 Y112.605 E1744.32964
G1 Z45.458 X124.002 Y111.623 E1744.37169
G1 Z45.459 X123.304 Y110.596 E1744.41374
G1 Z45.460 X122.671 Y109.527 E1744.45579
G1 Z45.461 X122.107 Y108.42 E1744.49784
G1 Z45.463 X121.614 Y107.28 E1744.53989
G1 Z45.464 X121.193 Y106.111 E1744.58194
G1 Z45.465 X120.846 Y104.918 E1744.62399
G1 Z45.466 X120.575 Y103.705 E1744.66604
G1 Z45.467 X120.381 Y102.478 E1744.70809
G1 Z45.468 X120.264 Y101.242 E1744.75014
G1 Z45.469 X120.225 Y100 E1744.79219
G1 Z45.470 X120.264 Y98.758 E1744.83424
G1 Z45.471 X120.381 Y97.522 E1744.87629
G1 Z45.473 X120.575 Y96.295 E1744.91834
G1 Z45.474 X120.846 Y95.082 E1744.96039
G1 Z45.475 X121.193 Y93.889 E1745.00244
G1 Z45.476 X121.614 Y92.72 E1745.04449
G1 Z45.477 X122.107 Y91.58 E1745.08654
G1 Z45.478 X122.671 Y90.473 E1745.12859
G1 Z45.479 X123.304 Y89.404 E1745.17064
G1 Z45.480 X123.738 Y88.765 E1745.19681
;LAYER_CHANGE
;Z:45.68
;HEIGHT:0.200001
G1 Z45.480 F600
G1 F6066
G1 Z45.480 X124.002 Y88.377 E1745.21269
G1 Z45.482 X124.763 Y87.395 E1745.25474
G1 Z45.483 X125.585 Y86.463 E1745.29679
G1 Z45.484 X126.463 Y85.585 E1745.33884
G1 Z45.485 X127.395 Y84.763 E1745.38089
G1 Z45.486 X128.377 Y84.002 E1745.42294
G1 Z45.487 X129.404 Y83.304 E1745.46499
G1 Z45.488 X130.473 Y82.671 E1745.50704
G1 Z45.489 X131.58 Y82.107 E1745.54909
G1 Z45.490 X132.72 Y81.614 E1745.59114
G1 Z45.492 X133.889 Y81.193 E1745.63319
G1 Z45.493 X135.082 Y80.846 E1745.67524
G1 Z45.494 X136.295 Y80.575 E1745.71729
G1 Z45.495 X137.522 Y80.381 E1745.75934
G1 Z45.496 X138.758 Y80.264 E1745.80139
G1 Z45.497 X140.004 Y80.225 E1745.84356
G1 Z45.511 X155.405 Y80.225 E1746.36489
G1 Z45.511 X155.405 Y80.525 E1746.37504
G1 Z45.513 X157.449 Y80.525 E1746.44421
G1 Z45.513 X157.449 Y80.225 E1746.45437
G1 Z45.515 X159.475 Y80.225 E1746.52295
G1 Z45.524 X159.475 Y90.225 E1746.86144
G1 Z45.525 X160.525 Y90.225 E1746.89698
G1 Z45.534 X160.525 Y80.225 E1747.23547
G1 Z45.551 X179.775 Y80.225 E1747.88706
G1 Z45.565 X179.775 Y95.405 E1748.40088
G1 Z45.565 X179.475 Y95.405 E1748.41104
G1 Z45.567 X179.475 Y97.448 E1748.48021
G1 Z45.567 X179.775 Y97.448 E1748.49036
G1 Z45.569 X179.775 Y99.475 E1748.55896
G1 Z45.578 X169.775 Y99.475 E1748.89745
G1 Z45.579 X169.775 Y100.525 E1748.93299
G1 Z45.588 X179.775 Y100.525 E1749.27148
G1 Z45.606 X179.775 Y119.775 E1749.92307
G1 Z45.641 X140.004 Y119.775 E1751.26928
G1 Z45.642 X138.758 Y119.736 E1751.31145
G1 Z45.644 X137.522 Y119.619 E1751.3535
G1 Z45.645 X136.295 Y119.425 E1751.39555
G1 Z45.646 X135.082 Y119.154 E1751.4376
G1 Z45.647 X133.889 Y118.807 E1751.47965
G1 Z45.648 X132.72 Y118.386 E1751.5217
G1 Z45.649 X131.58 Y117.893 E1751.56375
G1 Z45.650 X130.473 Y117.329 E1751.6058
G1 Z45.651 X129.404 Y116.696 E1751.64785
G1 Z45.652 X128.377 Y115.998 E1751.6899
G1 Z45.654 X127.395 Y115.237 E1751.73195
G1 Z45.655 X126.463 Y114.415 E1751.774
G1 Z45.656 X125.585 Y113.537 E1751.81605
G1 Z45.657 X124.763 Y112.605 E1751.8581
G1 Z45.658 X124.002 Y111.623 E1751.90015
G1 Z45.659 X123.304 Y110.596 E1751.9422
G1 Z45.660 X122.671 Y109.527 E1751.98425
G1 Z45.661 X122.107 Y108.42 E1752.0263
G1 Z45.663 X121.614 Y107.28 E1752.06835
G1 Z45.664 X121.193 Y106.111 E1752.1104
G1 Z45.665 X120.846 Y104.918 E1752.15245
G1 Z45.666 X120.575 Y103.705 E1752.1945
G1 Z45.667 X120.381 Y102.478 E1752.23655
G1 Z45.668 X120.264 Y101.242 E1752.2786
G1 Z45.669 X120.225 Y100 E1752.32065
G1 Z45.670 X120.264 Y98.758 E1752.3627
G1 Z45.671 X120.381 Y97.522 E1752.40475
G1 Z45.673 X120.575 Y96.295 E1752.4468
G1 Z45.674 X120.846 Y95.082 E1752.48885
G1 Z45.675 X121.193 Y93.889 E1752.5309
G1 Z45.676 X121.614 Y92.72 E1752.57295
G1 Z45.677 X122.107 Y91.58 E1752.615
G1 Z45.678 X122.671 Y90.473 E1752.65705
G1 Z45.679 X123.304 Y89.404 E1752.6991
G1 Z45.680 X123.738 Y88.765 E1752.72528
;LAYER_CHANGE
;Z:45.88
;HEIGHT:0.200001
G1 Z45.680 F600
G1 F6066
G1 Z45.680 X124.002 Y88.377 E1752.74115
G1 Z45.682 X124.763 Y87.395 E1752.7832
G1 Z45.683 X125.585 Y86.463 E1752.82525
G1 Z45.684 X126.463 Y85.585 E1752.8673
G1 Z45.685 X127.395 Y84.763 E1752.90935
G1 Z45.686 X128.377 Y84.002 E1752.9514
G1 Z45.687 X129.404 Y83.304 E1752.99345
G1 Z45.688 X130.473 Y82.671 E1753.0355
G1 Z45.689 X131.58 Y82.107 E1753.07755
G1 Z45.690 X132.72 Y81.614 E1753.1196
G1 Z45.692 X133.889 Y81.193 E1753.16165
G1 Z45.693 X135.082 Y80.846 E1753.2037
G1 Z45.694 X136.295 Y80.575 E1753.24575
G1 Z45.695 X137.522 Y80.381 E1753.2878
G1 Z45.696 X138.758 Y80.264 E1753.32985
G1 Z45.697 X140.004 Y80.225 E1753.37202
G1 Z45.711 X155.405 Y80.225 E1753.89335
G1 Z45.711 X155.405 Y80.525 E1753.90351
G1 Z45.713 X157.102 Y80.525 E1753.96095
G1 Z45.713 X157.102 Y80.225 E1753.97111
G1 Z45.715 X159.475 Y80.225 E1754.05142
G1 Z45.724 X159.475 Y90.225 E1754.38991
G1 Z45.725 X160.525 Y90.225 E1754.42545
G1 Z45.734 X160.525 Y80.225 E1754.76394
G1 Z45.751 X179.775 Y80.225 E1755.41553
G1 Z45.765 X179.775 Y95.405 E1755.92935
G1 Z45.765 X179.475 Y95.405 E1755.9395
G1 Z45.767 X179.475 Y97.102 E1755.99695
G1 Z45.767 X179.775 Y97.102 E1756.0071
G1 Z45.769 X179.775 Y99.475 E1756.08742
G1 Z45.778 X169.775 Y99.475 E1756.42591
G1 Z45.779 X169.775 Y100.525 E1756.46145
G1 Z45.788 X179.775 Y100.525 E1756.79994
G1 Z45.806 X179.775 Y119.775 E1757.45153
G1 Z45.841 X140.004 Y119.775 E1758.79775
G1 Z45.842 X138.758 Y119.736 E1758.83992
G1 Z45.844 X137.522 Y119.619 E1758.88197
G1 Z45.845 X136.295 Y119.425 E1758.92402
G1 Z45.846 X135.082 Y119.154 E1758.96607
G1 Z45.847 X133.889 Y118.807 E1759.00812
G1 Z45.848 X132.72 Y118.386 E1759.05017
G1 Z45.849 X131.58 Y117.893 E1759.09222
G1 Z45.850 X130.473 Y117.329 E1759.13427
G1 Z45.851 X129.404 Y116.696 E1759.17632
G1 Z45.852 X128.377 Y115.998 E1759.21837
G1 Z45.854 X127.395 Y115.237 E1759.26042
G1 Z45.855 X126.463 Y114.415 E1759.30247
G1 Z45.856 X125.585 Y113.537 E1759.34452
G1 Z45.857 X124.763 Y112.605 E1759.38657
G1 Z45.858 X124.002 Y111.623 E1759.42862
G1 Z45.859 X123.304 Y110.596 E1759.47067
G1 Z45.860 X122.671 Y109.527 E1759.51272
G1 Z45.861 X122.107 Y108.42 E1759.55477
G1 Z45.863 X121.614 Y107.28 E1759.59682
G1 Z45.864 X121.193 Y106.111 E1759.63887
G1 Z45.865 X120.846 Y104.918 E1759.68092
G1 Z45.866 X120.575 Y103.705 E1759.72297
G1 Z45.867 X120.381 Y102.478 E1759.76502
G1 Z45.868 X120.264 Y101.242 E1759.80707
G1 Z45.869 X120.225 Y100 E1759.84912
G1 Z45.870 X120.264 Y98.758 E1759.89117
G1 Z45.871 X120.381 Y97.522 E1759.93322
G1 Z45.873 X120.575 Y96.295 E1759.97527
G1 Z45.874 X120.846 Y95.082 E1760.01732
G1 Z45.875 X121.193 Y93.889 E1760.05937
G1 Z45.876 X121.614 Y92.72 E1760.10142
G1 Z45.877 X122.107 Y91.58 E1760.14347
G1 Z45.878 X122.671 Y90.473 E1760.18552
G1 Z45.879 X123.304 Y89.404 E1760.22757
G1 Z45.880 X123.738 Y88.765 E1760.25374
;LAYER_CHANGE
;Z:46.08
;HEIGHT:0.200001
G1 Z45.880 F600
G1 F6066
G1 Z45.880 X124.002 Y88.377 E1760.26962
G1 Z45.882 X124.763 Y87.395 E1760.31167
G1 Z45.883 X125.585 Y86.463 E1760.35372
G1 Z45.884 X126.463 Y85.585 E1760.39577
G1 Z45.885 X127.395 Y84.763 E1760.43782
G1 Z45.886 X128.377 Y84.002 E1760.47987
G1 Z45.887 X129.404 Y83.304 E1760.52192
G1 Z45.888 X130.473 Y82.671 E1760.56397
G1 Z45.889 X131.58 Y82.107 E1760.60602
G1 Z45.890 X132.72 Y81.614 E1760.64807
G1 Z45.892 X133.889 Y81.193 E1760.69012
G1 Z45.893 X135.082 Y80.846 E1760.73217
G1 Z45.894 X136.295 Y80.575 E1760.77422
G1 Z45.895 X137.522 Y80.381 E1760.81627
G1 Z45.896 X138.758 Y80.264 E1760.85832
G1 Z45.897 X140.004 Y80.225 E1760.90049
G1 Z45.911 X155.405 Y80.225 E1761.42182
G1 Z45.911 X155.405 Y80.525 E1761.43197
G1 Z45.913 X156.756 Y80.525 E1761.47769
G1 Z45.913 X156.756 Y80.225 E1761.48784
G1 Z45.915 X159.475 Y80.225 E1761.57988
G1 Z45.924 X159.475 Y90.225 E1761.91837
G1 Z45.925 X160.525 Y90.225 E1761.95391
G1 Z45.934 X160.525 Y80.225 E1762.2924
G1 Z45.951 X179.775 Y80.225 E1762.94399
G1 Z45.965 X179.775 Y95.405 E1763.45781
G1 Z45.965 X179.475 Y95.405 E1763.46797
G1 Z45.967 X179.475 Y96.756 E1763.51368
G1 Z45.967 X179.775 Y96.756 E1763.52384
G1 Z45.969 X179.775 Y99.475 E1763.61589
G1 Z45.978 X169.775 Y99.475 E1763.95438
G1 Z45.979 X169.775 Y100.525 E1763.98992
G1 Z45.988 X179.775 Y100.525 E1764.32841
G1 Z46.006 X179.775 Y119.775 E1764.98
G1 Z46.041 X140.004 Y119.775 E1766.32621
G1 Z46.042 X138.758 Y119.736 E1766.36838
G1 Z46.044 X137.522 Y119.619 E1766.41043
G1 Z46.045 X136.295 Y119.425 E1766.45248
G1 Z46.046 X135.082 Y119.154 E1766.49453
G1 Z46.047 X133.889 Y118.807 E1766.53658
G1 Z46.048 X132.72 Y118.386 E1766.57863
G1 Z46.049 X131.58 Y117.893 E1766.62068
G1 Z46.050 X130.473 Y117.329 E1766.66273
G1 Z46.051 X129.404 Y116.696 E1766.70478
G1 Z46.052 X128.377 Y115.998 E1766.74683
G1 Z46.054 X127.395 Y115.237 E1766.78888
G1 Z46.055 X126.463 Y114.415 E1766.83093
G1 Z46.056 X125.585 Y113.537 E1766.87298
G1 Z46.057 X124.763 Y112.605 E1766.91503
G1 Z46.058 X124.002 Y111.623 E1766.95708
G1 Z46.059 X123.304 Y110.596 E1766.99913
G1 Z46.060 X122.671 Y109.527 E1767.04118
G1 Z46.061 X122.107 Y108.42 E1767.08323
G1 Z46.063 X121.614 Y107.28 E1767.12528
G1 Z46.064 X121.193 Y106.111 E1767.16733
G1 Z46.065 X120.846 Y104.918 E1767.20938
G1 Z46.066 X120.575 Y103.705 E1767.25143
G1 Z46.067 X120.381 Y102.478 E1767.29348
G1 Z46.068 X120.264 Y101.242 E1767.33553
G1 Z46.069 X120.225 Y100 E1767.37758
G1 Z46.070 X120.264 Y98.758 E1767.41963
G1 Z46.071 X120.381 Y97.522 E1767.46168
G1 Z46.073 X120.575 Y96.295 E1767.50373
G1 Z46.074 X120.846 Y95.082 E1767.54578
G1 Z46.075 X121.193 Y93.889 E1767.58783
G1 Z46.076 X121.614 Y92.72 E1767.62988
G1 Z46.077 X122.107 Y91.58 E1767.67193
G1 Z46.078 X122.671 Y90.473 E1767.71398
G1 Z46.079 X123.304 Y89.404 E1767.75603
G1 Z46.080 X123.738 Y88.765 E1767.78221
;LAYER_CHANGE
;Z:46.28
;HEIGHT:0.199997
G1 Z46.080 F600
G1 F6066
G1 Z46.080 X124.002 Y88.377 E1767.79808
G1 Z46.082 X124.763 Y87.395 E1767.84013
G1 Z46.083 X125.585 Y86.463 E1767.88218
G1 Z46.084 X126.463 Y85.585 E1767.92423
G1 Z46.085 X127.395 Y84.763 E1767.96628
G1 Z46.086 X128.377 Y84.002 E1768.00833
G1 Z46.087 X129.404 Y83.304 E1768.05038
G1 Z46.088 X130.473 Y82.671 E1768.09243
G1 Z46.089 X131.58 Y82.107 E1768.13448
G1 Z46.090 X132.72 Y81.614 E1768.17653
G1 Z46.092 X133.889 Y81.193 E1768.21858
G1 Z46.093 X135.082 Y80.846 E1768.26063
G1 Z46.094 X136.295 Y80.575 E1768.30268
G1 Z46.095 X137.522 Y80.381 E1768.34473
G1 Z46.096 X138.758 Y80.264 E1768.38678
G1 Z46.097 X140.004 Y80.225 E1768.42895
G1 Z46.111 X155.405 Y80.225 E1768.95028
G1 Z46.111 X155.405 Y80.525 E1768.96043
G1 Z46.112 X156.409 Y80.525 E1768.99443
G1 Z46.112 X156.409 Y80.225 E1769.00458
G1 Z46.115 X159.475 Y80.225 E1769.10835
G1 Z46.124 X159.475 Y90.225 E1769.44683
G1 Z46.125 X160.525 Y90.225 E1769.48238
G1 Z46.134 X160.525 Y80.225 E1769.82086
G1 Z46.151 X179.775 Y80.225 E1770.47245
G1 Z46.165 X179.775 Y95.405 E1770.98628
G1 Z46.165 X179.475 Y95.405 E1770.99643
G1 Z46.166 X179.475 Y96.409 E1771.03042
G1 Z46.167 X179.775 Y96.409 E1771.04058
G1 Z46.169 X179.775 Y99.475 E1771.14435
G1 Z46.178 X169.775 Y99.475 E1771.48284
G1 Z46.179 X169.775 Y100.525 E1771.51838
G1 Z46.188 X179.775 Y100.525 E1771.85687
G1 Z46.206 X179.775 Y119.775 E1772.50846
G1 Z46.241 X140.004 Y119.775 E1773.85467
G1 Z46.242 X138.758 Y119.736 E1773.89685
G1 Z46.244 X137.522 Y119.619 E1773.9389
G1 Z46.245 X136.295 Y119.425 E1773.98095
G1 Z46.246 X135.082 Y119.154 E1774.023
G1 Z46.247 X133.889 Y118.807 E1774.06505
G1 Z46.248 X132.72 Y118.386 E1774.1071
G1 Z46.249 X131.58 Y117.893 E1774.14915
G1 Z46.250 X130.473 Y117.329 E1774.1912
G1 Z46.251 X129.404 Y116.696 E1774.23325
G1 Z46.252 X128.377 Y115.998 E1774.2753
G1 Z46.254 X127.395 Y115.237 E1774.31735
G1 Z46.255 X126.463 Y114.415 E1774.3594
G1 Z46.256 X125.585 Y113.537 E1774.40145
G1 Z46.257 X124.763 Y112.605 E1774.4435
G1 Z46.258 X124.002 Y111.623 E1774.48555
G1 Z46.259 X123.304 Y110.596 E1774.5276
G1 Z46.260 X122.671 Y109.527 E1774.56965
G1 Z46.261 X122.107 Y108.42 E1774.6117
G1 Z46.263 X121.614 Y107.28 E1774.65375
G1 Z46.264 X121.193 Y106.111 E1774.6958
G1 Z46.265 X120.846 Y104.918 E1774.73785
G1 Z46.266 X120.575 Y103.705 E1774.7799
G1 Z46.267 X120.381 Y102.478 E1774.82194
G1 Z46.268 X120.264 Y101.242 E1774.864
G1 Z46.269 X120.225 Y100 E1774.90605
G1 Z46.270 X120.264 Y98.758 E1774.9481
G1 Z46.271 X120.381 Y97.522 E1774.99015
G1 Z46.273 X120.575 Y96.295 E1775.0322
G1 Z46.274 X120.846 Y95.082 E1775.07425
G1 Z46.275 X121.193 Y93.889 E1775.1163
G1 Z46.276 X121.614 Y92.72 E1775.15835
G1 Z46.277 X122.107 Y91.58 E1775.2004
G1 Z46.278 X122.671 Y90.473 E1775.24245
G1 Z46.279 X123.304 Y89.404 E1775.2845
G1 Z46.280 X123.738 Y88.765 E1775.31067
;LAYER_CHANGE
;Z:46.48
;HEIGHT:0.200001
G1 Z46.280 F600
G1 F6066
G1 Z46.280 X124.002 Y88.377 E1775.32655
G1 Z46.282 X124.763 Y87.395 E1775.3686
G1 Z46.283 X125.585 Y86.463 E1775.41065
G1 Z46.284 X126.463 Y85.585 E1775.45269
G1 Z46.285 X127.395 Y84.763 E1775.49474
G1 Z46.286 X128.377 Y84.002 E1775.5368
G1 Z46.287 X129.404 Y83.304 E1775.57885
G1 Z46.288 X130.473 Y82.671 E1775.62089
G1 Z46.289 X131.58 Y82.107 E1775.66295
G1 Z46.290 X132.72 Y81.614 E1775.70499
G1 Z46.292 X133.889 Y81.193 E1775.74705
G1 Z46.293 X135.082 Y80.846 E1775.78909
G1 Z46.294 X136.295 Y80.575 E1775.83115
G1 Z46.295 X137.522 Y80.381 E1775.87319
G1 Z46.296 X138.758 Y80.264 E1775.91525
G1 Z46.297 X140.004 Y80.225 E1775.95742
G1 Z46.311 X155.405 Y80.225 E1776.47874
G1 Z46.311 X155.405 Y80.525 E1776.4889
G1 Z46.312 X156.063 Y80.525 E1776.51117
G1 Z46.312 X156.063 Y80.225 E1776.52132
G1 Z46.315 X159.475 Y80.225 E1776.63681
G1 Z46.324 X159.475 Y90.225 E1776.9753
G1 Z46.325 X160.525 Y90.225 E1777.01084
G1 Z46.334 X160.525 Y80.225 E1777.34933
G1 Z46.351 X179.775 Y80.225 E1778.00092
G1 Z46.365 X179.775 Y95.405 E1778.51474
G1 Z46.365 X179.475 Y95.405 E1778.52489
G1 Z46.366 X179.475 Y96.063 E1778.54716
G1 Z46.366 X179.775 Y96.063 E1778.55732
G1 Z46.369 X179.775 Y99.475 E1778.67282
G1 Z46.378 X169.775 Y99.475 E1779.0113
G1 Z46.379 X169.775 Y100.525 E1779.04685
G1 Z46.388 X179.775 Y100.525 E1779.38533
G1 Z46.406 X179.775 Y119.775 E1780.03692
G1 Z46.441 X140.004 Y119.775 E1781.38314
G1 Z46.442 X138.758 Y119.736 E1781.42531
G1 Z46.444 X137.522 Y119.619 E1781.46736
G1 Z46.445 X136.295 Y119.425 E1781.50941
G1 Z46.446 X135.082 Y119.154 E1781.55146
G1 Z46.447 X133.889 Y118.807 E1781.59351
G1 Z46.448 X132.72 Y118.386 E1781.63556
G1 Z46.449 X131.58 Y117.893 E1781.67761
G1 Z46.450 X130.473 Y117.329 E1781.71966
G1 Z46.451 X129.404 Y116.696 E1781.76171
G1 Z46.452 X128.377 Y115.998 E1781.80376
G1 Z46.454 X127.395 Y115.237 E1781.84581
G1 Z46.455 X126.463 Y114.415 E1781.88786
G1 Z46.456 X125.585 Y113.537 E1781.92991
G1 Z46.457 X124.763 Y112.605 E1781.97196
G1 Z46.458 X124.002 Y111.623 E1782.01401
G1 Z46.459 X123.304 Y110.596 E1782.05606
G1 Z46.460 X122.671 Y109.527 E1782.09811
G1 Z46.461 X122.107 Y108.42 E1782.14016
G1 Z46.463 X121.614 Y107.28 E1782.18221
G1 Z46.464 X121.193 Y106.111 E1782.22426
G1 Z46.465 X120.846 Y104.918 E1782.26631
G1 Z46.466 X120.575 Y103.705 E1782.30836
G1 Z46.467 X120.381 Y102.478 E1782.35041
G1 Z46.468 X120.264 Y101.242 E1782.39246
G1 Z46.469 X120.225 Y100 E1782.43451
G1 Z46.470 X120.264 Y98.758 E1782.47656
G1 Z46.471 X120.381 Y97.522 E1782.51861
G1 Z46.473 X120.575 Y96.295 E1782.56066
G1 Z46.474 X120.846 Y95.082 E1782.60271
G1 Z46.475 X121.193 Y93.889 E1782.64476
G1 Z46.476 X121.614 Y92.72 E1782.68681
G1 Z46.477 X122.107 Y91.58 E1782.72886
G1 Z46.478 X122.671 Y90.473 E1782.77091
G1 Z46.479 X123.304 Y89.404 E1782.81296
G1 Z46.480 X123.738 Y88.765 E1782.83913
;LAYER_CHANGE
;Z:46.68
;HEIGHT:0.200001
G1 Z46.480 F600
G1 F6052
G1 Z46.480 X124.002 Y88.377 E1782.85501
G1 Z46.482 X124.763 Y87.395 E1782.89706
G1 Z46.483 X125.585 Y86.463 E1782.93911
G1 Z46.484 X126.463 Y85.585 E1782.98116
G1 Z46.485 X127.395 Y84.763 E1783.02321
G1 Z46.486 X128.377 Y84.002 E1783.06526
G1 Z46.487 X129.404 Y83.304 E1783.10731
G1 Z46.488 X130.473 Y82.671 E1783.14936
G1 Z46.489 X131.58 Y82.107 E1783.19141
G1 Z46.491 X132.72 Y81.614 E1783.23346
G1 Z46.492 X133.889 Y81.193 E1783.27551
G1 Z46.493 X135.082 Y80.846 E1783.31756
G1 Z46.494 X136.295 Y80.575 E1783.35961
G1 Z46.495 X137.522 Y80.381 E1783.40166
G1 Z46.496 X138.758 Y80.264 E1783.44371
G1 Z46.497 X140.004 Y80.225 E1783.48588
G1 Z46.515 X159.475 Y80.225 E1784.14496
G1 Z46.524 X159.475 Y90.225 E1784.48345
G1 Z46.525 X160.525 Y90.225 E1784.51899
G1 Z46.534 X160.525 Y80.225 E1784.85748
G1 Z46.551 X179.775 Y80.225 E1785.50907
G1 Z46.569 X179.775 Y99.475 E1786.16066
G1 Z46.578 X169.775 Y99.475 E1786.49915
G1 Z46.579 X169.775 Y100.525 E1786.53469
G1 Z46.588 X179.775 Y100.525 E1786.87318
G1 Z46.605 X179.775 Y119.775 E1787.52477
G1 Z46.641 X140.004 Y119.775 E1788.87098
G1 Z46.642 X138.758 Y119.736 E1788.91316
G1 Z46.643 X137.522 Y119.619 E1788.9552
G1 Z46.644 X136.295 Y119.425 E1788.99725
G1 Z46.646 X135.082 Y119.154 E1789.03931
G1 Z46.647 X133.889 Y118.807 E1789.08135
G1 Z46.648 X132.72 Y118.386 E1789.12341
G1 Z46.649 X131.58 Y117.893 E1789.16545
G1 Z46.650 X130.473 Y117.329 E1789.2075
G1 Z46.651 X129.404 Y116.696 E1789.24955
G1 Z46.652 X128.377 Y115.998 E1789.2916
G1 Z46.653 X127.395 Y115.237 E1789.33365
G1 Z46.655 X126.463 Y114.415 E1789.3757
G1 Z46.656 X125.585 Y113.537 E1789.41775
G1 Z46.657 X124.763 Y112.605 E1789.4598
G1 Z46.658 X124.002 Y111.623 E1789.50185
G1 Z46.659 X123.304 Y110.596 E1789.5439
G1 Z46.660 X122.671 Y109.527 E1789.58595
G1 Z46.661 X122.107 Y108.42 E1789.628
G1 Z46.662 X121.614 Y107.28 E1789.67005
G1 Z46.664 X121.193 Y106.111 E1789.7121
G1 Z46.665 X120.846 Y104.918 E1789.75415
G1 Z46.666 X120.575 Y103.705 E1789.7962
G1 Z46.667 X120.381 Y102.478 E1789.83825
G1 Z46.668 X120.264 Y101.242 E1789.8803
G1 Z46.669 X120.225 Y100 E1789.92235
G1 Z46.670 X120.264 Y98.758 E1789.9644
G1 Z46.671 X120.381 Y97.522 E1790.00645
G1 Z46.673 X120.575 Y96.295 E1790.0485
G1 Z46.674 X120.846 Y95.082 E1790.09055
G1 Z46.675 X121.193 Y93.889 E1790.1326
G1 Z46.676 X121.614 Y92.72 E1790.17465
G1 Z46.677 X122.107 Y91.58 E1790.2167
G1 Z46.678 X122.671 Y90.473 E1790.25875
G1 Z46.679 X123.304 Y89.404 E1790.3008
G1 Z46.680 X123.738 Y88.765 E1790.32698
;LAYER_CHANGE
;Z:46.88
;HEIGHT:0.200001
G1 Z46.680 F600
G1 F6052
G1 Z46.680 X124.002 Y88.377 E1790.34285
G1 Z46.682 X124.763 Y87.395 E1790.38491
G1 Z46.683 X125.585 Y86.463 E1790.42695
G1 Z46.684 X126.463 Y85.585 E1790.469
G1 Z46.685 X127.395 Y84.763 E1790.51105
G1 Z46.686 X128.377 Y84.002 E1790.5531
G1 Z46.687 X129.404 Y83.304 E1790.59515
G1 Z46.688 X130.473 Y82.671 E1790.6372
G1 Z46.689 X131.58 Y82.107 E1790.67925
G1 Z46.691 X132.72 Y81.614 E1790.7213
G1 Z46.692 X133.889 Y81.193 E1790.76335
G1 Z46.693 X135.082 Y80.846 E1790.8054
G1 Z46.694 X136.295 Y80.575 E1790.84745
G1 Z46.695 X137.522 Y80.381 E1790.8895
G1 Z46.696 X138.758 Y80.264 E1790.93155
G1 Z46.697 X140.004 Y80.225 E1790.97373
G1 Z46.715 X159.475 Y80.225 E1791.63281
G1 Z46.724 X159.475 Y90.225 E1791.9713
G1 Z46.725 X160.525 Y90.225 E1792.00684
G1 Z46.734 X160.525 Y80.225 E1792.34533
G1 Z46.751 X179.775 Y80.225 E1792.99692
G1 Z46.769 X179.775 Y99.475 E1793.64851
G1 Z46.778 X169.775 Y99.475 E1793.98699
G1 Z46.779 X169.775 Y100.525 E1794.02254
G1 Z46.788 X179.775 Y100.525 E1794.36102
G1 Z46.805 X179.775 Y119.775 E1795.01261
G1 Z46.841 X140.004 Y119.775 E1796.35883
G1 Z46.842 X138.758 Y119.736 E1796.401
G1 Z46.843 X137.522 Y119.619 E1796.44305
G1 Z46.844 X136.295 Y119.425 E1796.4851
G1 Z46.846 X135.082 Y119.154 E1796.52715
G1 Z46.847 X133.889 Y118.807 E1796.5692
G1 Z46.848 X132.72 Y118.386 E1796.61125
G1 Z46.849 X131.58 Y117.893 E1796.6533
G1 Z46.850 X130.473 Y117.329 E1796.69535
G1 Z46.851 X129.404 Y116.696 E1796.7374
G1 Z46.852 X128.377 Y115.998 E1796.77945
G1 Z46.853 X127.395 Y115.237 E1796.8215
G1 Z46.855 X126.463 Y114.415 E1796.86355
G1 Z46.856 X125.585 Y113.537 E1796.9056
G1 Z46.857 X124.763 Y112.605 E1796.94765
G1 Z46.858 X124.216 Y111.899 E1796.97789
G1 Z46.858 X124.002 Y111.623 E1796.9897
G1 Z46.859 X123.304 Y110.596 E1797.03175
G1 Z46.860 X122.671 Y109.527 E1797.0738
G1 Z46.861 X122.107 Y108.42 E1797.11585
G1 Z46.862 X121.614 Y107.28 E1797.1579
G1 Z46.864 X121.193 Y106.111 E1797.19995
G1 Z46.865 X120.846 Y104.918 E1797.242
G1 Z46.866 X120.575 Y103.705 E1797.28405
G1 Z46.867 X120.381 Y102.478 E1797.3261
G1 Z46.868 X120.264 Y101.242 E1797.36815
G1 Z46.869 X120.225 Y100 E1797.4102
G1 Z46.870 X120.264 Y98.758 E1797.45225
G1 Z46.871 X120.381 Y97.522 E1797.4943
G1 Z46.873 X120.575 Y96.295 E1797.53635
G1 Z46.874 X120.846 Y95.082 E1797.5784
G1 Z46.875 X121.193 Y93.889 E1797.62045
G1 Z46.876 X121.614 Y92.72 E1797.6625
G1 Z46.877 X122.107 Y91.58 E1797.70455
G1 Z46.878 X122.671 Y90.473 E1797.7466
G1 Z46.879 X123.304 Y89.404 E1797.78865
G1 Z46.880 X123.738 Y88.765 E1797.81482
;LAYER_CHANGE
;Z:47.08
;HEIGHT:0.200001
G1 Z46.880 F600
G1 F6052
G1 Z46.880 X124.002 Y88.377 E1797.8307
G1 Z46.882 X124.763 Y87.395 E1797.87275
G1 Z46.883 X125.585 Y86.463 E1797.9148
G1 Z46.884 X126.463 Y85.585 E1797.95685
G1 Z46.885 X127.395 Y84.763 E1797.9989
G1 Z46.886 X128.377 Y84.002 E1798.04095
G1 Z46.887 X129.404 Y83.304 E1798.083
G1 Z46.888 X130.473 Y82.671 E1798.12505
G1 Z46.889 X131.58 Y82.107 E1798.1671
G1 Z46.891 X132.72 Y81.614 E1798.20915
G1 Z46.892 X133.889 Y81.193 E1798.2512
G1 Z46.893 X135.082 Y80.846 E1798.29325
G1 Z46.894 X136.295 Y80.575 E1798.3353
G1 Z46.895 X137.522 Y80.381 E1798.37735
G1 Z46.896 X138.758 Y80.264 E1798.4194
G1 Z46.897 X140.004 Y80.225 E1798.46157
G1 Z46.915 X159.475 Y80.225 E1799.12066
G1 Z46.924 X159.475 Y90.225 E1799.45914
G1 Z46.925 X160.525 Y90.225 E1799.49468
G1 Z46.934 X160.525 Y80.225 E1799.83317
G1 Z46.951 X179.775 Y80.225 E1800.48476
G1 Z46.969 X179.775 Y99.475 E1801.13635
G1 Z46.978 X169.775 Y99.475 E1801.47484
G1 Z46.979 X169.775 Y100.525 E1801.51038
G1 Z46.988 X179.775 Y100.525 E1801.84887
G1 Z47.005 X179.775 Y119.775 E1802.50046
G1 Z47.041 X140.004 Y119.775 E1803.84667
G1 Z47.042 X138.758 Y119.736 E1803.88885
G1 Z47.043 X137.522 Y119.619 E1803.9309
G1 Z47.044 X136.295 Y119.425 E1803.97295
G1 Z47.046 X135.082 Y119.154 E1804.015
G1 Z47.047 X133.889 Y118.807 E1804.05704
G1 Z47.048 X132.72 Y118.386 E1804.0991
G1 Z47.049 X131.58 Y117.893 E1804.14114
G1 Z47.050 X130.473 Y117.329 E1804.1832
G1 Z47.051 X129.404 Y116.696 E1804.22525
G1 Z47.052 X128.377 Y115.998 E1804.2673
G1 Z47.053 X127.395 Y115.237 E1804.30935
G1 Z47.055 X126.463 Y114.415 E1804.3514
G1 Z47.056 X125.585 Y113.537 E1804.39345
G1 Z47.057 X124.763 Y112.605 E1804.43549
G1 Z47.058 X124.002 Y111.623 E1804.47754
G1 Z47.059 X123.304 Y110.596 E1804.51959
G1 Z47.060 X122.671 Y109.527 E1804.56165
G1 Z47.061 X122.107 Y108.42 E1804.6037
G1 Z47.062 X121.614 Y107.28 E1804.64574
G1 Z47.064 X121.193 Y106.111 E1804.6878
G1 Z47.065 X120.846 Y104.918 E1804.72984
G1 Z47.066 X120.575 Y103.705 E1804.7719
G1 Z47.067 X120.381 Y102.478 E1804.81394
G1 Z47.068 X120.264 Y101.242 E1804.856
G1 Z47.069 X120.225 Y100 E1804.89804
G1 Z47.070 X120.264 Y98.758 E1804.94009
G1 Z47.071 X120.381 Y97.522 E1804.98215
G1 Z47.073 X120.575 Y96.295 E1805.02419
G1 Z47.074 X120.846 Y95.082 E1805.06625
G1 Z47.075 X121.193 Y93.889 E1805.10829
G1 Z47.076 X121.614 Y92.72 E1805.15035
G1 Z47.077 X122.107 Y91.58 E1805.19239
G1 Z47.078 X122.671 Y90.473 E1805.23444
G1 Z47.079 X123.304 Y89.404 E1805.27649
G1 Z47.080 X123.738 Y88.765 E1805.30267
;LAYER_CHANGE
;Z:47.28
;HEIGHT:0.199997
G1 Z47.080 F600
G1 F6052
G1 Z47.080 X124.002 Y88.377 E1805.31854
G1 Z47.082 X124.763 Y87.395 E1805.3606
G1 Z47.083 X125.585 Y86.463 E1805.40264
G1 Z47.084 X126.463 Y85.585 E1805.44469
G1 Z47.085 X127.395 Y84.763 E1805.48674
G1 Z47.086 X128.377 Y84.002 E1805.5288
G1 Z47.087 X129.404 Y83.304 E1805.57084
G1 Z47.088 X130.473 Y82.671 E1805.61289
G1 Z47.089 X131.58 Y82.107 E1805.65494
G1 Z47.091 X132.72 Y81.614 E1805.69699
G1 Z47.092 X133.889 Y81.193 E1805.73904
G1 Z47.093 X135.082 Y80.846 E1805.78109
G1 Z47.094 X136.295 Y80.575 E1805.82314
G1 Z47.095 X137.522 Y80.381 E1805.86519
G1 Z47.096 X138.758 Y80.264 E1805.90724
G1 Z47.097 X140.004 Y80.225 E1805.94942
G1 Z47.115 X159.475 Y80.225 E1806.6085
G1 Z47.124 X159.475 Y90.225 E1806.94699
G1 Z47.125 X160.525 Y90.225 E1806.98253
G1 Z47.134 X160.525 Y80.225 E1807.32102
G1 Z47.151 X179.775 Y80.225 E1807.97261
G1 Z47.169 X179.775 Y99.475 E1808.6242
G1 Z47.178 X169.775 Y99.475 E1808.96269
G1 Z47.179 X169.775 Y100.525 E1808.99823
G1 Z47.188 X179.775 Y100.525 E1809.33671
G1 Z47.205 X179.775 Y119.775 E1809.9883
G1 Z47.241 X140.004 Y119.775 E1811.33452
G1 Z47.242 X138.758 Y119.736 E1811.37669
G1 Z47.243 X137.522 Y119.619 E1811.41874
G1 Z47.244 X136.295 Y119.425 E1811.46079
G1 Z47.246 X135.082 Y119.154 E1811.50284
G1 Z47.247 X133.889 Y118.807 E1811.54489
G1 Z47.248 X132.72 Y118.386 E1811.58694
G1 Z47.249 X131.58 Y117.893 E1811.62899
G1 Z47.250 X130.473 Y117.329 E1811.67104
G1 Z47.251 X129.404 Y116.696 E1811.71309
G1 Z47.252 X128.377 Y115.998 E1811.75514
G1 Z47.253 X127.395 Y115.237 E1811.79719
G1 Z47.255 X126.463 Y114.415 E1811.83924
G1 Z47.256 X125.585 Y113.537 E1811.88129
G1 Z47.257 X124.763 Y112.605 E1811.92334
G1 Z47.258 X124.002 Y111.623 E1811.96539
G1 Z47.259 X123.304 Y110.596 E1812.00744
G1 Z47.260 X122.671 Y109.527 E1812.04949
G1 Z47.261 X122.107 Y108.42 E1812.09154
G1 Z47.262 X121.614 Y107.28 E1812.13359
G1 Z47.264 X121.193 Y106.111 E1812.17564
G1 Z47.265 X120.846 Y104.918 E1812.21769
G1 Z47.266 X120.575 Y103.705 E1812.25974
G1 Z47.267 X120.381 Y102.478 E1812.30179
G1 Z47.268 X120.264 Y101.242 E1812.34384
G1 Z47.269 X120.225 Y100 E1812.38589
G1 Z47.270 X120.264 Y98.758 E1812.42794
G1 Z47.271 X120.381 Y97.522 E1812.46999
G1 Z47.273 X120.575 Y96.295 E1812.51204
G1 Z47.274 X120.846 Y95.082 E1812.55409
G1 Z47.275 X121.193 Y93.889 E1812.59614
G1 Z47.276 X121.614 Y92.72 E1812.63819
G1 Z47.277 X122.107 Y91.58 E1812.68024
G1 Z47.278 X122.671 Y90.473 E1812.72229
G1 Z47.279 X123.304 Y89.404 E1812.76434
G1 Z47.280 X123.738 Y88.765 E1812.79051
;LAYER_CHANGE
;Z:47.48
;HEIGHT:0.200001
G1 Z47.280 F600
G1 F6052
G1 Z47.280 X124.002 Y88.377 E1812.80639
G1 Z47.282 X124.763 Y87.395 E1812.84844
G1 Z47.283 X125.585 Y86.463 E1812.89049
G1 Z47.284 X126.463 Y85.585 E1812.93254
G1 Z47.285 X127.395 Y84.763 E1812.97459
G1 Z47.286 X128.377 Y84.002 E1813.01664
G1 Z47.287 X129.404 Y83.304 E1813.05869
G1 Z47.288 X130.473 Y82.671 E1813.10074
G1 Z47.289 X131.58 Y82.107 E1813.14279
G1 Z47.291 X132.72 Y81.614 E1813.18484
G1 Z47.292 X133.889 Y81.193 E1813.22689
G1 Z47.293 X135.082 Y80.846 E1813.26894
G1 Z47.294 X136.295 Y80.575 E1813.31099
G1 Z47.295 X137.522 Y80.381 E1813.35304
G1 Z47.296 X138.758 Y80.264 E1813.39509
G1 Z47.297 X140.004 Y80.225 E1813.43726
G1 Z47.315 X159.475 Y80.225 E1814.09635
G1 Z47.324 X159.475 Y90.225 E1814.43483
G1 Z47.325 X160.525 Y90.225 E1814.47037
G1 Z47.334 X160.525 Y80.225 E1814.80886
G1 Z47.351 X179.775 Y80.225 E1815.46045
G1 Z47.369 X179.775 Y99.475 E1816.11204
G1 Z47.378 X169.775 Y99.475 E1816.45053
G1 Z47.379 X169.775 Y100.525 E1816.48607
G1 Z47.388 X179.775 Y100.525 E1816.82456
G1 Z47.405 X179.775 Y119.775 E1817.47615
G1 Z47.441 X140.004 Y119.775 E1818.82236
G1 Z47.442 X138.758 Y119.736 E1818.86454
G1 Z47.443 X137.522 Y119.619 E1818.90659
G1 Z47.444 X136.295 Y119.425 E1818.94864
G1 Z47.446 X135.082 Y119.154 E1818.99069
G1 Z47.447 X133.889 Y118.807 E1819.03274
G1 Z47.448 X132.72 Y118.386 E1819.07479
G1 Z47.449 X131.58 Y117.893 E1819.11684
G1 Z47.450 X130.473 Y117.329 E1819.15889
G1 Z47.451 X129.404 Y116.696 E1819.20094
G1 Z47.452 X128.377 Y115.998 E1819.24299
G1 Z47.453 X127.395 Y115.237 E1819.28504
G1 Z47.455 X126.463 Y114.415 E1819.32709
G1 Z47.456 X125.585 Y113.537 E1819.36914
G1 Z47.457 X124.763 Y112.605 E1819.41119
G1 Z47.458 X124.002 Y111.623 E1819.45324
G1 Z47.459 X123.304 Y110.596 E1819.49529
G1 Z47.460 X122.671 Y109.527 E1819.53734
G1 Z47.461 X122.107 Y108.42 E1819.57939
G1 Z47.462 X121.614 Y107.28 E1819.62144
G1 Z47.464 X121.193 Y106.111 E1819.66349
G1 Z47.465 X120.846 Y104.918 E1819.70554
G1 Z47.466 X120.575 Y103.705 E1819.74759
G1 Z47.467 X120.381 Y102.478 E1819.78964
G1 Z47.468 X120.264 Y101.242 E1819.83169
G1 Z47.469 X120.225 Y100 E1819.87374
G1 Z47.470 X120.264 Y98.758 E1819.91579
G1 Z47.471 X120.381 Y97.522 E1819.95784
G1 Z47.473 X120.575 Y96.295 E1819.99989
G1 Z47.474 X120.846 Y95.082 E1820.04194
G1 Z47.475 X121.193 Y93.889 E1820.08399
G1 Z47.476 X121.614 Y92.72 E1820.12604
G1 Z47.477 X122.107 Y91.58 E1820.16809
G1 Z47.478 X122.671 Y90.473 E1820.21014
G1 Z47.479 X123.304 Y89.404 E1820.25219
G1 Z47.480 X123.738 Y88.765 E1820.27836
;LAYER_CHANGE
;Z:47.68
;HEIGHT:0.200001
G1 Z47.480 F600
G1 F6052
G1 Z47.480 X124.002 Y88.377 E1820.29424
G1 Z47.482 X124.763 Y87.395 E1820.33629
G1 Z47.483 X125.585 Y86.463 E1820.37834
G1 Z47.484 X126.463 Y85.585 E1820.42039
G1 Z47.485 X127.395 Y84.763 E1820.46244
G1 Z47.486 X128.377 Y84.002 E1820.50449
G1 Z47.487 X129.404 Y83.304 E1820.54654
G1 Z47.488 X130.473 Y82.671 E1820.58858
G1 Z47.489 X131.58 Y82.107 E1820.63064
G1 Z47.491 X132.72 Y81.614 E1820.67268
G1 Z47.492 X133.889 Y81.193 E1820.71474
G1 Z47.493 X135.082 Y80.846 E1820.75678
G1 Z47.494 X136.295 Y80.575 E1820.79884
G1 Z47.495 X137.522 Y80.381 E1820.84088
G1 Z47.496 X138.758 Y80.264 E1820.88294
G1 Z47.497 X140.004 Y80.225 E1820.92511
G1 Z47.515 X159.475 Y80.225 E1821.58419
G1 Z47.524 X159.475 Y90.225 E1821.92268
G1 Z47.525 X160.525 Y90.225 E1821.95822
G1 Z47.534 X160.525 Y80.225 E1822.29671
G1 Z47.551 X179.775 Y80.225 E1822.9483
G1 Z47.569 X179.775 Y99.475 E1823.59989
G1 Z47.578 X169.775 Y99.475 E1823.93838
G1 Z47.579 X169.775 Y100.525 E1823.97392
G1 Z47.588 X179.775 Y100.525 E1824.3124
G1 Z47.605 X179.775 Y119.775 E1824.96399
G1 Z47.641 X140.004 Y119.775 E1826.31021
G1 Z47.642 X138.758 Y119.736 E1826.35238
G1 Z47.643 X137.522 Y119.619 E1826.39443
G1 Z47.644 X136.295 Y119.425 E1826.43648
G1 Z47.646 X135.082 Y119.154 E1826.47853
G1 Z47.647 X133.889 Y118.807 E1826.52058
G1 Z47.648 X132.72 Y118.386 E1826.56263
G1 Z47.649 X131.58 Y117.893 E1826.60468
G1 Z47.650 X130.473 Y117.329 E1826.64673
G1 Z47.651 X129.404 Y116.696 E1826.68878
G1 Z47.652 X128.377 Y115.998 E1826.73083
G1 Z47.653 X127.395 Y115.237 E1826.77288
G1 Z47.655 X126.463 Y114.415 E1826.81493
G1 Z47.656 X125.585 Y113.537 E1826.85698
G1 Z47.657 X124.763 Y112.605 E1826.89903
G1 Z47.658 X124.002 Y111.623 E1826.94108
G1 Z47.659 X123.304 Y110.596 E1826.98313
G1 Z47.660 X122.671 Y109.527 E1827.02518
G1 Z47.661 X122.107 Y108.42 E1827.06723
G1 Z47.662 X121.614 Y107.28 E1827.10928
G1 Z47.664 X121.193 Y106.111 E1827.15133
G1 Z47.665 X120.846 Y104.918 E1827.19338
G1 Z47.666 X120.575 Y103.705 E1827.23543
G1 Z47.667 X120.381 Y102.478 E1827.27748
G1 Z47.668 X120.264 Y101.242 E1827.31953
G1 Z47.669 X120.225 Y100 E1827.36158
G1 Z47.670 X120.264 Y98.758 E1827.40363
G1 Z47.671 X120.381 Y97.522 E1827.44568
G1 Z47.673 X120.575 Y96.295 E1827.48773
G1 Z47.674 X120.846 Y95.082 E1827.52978
G1 Z47.675 X121.193 Y93.889 E1827.57183
G1 Z47.676 X121.614 Y92.72 E1827.61388
G1 Z47.677 X122.107 Y91.58 E1827.65593
G1 Z47.678 X122.671 Y90.473 E1827.69798
G1 Z47.679 X123.304 Y89.404 E1827.74003
G1 Z47.680 X123.738 Y88.765 E1827.76621
;LAYER_CHANGE
;Z:47.88
;HEIGHT:0.200001
G1 Z47.680 F600
G1 F6052
G1 Z47.680 X124.002 Y88.377 E1827.78208
G1 Z47.682 X124.763 Y87.395 E1827.82413
G1 Z47.683 X125.585 Y86.463 E1827.86618
G1 Z47.684 X126.463 Y85.585 E1827.90823
G1 Z47.685 X127.395 Y84.763 E1827.95028
G1 Z47.686 X128.377 Y84.002 E1827.99233
G1 Z47.687 X129.404 Y83.304 E1828.03438
G1 Z47.688 X130.473 Y82.671 E1828.07643
G1 Z47.689 X131.58 Y82.107 E1828.11848
G1 Z47.691 X132.72 Y81.614 E1828.16053
G1 Z47.692 X133.889 Y81.193 E1828.20258
G1 Z47.693 X135.082 Y80.846 E1828.24463
G1 Z47.694 X136.295 Y80.575 E1828.28668
G1 Z47.695 X137.522 Y80.381 E1828.32873
G1 Z47.696 X138.758 Y80.264 E1828.37078
G1 Z47.697 X140.004 Y80.225 E1828.41295
G1 Z47.715 X159.475 Y80.225 E1829.07204
G1 Z47.724 X159.475 Y90.225 E1829.41052
G1 Z47.725 X160.525 Y90.225 E1829.44607
G1 Z47.734 X160.525 Y80.225 E1829.78455
G1 Z47.751 X179.775 Y80.225 E1830.43614
G1 Z47.769 X179.775 Y99.475 E1831.08773
G1 Z47.778 X169.775 Y99.475 E1831.42622
G1 Z47.779 X169.775 Y100.525 E1831.46176
G1 Z47.788 X179.775 Y100.525 E1831.80025
G1 Z47.805 X179.775 Y119.775 E1832.45184
G1 Z47.841 X140.004 Y119.775 E1833.79806
G1 Z47.842 X138.758 Y119.736 E1833.84023
G1 Z47.843 X137.522 Y119.619 E1833.88228
G1 Z47.844 X136.295 Y119.425 E1833.92433
G1 Z47.846 X135.082 Y119.154 E1833.96638
G1 Z47.847 X133.889 Y118.807 E1834.00843
G1 Z47.848 X132.72 Y118.386 E1834.05048
G1 Z47.849 X131.58 Y117.893 E1834.09253
G1 Z47.850 X130.473 Y117.329 E1834.13458
G1 Z47.851 X129.404 Y116.696 E1834.17663
G1 Z47.852 X128.377 Y115.998 E1834.21868
G1 Z47.853 X127.395 Y115.237 E1834.26073
G1 Z47.855 X126.463 Y114.415 E1834.30278
G1 Z47.856 X125.585 Y113.537 E1834.34483
G1 Z47.857 X124.763 Y112.605 E1834.38688
G1 Z47.858 X124.002 Y111.623 E1834.42893
G1 Z47.859 X123.304 Y110.596 E1834.47098
G1 Z47.860 X122.671 Y109.527 E1834.51303
G1 Z47.861 X122.107 Y108.42 E1834.55508
G1 Z47.862 X121.614 Y107.28 E1834.59713
G1 Z47.864 X121.193 Y106.111 E1834.63918
G1 Z47.865 X120.846 Y104.918 E1834.68123
G1 Z47.866 X120.575 Y103.705 E1834.72328
G1 Z47.867 X120.381 Y102.478 E1834.76533
G1 Z47.868 X120.264 Y101.242 E1834.80738
G1 Z47.869 X120.225 Y100 E1834.84943
G1 Z47.870 X120.264 Y98.758 E1834.89148
G1 Z47.871 X120.381 Y97.522 E1834.93353
G1 Z47.873 X120.575 Y96.295 E1834.97558
G1 Z47.874 X120.846 Y95.082 E1835.01763
G1 Z47.875 X121.193 Y93.889 E1835.05968
G1 Z47.876 X121.614 Y92.72 E1835.10173
G1 Z47.877 X122.107 Y91.58 E1835.14378
G1 Z47.878 X122.671 Y90.473 E1835.18583
G1 Z47.879 X123.304 Y89.404 E1835.22788
G1 Z47.880 X123.738 Y88.765 E1835.25405
;LAYER_CHANGE
;Z:48.08
;HEIGHT:0.200001
G1 Z47.880 F600
G1 F6052
G1 Z47.880 X124.002 Y88.377 E1835.26993
G1 Z47.882 X124.763 Y87.395 E1835.31198
G1 Z47.883 X125.585 Y86.463 E1835.35403
G1 Z47.884 X126.463 Y85.585 E1835.39608
G1 Z47.885 X127.395 Y84.763 E1835.43813
G1 Z47.886 X128.377 Y84.002 E1835.48018
G1 Z47.887 X129.404 Y83.304 E1835.52223
G1 Z47.888 X130.473 Y82.671 E1835.56428
G1 Z47.889 X131.58 Y82.107 E1835.60633
G1 Z47.891 X132.72 Y81.614 E1835.64838
G1 Z47.892 X133.889 Y81.193 E1835.69043
G1 Z47.893 X135.082 Y80.846 E1835.73248
G1 Z47.894 X136.295 Y80.575 E1835.77453
G1 Z47.895 X137.522 Y80.381 E1835.81658
G1 Z47.896 X138.758 Y80.264 E1835.85863
G1 Z47.897 X140.004 Y80.225 E1835.9008
G1 Z47.915 X159.475 Y80.225 E1836.55988
G1 Z47.924 X159.475 Y90.225 E1836.89837
G1 Z47.925 X160.525 Y90.225 E1836.93391
G1 Z47.934 X160.525 Y80.225 E1837.2724
G1 Z47.951 X179.775 Y80.225 E1837.92399
G1 Z47.969 X179.775 Y99.475 E1838.57558
G1 Z47.978 X169.775 Y99.475 E1838.91407
G1 Z47.979 X169.775 Y100.525 E1838.94961
G1 Z47.988 X179.775 Y100.525 E1839.2881
G1 Z48.005 X179.775 Y119.775 E1839.93969
G1 Z48.041 X140.004 Y119.775 E1841.2859
G1 Z48.042 X138.758 Y119.736 E1841.32807
G1 Z48.043 X137.522 Y119.619 E1841.37012
G1 Z48.044 X136.295 Y119.425 E1841.41217
G1 Z48.046 X135.082 Y119.154 E1841.45422
G1 Z48.047 X133.889 Y118.807 E1841.49627
G1 Z48.048 X132.72 Y118.386 E1841.53832
G1 Z48.049 X131.58 Y117.893 E1841.58037
G1 Z48.050 X130.473 Y117.329 E1841.62242
G1 Z48.051 X129.404 Y116.696 E1841.66447
G1 Z48.052 X128.377 Y115.998 E1841.70652
G1 Z48.053 X127.395 Y115.237 E1841.74857
G1 Z48.055 X126.463 Y114.415 E1841.79062
G1 Z48.056 X125.585 Y113.537 E1841.83267
G1 Z48.057 X124.763 Y112.605 E1841.87472
G1 Z48.058 X124.002 Y111.623 E1841.91677
G1 Z48.059 X123.304 Y110.596 E1841.95882
G1 Z48.060 X122.671 Y109.527 E1842.00087
G1 Z48.061 X122.107 Y108.42 E1842.04292
G1 Z48.062 X121.614 Y107.28 E1842.08497
G1 Z48.064 X121.193 Y106.111 E1842.12702
G1 Z48.065 X120.846 Y104.918 E1842.16907
G1 Z48.066 X120.575 Y103.705 E1842.21112
G1 Z48.067 X120.381 Y102.478 E1842.25317
G1 Z48.068 X120.264 Y101.242 E1842.29522
G1 Z48.069 X120.225 Y100 E1842.33727
G1 Z48.070 X120.264 Y98.758 E1842.37932
G1 Z48.071 X120.381 Y97.522 E1842.42137
G1 Z48.073 X120.575 Y96.295 E1842.46342
G1 Z48.074 X120.846 Y95.082 E1842.50547
G1 Z48.075 X121.193 Y93.889 E1842.54752
G1 Z48.076 X121.555 Y92.884 E1842.58369
G1 Z48.077 X122.108 Y91.58 E1842.63164
G1 Z48.078 X122.671 Y90.473 E1842.67366
G1 Z48.079 X123.304 Y89.404 E1842.71571
G1 Z48.080 X123.738 Y88.765 E1842.74189
;LAYER_CHANGE
;Z:48.28
;HEIGHT:0.199997
G1 Z48.080 F600
G1 F6052
G1 Z48.080 X124.002 Y88.377 E1842.75776
G1 Z48.082 X124.763 Y87.395 E1842.79981
G1 Z48.083 X125.585 Y86.463 E1842.84186
G1 Z48.084 X126.463 Y85.585 E1842.88391
G1 Z48.085 X127.395 Y84.763 E1842.92596
G1 Z48.086 X128.377 Y84.002 E1842.96801
G1 Z48.087 X129.404 Y83.304 E1843.01006
G1 Z48.088 X130.473 Y82.671 E1843.05211
G1 Z48.089 X131.58 Y82.107 E1843.09416
G1 Z48.091 X132.72 Y81.614 E1843.13621
G1 Z48.092 X133.889 Y81.193 E1843.17826
G1 Z48.093 X135.082 Y80.846 E1843.22031
G1 Z48.094 X136.295 Y80.575 E1843.26236
G1 Z48.095 X137.522 Y80.381 E1843.30441
G1 Z48.096 X138.758 Y80.264 E1843.34646
G1 Z48.097 X140.004 Y80.225 E1843.38863
G1 Z48.115 X159.475 Y80.225 E1844.04772
G1 Z48.124 X159.475 Y90.225 E1844.3862
G1 Z48.125 X160.525 Y90.225 E1844.42175
G1 Z48.134 X160.525 Y80.225 E1844.76023
G1 Z48.151 X179.775 Y80.225 E1845.41182
G1 Z48.169 X179.775 Y99.475 E1846.06341
G1 Z48.178 X169.775 Y99.475 E1846.4019
G1 Z48.179 X169.775 Y100.525 E1846.43744
G1 Z48.188 X179.775 Y100.525 E1846.77593
G1 Z48.205 X179.775 Y119.775 E1847.42752
G1 Z48.241 X140.004 Y119.775 E1848.77374
G1 Z48.242 X138.758 Y119.736 E1848.81591
G1 Z48.243 X137.522 Y119.619 E1848.85796
G1 Z48.244 X136.295 Y119.425 E1848.90001
G1 Z48.246 X135.082 Y119.154 E1848.94206
G1 Z48.247 X133.889 Y118.807 E1848.98411
G1 Z48.248 X132.72 Y118.386 E1849.02616
G1 Z48.249 X131.58 Y117.893 E1849.06821
G1 Z48.250 X130.473 Y117.329 E1849.11026
G1 Z48.251 X129.404 Y116.696 E1849.15231
G1 Z48.252 X128.377 Y115.998 E1849.19436
G1 Z48.253 X127.395 Y115.237 E1849.23641
G1 Z48.255 X126.463 Y114.415 E1849.27846
G1 Z48.256 X125.585 Y113.537 E1849.32051
G1 Z48.257 X124.763 Y112.605 E1849.36256
G1 Z48.258 X124.09 Y111.737 E1849.39974
G1 Z48.259 X123.303 Y110.595 E1849.44667
G1 Z48.260 X122.671 Y109.527 E1849.4887
G1 Z48.261 X122.107 Y108.42 E1849.53075
G1 Z48.262 X121.614 Y107.28 E1849.5728
G1 Z48.264 X121.193 Y106.111 E1849.61485
G1 Z48.265 X120.846 Y104.918 E1849.6569
G1 Z48.266 X120.575 Y103.705 E1849.69895
G1 Z48.267 X120.381 Y102.478 E1849.741
G1 Z48.268 X120.264 Y101.242 E1849.78305
G1 Z48.269 X120.225 Y100 E1849.8251
G1 Z48.270 X120.264 Y98.758 E1849.86715
G1 Z48.271 X120.381 Y97.522 E1849.9092
G1 Z48.273 X120.575 Y96.295 E1849.95125
G1 Z48.274 X120.846 Y95.082 E1849.9933
G1 Z48.275 X121.193 Y93.889 E1850.03535
G1 Z48.276 X121.565 Y92.856 E1850.07253
G1 Z48.277 X122.107 Y91.58 E1850.11946
G1 Z48.278 X122.671 Y90.473 E1850.16149
G1 Z48.279 X123.304 Y89.404 E1850.20354
G1 Z48.280 X123.738 Y88.765 E1850.22971
;LAYER_CHANGE
;Z:48.48
;HEIGHT:0.200001
G1 Z48.280 F600
G1 F6052
G1 Z48.280 X124.002 Y88.377 E1850.24559
G1 Z48.282 X124.763 Y87.395 E1850.28764
G1 Z48.283 X125.585 Y86.463 E1850.32969
G1 Z48.284 X126.463 Y85.585 E1850.37174
G1 Z48.285 X127.395 Y84.763 E1850.41379
G1 Z48.286 X128.377 Y84.002 E1850.45584
G1 Z48.287 X129.404 Y83.304 E1850.49789
G1 Z48.288 X130.473 Y82.671 E1850.53994
G1 Z48.289 X131.58 Y82.107 E1850.58199
G1 Z48.291 X132.72 Y81.614 E1850.62404
G1 Z48.292 X133.889 Y81.193 E1850.66609
G1 Z48.293 X135.082 Y80.846 E1850.70814
G1 Z48.294 X136.295 Y80.575 E1850.75019
G1 Z48.295 X137.522 Y80.381 E1850.79224
G1 Z48.296 X138.758 Y80.264 E1850.83429
G1 Z48.297 X140.004 Y80.225 E1850.87646
G1 Z48.315 X159.475 Y80.225 E1851.53554
G1 Z48.324 X159.475 Y90.225 E1851.87403
G1 Z48.325 X160.525 Y90.225 E1851.90957
G1 Z48.334 X160.525 Y80.225 E1852.24806
G1 Z48.351 X179.775 Y80.225 E1852.89965
G1 Z48.369 X179.775 Y99.475 E1853.55124
G1 Z48.378 X169.775 Y99.475 E1853.88973
G1 Z48.379 X169.775 Y100.525 E1853.92527
G1 Z48.388 X179.775 Y100.525 E1854.26376
G1 Z48.405 X179.775 Y119.775 E1854.91535
G1 Z48.441 X140.004 Y119.775 E1856.26156
G1 Z48.442 X138.758 Y119.736 E1856.30373
G1 Z48.443 X137.522 Y119.619 E1856.34578
G1 Z48.444 X136.295 Y119.425 E1856.38783
G1 Z48.446 X135.082 Y119.154 E1856.42988
G1 Z48.447 X133.889 Y118.807 E1856.47193
G1 Z48.448 X132.72 Y118.386 E1856.51398
G1 Z48.449 X131.58 Y117.893 E1856.55603
G1 Z48.450 X130.473 Y117.329 E1856.59808
G1 Z48.451 X129.404 Y116.696 E1856.64013
G1 Z48.452 X128.377 Y115.998 E1856.68218
G1 Z48.453 X127.485 Y115.306 E1856.72039
G1 Z48.455 X126.463 Y114.415 E1856.7663
G1 Z48.456 X125.585 Y113.537 E1856.80833
G1 Z48.457 X124.763 Y112.605 E1856.85038
G1 Z48.458 X124.002 Y111.623 E1856.89243
G1 Z48.459 X123.304 Y110.596 E1856.93448
G1 Z48.460 X122.671 Y109.527 E1856.97653
G1 Z48.461 X122.107 Y108.42 E1857.01858
G1 Z48.462 X121.614 Y107.28 E1857.06063
G1 Z48.464 X121.193 Y106.111 E1857.10268
G1 Z48.465 X120.846 Y104.918 E1857.14473
G1 Z48.466 X120.575 Y103.705 E1857.18678
G1 Z48.467 X120.381 Y102.478 E1857.22883
G1 Z48.468 X120.264 Y101.242 E1857.27088
G1 Z48.469 X120.225 Y100 E1857.31293
G1 Z48.470 X120.264 Y98.758 E1857.35498
G1 Z48.471 X120.381 Y97.522 E1857.39703
G1 Z48.473 X120.575 Y96.295 E1857.43908
G1 Z48.474 X120.846 Y95.082 E1857.48113
G1 Z48.475 X121.193 Y93.889 E1857.52318
G1 Z48.476 X121.614 Y92.72 E1857.56523
G1 Z48.477 X122.107 Y91.58 E1857.60728
G1 Z48.478 X122.671 Y90.473 E1857.64933
G1 Z48.479 X123.304 Y89.404 E1857.69138
G1 Z48.480 X123.738 Y88.765 E1857.71755
;LAYER_CHANGE
;Z:48.68
;HEIGHT:0.200001
G1 Z48.480 F600
G1 F6052
G1 Z48.480 X124.002 Y88.377 E1857.73343
G1 Z48.482 X124.763 Y87.395 E1857.77548
G1 Z48.483 X125.585 Y86.463 E1857.81753
G1 Z48.484 X126.463 Y85.585 E1857.85958
G1 Z48.485 X127.395 Y84.763 E1857.90163
G1 Z48.486 X128.377 Y84.002 E1857.94368
G1 Z48.487 X129.404 Y83.304 E1857.98573
G1 Z48.488 X130.473 Y82.671 E1858.02778
G1 Z48.489 X131.58 Y82.107 E1858.06983
G1 Z48.491 X132.72 Y81.614 E1858.11188
G1 Z48.492 X133.889 Y81.193 E1858.15393
G1 Z48.493 X135.082 Y80.846 E1858.19598
G1 Z48.494 X136.295 Y80.575 E1858.23803
G1 Z48.495 X137.522 Y80.381 E1858.28008
G1 Z48.496 X138.758 Y80.264 E1858.32213
G1 Z48.497 X140.004 Y80.225 E1858.3643
G1 Z48.515 X159.475 Y80.225 E1859.02338
G1 Z48.524 X159.475 Y90.225 E1859.36187
G1 Z48.525 X160.525 Y90.225 E1859.39741
G1 Z48.534 X160.525 Y80.225 E1859.7359
G1 Z48.551 X179.775 Y80.225 E1860.38749
G1 Z48.569 X179.775 Y99.475 E1861.03908
G1 Z48.578 X169.775 Y99.475 E1861.37757
G1 Z48.579 X169.775 Y100.525 E1861.41311
G1 Z48.588 X179.775 Y100.525 E1861.7516
G1 Z48.605 X179.775 Y119.775 E1862.40319
G1 Z48.641 X140.004 Y119.775 E1863.7494
G1 Z48.642 X138.758 Y119.736 E1863.79157
G1 Z48.643 X137.522 Y119.619 E1863.83362
G1 Z48.644 X136.295 Y119.425 E1863.87567
G1 Z48.646 X135.082 Y119.154 E1863.91772
G1 Z48.647 X133.889 Y118.807 E1863.95977
G1 Z48.648 X132.72 Y118.386 E1864.00182
G1 Z48.649 X131.58 Y117.893 E1864.04387
G1 Z48.650 X130.473 Y117.329 E1864.08592
G1 Z48.651 X129.404 Y116.696 E1864.12797
G1 Z48.652 X128.377 Y115.998 E1864.17002
G1 Z48.653 X127.395 Y115.237 E1864.21207
G1 Z48.655 X126.463 Y114.415 E1864.25412
G1 Z48.656 X125.585 Y113.537 E1864.29617
G1 Z48.657 X124.763 Y112.605 E1864.33822
G1 Z48.658 X124.002 Y111.623 E1864.38027
G1 Z48.659 X123.304 Y110.596 E1864.42232
G1 Z48.660 X122.671 Y109.527 E1864.46437
G1 Z48.661 X122.107 Y108.42 E1864.50642
G1 Z48.662 X121.614 Y107.28 E1864.54847
G1 Z48.664 X121.193 Y106.111 E1864.59052
G1 Z48.665 X120.846 Y104.918 E1864.63257
G1 Z48.666 X120.575 Y103.705 E1864.67462
G1 Z48.667 X120.381 Y102.478 E1864.71667
G1 Z48.668 X120.264 Y101.242 E1864.75872
G1 Z48.669 X120.225 Y100 E1864.80077
G1 Z48.670 X120.264 Y98.758 E1864.84282
G1 Z48.671 X120.381 Y97.522 E1864.88487
G1 Z48.673 X120.575 Y96.295 E1864.92692
G1 Z48.674 X120.846 Y95.082 E1864.96897
G1 Z48.675 X121.193 Y93.889 E1865.01102
G1 Z48.676 X121.614 Y92.72 E1865.05307
G1 Z48.677 X122.107 Y91.58 E1865.09512
G1 Z48.678 X122.671 Y90.473 E1865.13717
G1 Z48.679 X123.304 Y89.404 E1865.17922
G1 Z48.680 X123.738 Y88.765 E1865.2054
;LAYER_CHANGE
;Z:48.88
;HEIGHT:0.200001
G1 Z48.680 F600
G1 F6052
G1 Z48.680 X124.002 Y88.377 E1865.22127
G1 Z48.682 X124.763 Y87.395 E1865.26332
G1 Z48.683 X125.585 Y86.463 E1865.30537
G1 Z48.684 X126.463 Y85.585 E1865.34742
G1 Z48.685 X127.395 Y84.763 E1865.38947
G1 Z48.686 X128.377 Y84.002 E1865.43152
G1 Z48.687 X129.404 Y83.304 E1865.47357
G1 Z48.688 X130.473 Y82.671 E1865.51562
G1 Z48.689 X131.58 Y82.107 E1865.55767
G1 Z48.691 X132.72 Y81.614 E1865.59972
G1 Z48.692 X133.889 Y81.193 E1865.64177
G1 Z48.693 X135.082 Y80.846 E1865.68382
G1 Z48.694 X136.295 Y80.575 E1865.72587
G1 Z48.695 X137.522 Y80.381 E1865.76792
G1 Z48.696 X138.758 Y80.264 E1865.80997
G1 Z48.697 X140.004 Y80.225 E1865.85214
G1 Z48.715 X159.475 Y80.225 E1866.51123
G1 Z48.724 X159.475 Y90.225 E1866.84972
G1 Z48.725 X160.525 Y90.225 E1866.88526
G1 Z48.734 X160.525 Y80.225 E1867.22375
G1 Z48.751 X179.775 Y80.225 E1867.87533
G1 Z48.769 X179.775 Y99.475 E1868.52692
G1 Z48.778 X169.775 Y99.475 E1868.86541
G1 Z48.779 X169.775 Y100.525 E1868.90095
G1 Z48.788 X179.775 Y100.525 E1869.23944
G1 Z48.805 X179.775 Y119.775 E1869.89103
G1 Z48.841 X140.004 Y119.775 E1871.23725
G1 Z48.842 X138.758 Y119.736 E1871.27942
G1 Z48.843 X137.522 Y119.619 E1871.32147
G1 Z48.844 X136.295 Y119.425 E1871.36352
G1 Z48.846 X135.082 Y119.154 E1871.40557
G1 Z48.847 X133.889 Y118.807 E1871.44762
G1 Z48.848 X132.72 Y118.386 E1871.48967
G1 Z48.849 X131.58 Y117.893 E1871.53172
G1 Z48.850 X130.473 Y117.329 E1871.57377
G1 Z48.851 X129.404 Y116.696 E1871.61582
G1 Z48.852 X128.377 Y115.998 E1871.65787
G1 Z48.853 X127.395 Y115.237 E1871.69992
G1 Z48.855 X126.463 Y114.415 E1871.74197
G1 Z48.856 X125.585 Y113.537 E1871.78402
G1 Z48.857 X124.763 Y112.605 E1871.82607
G1 Z48.858 X124.002 Y111.623 E1871.86812
G1 Z48.859 X123.304 Y110.596 E1871.91017
G1 Z48.860 X122.671 Y109.527 E1871.95222
G1 Z48.861 X122.107 Y108.42 E1871.99427
G1 Z48.862 X121.614 Y107.28 E1872.03632
G1 Z48.864 X121.193 Y106.111 E1872.07837
G1 Z48.865 X120.846 Y104.918 E1872.12042
G1 Z48.866 X120.575 Y103.705 E1872.16247
G1 Z48.867 X120.381 Y102.478 E1872.20452
G1 Z48.868 X120.264 Y101.242 E1872.24657
G1 Z48.869 X120.225 Y100 E1872.28862
G1 Z48.870 X120.264 Y98.758 E1872.33067
G1 Z48.871 X120.381 Y97.522 E1872.37272
G1 Z48.873 X120.575 Y96.295 E1872.41477
G1 Z48.874 X120.846 Y95.082 E1872.45682
G1 Z48.875 X121.193 Y93.889 E1872.49887
G1 Z48.876 X121.614 Y92.72 E1872.54092
G1 Z48.877 X122.107 Y91.58 E1872.58297
G1 Z48.878 X122.671 Y90.473 E1872.62502
G1 Z48.879 X123.304 Y89.404 E1872.66707
G1 Z48.880 X123.738 Y88.765 E1872.69324
;LAYER_CHANGE
;Z:49.08
;HEIGHT:0.200001
G1 Z48.880 F600
G1 F6052
G1 Z48.880 X124.002 Y88.377 E1872.70912
G1 Z48.882 X124.749 Y87.414 E1872.75037
G1 Z48.883 X125.585 Y86.463 E1872.79322
G1 Z48.884 X126.463 Y85.585 E1872.83527
G1 Z48.885 X127.395 Y84.763 E1872.87732
G1 Z48.886 X128.377 Y84.002 E1872.91937
G1 Z48.887 X129.404 Y83.304 E1872.96142
G1 Z48.888 X130.473 Y82.671 E1873.00347
G1 Z48.889 X131.58 Y82.107 E1873.04552
G1 Z48.891 X132.72 Y81.614 E1873.08757
G1 Z48.892 X133.889 Y81.193 E1873.12962
G1 Z48.893 X135.082 Y80.846 E1873.17167
G1 Z48.894 X136.295 Y80.575 E1873.21372
G1 Z48.895 X137.522 Y80.381 E1873.25577
G1 Z48.896 X138.758 Y80.264 E1873.29782
G1 Z48.897 X140.004 Y80.225 E1873.33999
G1 Z48.915 X159.475 Y80.225 E1873.99907
G1 Z48.924 X159.475 Y90.225 E1874.33756
G1 Z48.925 X160.525 Y90.225 E1874.3731
G1 Z48.934 X160.525 Y80.225 E1874.71159
G1 Z48.951 X179.775 Y80.225 E1875.36318
G1 Z48.969 X179.775 Y99.475 E1876.01477
G1 Z48.978 X169.775 Y99.475 E1876.35326
G1 Z48.979 X169.775 Y100.525 E1876.3888
G1 Z48.988 X179.775 Y100.525 E1876.72729
G1 Z49.005 X179.775 Y119.775 E1877.37888
G1 Z49.041 X140.004 Y119.775 E1878.72509
G1 Z49.042 X138.758 Y119.736 E1878.76726
G1 Z49.043 X137.522 Y119.619 E1878.80931
G1 Z49.044 X136.295 Y119.425 E1878.85136
G1 Z49.046 X135.082 Y119.154 E1878.89341
G1 Z49.047 X133.889 Y118.807 E1878.93546
G1 Z49.048 X132.72 Y118.386 E1878.97751
G1 Z49.049 X131.58 Y117.893 E1879.01956
G1 Z49.050 X130.473 Y117.329 E1879.06161
G1 Z49.051 X129.404 Y116.696 E1879.10366
G1 Z49.052 X128.377 Y115.998 E1879.14571
G1 Z49.053 X127.395 Y115.237 E1879.18776
G1 Z49.055 X126.463 Y114.415 E1879.22981
G1 Z49.056 X125.585 Y113.537 E1879.27186
G1 Z49.057 X124.763 Y112.605 E1879.31391
G1 Z49.058 X124.002 Y111.623 E1879.35596
G1 Z49.059 X123.304 Y110.596 E1879.39801
G1 Z49.060 X122.671 Y109.527 E1879.44006
G1 Z49.061 X122.107 Y108.42 E1879.48211
G1 Z49.062 X121.614 Y107.28 E1879.52416
G1 Z49.064 X121.193 Y106.111 E1879.56621
G1 Z49.065 X120.846 Y104.918 E1879.60826
G1 Z49.066 X120.575 Y103.705 E1879.65031
G1 Z49.067 X120.381 Y102.478 E1879.69236
G1 Z49.068 X120.264 Y101.242 E1879.73441
G1 Z49.069 X120.225 Y100 E1879.77646
G1 Z49.070 X120.263 Y98.782 E1879.81772
G1 Z49.071 X120.381 Y97.521 E1879.86056
G1 Z49.073 X120.575 Y96.295 E1879.90261
G1 Z49.074 X120.846 Y95.082 E1879.94466
G1 Z49.075 X121.193 Y93.889 E1879.98671
G1 Z49.076 X121.606 Y92.742 E1880.02797
G1 Z49.077 X122.107 Y91.58 E1880.07081
G1 Z49.078 X122.671 Y90.473 E1880.11286
G1 Z49.079 X123.304 Y89.404 E1880.15491
G1 Z49.080 X123.738 Y88.765 E1880.18108
G1 E1879.18108 F6000
M201 X10000 Y10000 Z500 E6000 ; Reset accelerate limit  
G92 E0
M107
M220 S100
M204 S3000 ; Reset default accelerate
M593 P1 F50 ; Reset default shaper
;TYPE:Custom
; Filament-specific end gcode 
;END gcode for filament
M140 S0
;End GCode begin
M104 S0 ;extruder heater off
M140 S0 ;heated bed heater off (if you have it)
G90 ;absolute positioning
G92 E0
G1 E-2 F300 ;retract the filament a bit before lifting the nozzle, to release some of the pressure
G1 Z200 E-1 F1500 ;move Z up a bit and retract filament even more
G1 X10 F3000 ;move X to min endstops, so the head is out of the way
G1 Y10 F3000 ;so the head is out of the way and Plate is moved forward
M84 ;steppers off
;End GCode end
M82 ;absolute extrusion mode
M104 S0
M107
;End of Gcode